city::multi-filter,zone,zone type::multi-filter,keyword::multi-filter
Agartala,Agartala-Cityinventory,SUPERZONE,General Physician
Agartala,Agartala-Cityinventory,SUPERZONE,General Physician
Agra,Agra-Cityinventory,SUPERZONE,Dietitian
Agra,Agra-Cityinventory,SUPERZONE,General Dentistry
Agra,Kamla Nagar,ZONE,General Dentistry
Agra,Agra-Cityinventory,SUPERZONE,General Gynecology
Agra,Agra-Cityinventory,SUPERZONE,General Pediatrics
Agra,Agra-Cityinventory,SUPERZONE,Neurologist
Agra,Agra-Cityinventory,SUPERZONE,Gastroenterologist
Agra,Agra-Cityinventory,SUPERZONE,General Surgeon
Agra,Agra-Cityinventory,SUPERZONE,General Ophthalmology
Agra,Taj Ganj,ZONE,General Physician
Agra,Agra-Cityinventory,SUPERZONE,General Alt Medicine
Agra,Kamla Nagar,ZONE,General Dermatology
Agra,Agra-Cityinventory,SUPERZONE,General Psychiatry
Agra,Agra-Cityinventory,SUPERZONE,Orthopaedics
Agra,Agra-Cityinventory,SUPERZONE,General Physician
Agra,Agra-Cityinventory,SUPERZONE,Urologist
Agra,Kamla Nagar,ZONE,General Gynecology
Agra,Delhi Gate,ZONE,General Physician
Agra,Agra-Cityinventory,SUPERZONE,Nephrologist
Agra,Agra-Cityinventory,SUPERZONE,ENT
Agra,Agra-Cityinventory,SUPERZONE,Sexologist
Agra,Agra-Cityinventory,SUPERZONE,Hair Transplant
Agra,Kamla Nagar,ZONE,General Physician
Agra,Agra-Cityinventory,SUPERZONE,Cardiologist
Agra,Agra-Cityinventory,SUPERZONE,Homeopathy
Agra,Agra-Cityinventory,SUPERZONE,Oncologist
Agra,Agra-Cityinventory,SUPERZONE,Pulmonologist
Agra,Agra-Cityinventory,SUPERZONE,Cosmetic/Plastic Surgeon
Agra,Agra-Cityinventory,SUPERZONE,General Dermatology
Agra,Agra-Cityinventory,SUPERZONE,Physiotherapist
Agra,Delhi Gate,ZONE,General Physician
Agra,Kamla Nagar,ZONE,General Physician
Agra,Agra-Cityinventory,SUPERZONE,Hair Transplant
Agra,Agra-Cityinventory,SUPERZONE,Orthopaedics
Agra,Agra-Cityinventory,SUPERZONE,Cardiologist
Agra,Agra-Cityinventory,SUPERZONE,General Ophthalmology
Agra,Agra-Cityinventory,SUPERZONE,Dietitian
Agra,Agra-Cityinventory,SUPERZONE,Cosmetic/Plastic Surgeon
Agra,Taj Ganj,ZONE,General Physician
Agra,Agra-Cityinventory,SUPERZONE,General Gynecology
Agra,Agra-Cityinventory,SUPERZONE,Homeopathy
Agra,Kamla Nagar,ZONE,General Gynecology
Agra,Agra-Cityinventory,SUPERZONE,Sexologist
Agra,Kamla Nagar,ZONE,General Dentistry
Agra,Agra-Cityinventory,SUPERZONE,Urologist
Agra,Agra-Cityinventory,SUPERZONE,General Pediatrics
Agra,Agra-Cityinventory,SUPERZONE,Pulmonologist
Agra,Agra-Cityinventory,SUPERZONE,General Surgeon
Agra,Agra-Cityinventory,SUPERZONE,Oncologist
Agra,Agra-Cityinventory,SUPERZONE,General Dentistry
Agra,Agra-Cityinventory,SUPERZONE,General Alt Medicine
Agra,Agra-Cityinventory,SUPERZONE,Nephrologist
Agra,Agra-Cityinventory,SUPERZONE,Neurologist
Agra,Agra-Cityinventory,SUPERZONE,General Physician
Agra,Agra-Cityinventory,SUPERZONE,General Psychiatry
Agra,Agra-Cityinventory,SUPERZONE,General Dermatology
Agra,Agra-Cityinventory,SUPERZONE,Physiotherapist
Agra,Agra-Cityinventory,SUPERZONE,ENT
Agra,Agra-Cityinventory,SUPERZONE,Gastroenterologist
Ahmedabad,Satellite,ZONE,Cosmetic/Plastic Surgeon
Ahmedabad,Satellite,ZONE,Neurologist
Ahmedabad,Ahmedabad-Cityinventory,SUPERZONE,General Dentistry
Ahmedabad,Memnagar,ZONE,Hair Transplant
Ahmedabad,Saraspur,ZONE,Sexologist
Ahmedabad,Saraspur,ZONE,Gastroenterologist
Ahmedabad,Ahmedabad-Cityinventory,SUPERZONE,Homeopathy
Ahmedabad,Paldi,ZONE,Orthopaedics
Ahmedabad,Maninagar,ZONE,General Dentistry
Ahmedabad,Paldi,ZONE,ENT
Ahmedabad,Naranpura,ZONE,Orthopaedics
Ahmedabad,Naranpura,ZONE,ENT
Ahmedabad,Memnagar,ZONE,Neurologist
Ahmedabad,Ahmedabad-Cityinventory,SUPERZONE,Audiologist
Ahmedabad,Memnagar,ZONE,General Gynecology
Ahmedabad,Paldi,ZONE,General Psychiatry
Ahmedabad,Naranpura,ZONE,Nephrologist
Ahmedabad,Naranpura,ZONE,Neurologist
Ahmedabad,Maninagar,ZONE,Orthopaedics
Ahmedabad,Ahmedabad-Cityinventory,SUPERZONE,Cardiologist
Ahmedabad,Paldi,ZONE,Gastroenterologist
Ahmedabad,Memnagar,ZONE,General Physician
Ahmedabad,Satellite,ZONE,Physiotherapist
Ahmedabad,Saraspur,ZONE,General Physician
Ahmedabad,Ahmedabad-Cityinventory,SUPERZONE,General Alt Medicine
Ahmedabad,Naranpura,ZONE,General Physician
Ahmedabad,Ahmedabad-Cityinventory,SUPERZONE,General Surgeon
Ahmedabad,Saraspur,ZONE,Cosmetic/Plastic Surgeon
Ahmedabad,Paldi,ZONE,Neurologist
Ahmedabad,Ahmedabad-Cityinventory,SUPERZONE,Pulmonologist
Ahmedabad,Maninagar,ZONE,Physiotherapist
Ahmedabad,Satellite,ZONE,General Gynecology
Ahmedabad,Ahmedabad-Cityinventory,SUPERZONE,Nephrologist
Ahmedabad,Satellite,ZONE,General Psychiatry
Ahmedabad,Saraspur,ZONE,General Ophthalmology
Ahmedabad,Naranpura,ZONE,General Dentistry
Ahmedabad,Satellite,ZONE,Hair Transplant
Ahmedabad,Satellite,ZONE,General Ophthalmology
Ahmedabad,Ahmedabad-Cityinventory,SUPERZONE,General Pediatrics
Ahmedabad,Maninagar,ZONE,Sexologist
Ahmedabad,Maninagar,ZONE,General Ophthalmology
Ahmedabad,Saraspur,ZONE,General Gynecology
Ahmedabad,Memnagar,ZONE,ENT
Ahmedabad,Satellite,ZONE,General Physician
Ahmedabad,Satellite,ZONE,General Dentistry
Ahmedabad,Ahmedabad-Cityinventory,SUPERZONE,Endocrinologist
Ahmedabad,Maninagar,ZONE,General Gynecology
Ahmedabad,Maninagar,ZONE,Urologist
Ahmedabad,Ahmedabad-Cityinventory,SUPERZONE,Physiotherapist
Ahmedabad,Naranpura,ZONE,General Dermatology
Ahmedabad,Satellite,ZONE,ENT
Ahmedabad,Saraspur,ZONE,Hair Transplant
Ahmedabad,Satellite,ZONE,Orthopaedics
Ahmedabad,Ahmedabad-Cityinventory,SUPERZONE,Dietitian
Ahmedabad,Maninagar,ZONE,Neurologist
Ahmedabad,Ahmedabad-Cityinventory,SUPERZONE,Neurologist
Ahmedabad,Memnagar,ZONE,Gastroenterologist
Ahmedabad,Ahmedabad-Cityinventory,SUPERZONE,General Gynecology
Ahmedabad,Ahmedabad-Cityinventory,SUPERZONE,Gastroenterologist
Ahmedabad,Naranpura,ZONE,General Gynecology
Ahmedabad,Satellite,ZONE,General Dermatology
Ahmedabad,Naranpura,ZONE,General Surgeon
Ahmedabad,Memnagar,ZONE,Orthopaedics
Ahmedabad,Paldi,ZONE,General Dentistry
Ahmedabad,Paldi,ZONE,Hair Transplant
Ahmedabad,Maninagar,ZONE,General Dermatology
Ahmedabad,Naranpura,ZONE,Gastroenterologist
Ahmedabad,Saraspur,ZONE,Oncologist
Ahmedabad,Saraspur,ZONE,Cardiologist
Ahmedabad,Ahmedabad-Cityinventory,SUPERZONE,General Ophthalmology
Ahmedabad,Maninagar,ZONE,General Psychiatry
Ahmedabad,Ahmedabad-Cityinventory,SUPERZONE,Speech Therapist
Ahmedabad,Maninagar,ZONE,ENT
Ahmedabad,Paldi,ZONE,General Dermatology
Ahmedabad,Paldi,ZONE,General Physician
Ahmedabad,Memnagar,ZONE,General Dentistry
Ahmedabad,Ahmedabad-Cityinventory,SUPERZONE,General Psychiatry
Ahmedabad,Saraspur,ZONE,General Psychiatry
Ahmedabad,Ahmedabad-Cityinventory,SUPERZONE,General Dermatology
Ahmedabad,Ahmedabad-Cityinventory,SUPERZONE,Oncologist
Ahmedabad,Maninagar,ZONE,Homeopathy
Ahmedabad,Ahmedabad-Cityinventory,SUPERZONE,General Physician
Ahmedabad,Ahmedabad-Cityinventory,SUPERZONE,Cosmetic/Plastic Surgeon
Ahmedabad,Ahmedabad-Cityinventory,SUPERZONE,Urologist
Ahmedabad,Saraspur,ZONE,Pulmonologist
Ahmedabad,Ahmedabad-Cityinventory,SUPERZONE,ENT
Ahmedabad,Satellite,ZONE,Gastroenterologist
Ahmedabad,Saraspur,ZONE,Orthopaedics
Ahmedabad,Naranpura,ZONE,General Ophthalmology
Ahmedabad,Maninagar,ZONE,Gastroenterologist
Ahmedabad,Ahmedabad-Cityinventory,SUPERZONE,Veterinarian
Ahmedabad,Saraspur,ZONE,General Dentistry
Ahmedabad,Satellite,ZONE,General Pediatrics
Ahmedabad,Ahmedabad-Cityinventory,SUPERZONE,Sexologist
Ahmedabad,Saraspur,ZONE,ENT
Ahmedabad,Naranpura,ZONE,General Psychiatry
Ahmedabad,Naranpura,ZONE,Physiotherapist
Ahmedabad,Memnagar,ZONE,General Dermatology
Ahmedabad,Ahmedabad-Cityinventory,SUPERZONE,Orthopaedics
Ahmedabad,Maninagar,ZONE,General Physician
Ahmedabad,Saraspur,ZONE,General Dermatology
Ahmedabad,Saraspur,ZONE,Neurologist
Ahmedabad,Paldi,ZONE,General Pediatrics
Ahmedabad,Ahmedabad-Cityinventory,SUPERZONE,Hair Transplant
Ahmedabad,Paldi,ZONE,General Gynecology
Ahmedabad,Saraspur,ZONE,Nephrologist
Ahmedabad,Naranpura,ZONE,Urologist
Ahmedabad,Memnagar,ZONE,General Ophthalmology
Ahmedabad,Saraspur,ZONE,Urologist
Ahmedabad,Ahmedabad-Cityinventory,SUPERZONE,ENT
Ahmedabad,Saraspur,ZONE,Hair Transplant
Ahmedabad,Saraspur,ZONE,General Ophthalmology
Ahmedabad,Ahmedabad-Cityinventory,SUPERZONE,Homeopathy
Ahmedabad,Maninagar,ZONE,General Psychiatry
Ahmedabad,Ahmedabad-Cityinventory,SUPERZONE,Sexologist
Ahmedabad,Memnagar,ZONE,Neurologist
Ahmedabad,Satellite,ZONE,General Gynecology
Ahmedabad,Naranpura,ZONE,General Psychiatry
Ahmedabad,Saraspur,ZONE,General Dentistry
Ahmedabad,Memnagar,ZONE,General Dermatology
Ahmedabad,Ahmedabad-Cityinventory,SUPERZONE,General Pediatrics
Ahmedabad,Naranpura,ZONE,Gastroenterologist
Ahmedabad,Memnagar,ZONE,ENT
Ahmedabad,Ahmedabad-Cityinventory,SUPERZONE,Physiotherapist
Ahmedabad,Satellite,ZONE,General Psychiatry
Ahmedabad,Paldi,ZONE,General Dentistry
Ahmedabad,Satellite,ZONE,General Physician
Ahmedabad,Saraspur,ZONE,Sexologist
Ahmedabad,Satellite,ZONE,General Dermatology
Ahmedabad,Maninagar,ZONE,General Dentistry
Ahmedabad,Ahmedabad-Cityinventory,SUPERZONE,General Dentistry
Ahmedabad,Saraspur,ZONE,Pulmonologist
Ahmedabad,Maninagar,ZONE,General Dermatology
Ahmedabad,Satellite,ZONE,ENT
Ahmedabad,Paldi,ZONE,ENT
Ahmedabad,Naranpura,ZONE,ENT
Ahmedabad,Saraspur,ZONE,Neurologist
Ahmedabad,Ahmedabad-Cityinventory,SUPERZONE,Hair Transplant
Ahmedabad,Satellite,ZONE,General Dentistry
Ahmedabad,Maninagar,ZONE,Neurologist
Ahmedabad,Maninagar,ZONE,Gastroenterologist
Ahmedabad,Paldi,ZONE,Hair Transplant
Ahmedabad,Maninagar,ZONE,General Physician
Ahmedabad,Saraspur,ZONE,General Dermatology
Ahmedabad,Ahmedabad-Cityinventory,SUPERZONE,General Dermatology
Ahmedabad,Maninagar,ZONE,Urologist
Ahmedabad,Satellite,ZONE,Cosmetic/Plastic Surgeon
Ahmedabad,Naranpura,ZONE,General Surgeon
Ahmedabad,Saraspur,ZONE,General Psychiatry
Ahmedabad,Saraspur,ZONE,Orthopaedics
Ahmedabad,Paldi,ZONE,General Physician
Ahmedabad,Memnagar,ZONE,General Physician
Ahmedabad,Saraspur,ZONE,Cosmetic/Plastic Surgeon
Ahmedabad,Ahmedabad-Cityinventory,SUPERZONE,Nephrologist
Ahmedabad,Ahmedabad-Cityinventory,SUPERZONE,Urologist
Ahmedabad,Ahmedabad-Cityinventory,SUPERZONE,General Gynecology
Ahmedabad,Ahmedabad-Cityinventory,SUPERZONE,Cardiologist
Ahmedabad,Naranpura,ZONE,Orthopaedics
Ahmedabad,Maninagar,ZONE,General Ophthalmology
Ahmedabad,Memnagar,ZONE,Gastroenterologist
Ahmedabad,Ahmedabad-Cityinventory,SUPERZONE,Oncologist
Ahmedabad,Memnagar,ZONE,General Gynecology
Ahmedabad,Naranpura,ZONE,General Physician
Ahmedabad,Satellite,ZONE,Gastroenterologist
Ahmedabad,Ahmedabad-Cityinventory,SUPERZONE,Endocrinologist
Ahmedabad,Satellite,ZONE,Hair Transplant
Ahmedabad,Maninagar,ZONE,Homeopathy
Ahmedabad,Paldi,ZONE,General Dermatology
Ahmedabad,Paldi,ZONE,Gastroenterologist
Ahmedabad,Ahmedabad-Cityinventory,SUPERZONE,General Alt Medicine
Ahmedabad,Saraspur,ZONE,Oncologist
Ahmedabad,Ahmedabad-Cityinventory,SUPERZONE,General Ophthalmology
Ahmedabad,Saraspur,ZONE,ENT
Ahmedabad,Saraspur,ZONE,Urologist
Ahmedabad,Maninagar,ZONE,Orthopaedics
Ahmedabad,Saraspur,ZONE,Gastroenterologist
Ahmedabad,Satellite,ZONE,Neurologist
Ahmedabad,Ahmedabad-Cityinventory,SUPERZONE,Cosmetic/Plastic Surgeon
Ahmedabad,Paldi,ZONE,General Gynecology
Ahmedabad,Saraspur,ZONE,General Physician
Ahmedabad,Ahmedabad-Cityinventory,SUPERZONE,Speech Therapist
Ahmedabad,Ahmedabad-Cityinventory,SUPERZONE,Neurologist
Ahmedabad,Ahmedabad-Cityinventory,SUPERZONE,General Psychiatry
Ahmedabad,Maninagar,ZONE,ENT
Ahmedabad,Ahmedabad-Cityinventory,SUPERZONE,Dietitian
Ahmedabad,Saraspur,ZONE,General Gynecology
Ahmedabad,Naranpura,ZONE,Nephrologist
Ahmedabad,Naranpura,ZONE,General Dentistry
Ahmedabad,Ahmedabad-Cityinventory,SUPERZONE,Orthopaedics
Ahmedabad,Memnagar,ZONE,Hair Transplant
Ahmedabad,Memnagar,ZONE,General Dentistry
Ahmedabad,Saraspur,ZONE,Cardiologist
Ahmedabad,Ahmedabad-Cityinventory,SUPERZONE,Audiologist
Ahmedabad,Satellite,ZONE,Orthopaedics
Ahmedabad,Paldi,ZONE,Orthopaedics
Ahmedabad,Saraspur,ZONE,Nephrologist
Ahmedabad,Ahmedabad-Cityinventory,SUPERZONE,Veterinarian
Ahmedabad,Naranpura,ZONE,General Gynecology
Ahmedabad,Ahmedabad-Cityinventory,SUPERZONE,Gastroenterologist
Ahmedabad,Maninagar,ZONE,General Gynecology
Ahmedabad,Ahmedabad-Cityinventory,SUPERZONE,General Physician
Ahmedabad,Ahmedabad-Cityinventory,SUPERZONE,General Surgeon
Ahmedabad,Ahmedabad-Cityinventory,SUPERZONE,Pulmonologist
Ahmedabad,Naranpura,ZONE,General Dermatology
Ahmedabad,Maninagar,ZONE,Sexologist
Ahmedabad,Naranpura,ZONE,General Ophthalmology
Ahmednagar,Ahmednagar-Cityinventory,SUPERZONE,Orthopaedics
Ahmednagar,Ahmednagar-Cityinventory,SUPERZONE,General Dermatology
Ahmednagar,Ahmednagar-Cityinventory,SUPERZONE,Orthopaedics
Ahmednagar,Ahmednagar-Cityinventory,SUPERZONE,General Dermatology
Ajmer,Ajmer-Cityinventory,SUPERZONE,Gastroenterologist
Ajmer,Ajmer-Cityinventory,SUPERZONE,General Physician
Ajmer,Ajmer-Cityinventory,SUPERZONE,Sexologist
Ajmer,Ajmer-Cityinventory,SUPERZONE,General Dentistry
Ajmer,Ajmer-Cityinventory,SUPERZONE,General Dentistry
Ajmer,Ajmer-Cityinventory,SUPERZONE,Sexologist
Ajmer,Ajmer-Cityinventory,SUPERZONE,Gastroenterologist
Ajmer,Ajmer-Cityinventory,SUPERZONE,General Physician
Akola,Akola-Cityinventory,SUPERZONE,General Physician
Akola,Akola-Cityinventory,SUPERZONE,General Physician
Aligarh,Aligarh-Cityinventory,SUPERZONE,General Dermatology
Aligarh,Aligarh-Cityinventory,SUPERZONE,Orthopaedics
Aligarh,Aligarh-Cityinventory,SUPERZONE,General Gynecology
Aligarh,Aligarh-Cityinventory,SUPERZONE,Gastroenterologist
Aligarh,Aligarh-Cityinventory,SUPERZONE,General Physician
Aligarh,Aligarh-Cityinventory,SUPERZONE,General Ophthalmology
Aligarh,Aligarh-Cityinventory,SUPERZONE,Pulmonologist
Aligarh,Aligarh-Cityinventory,SUPERZONE,Hair Transplant
Aligarh,Aligarh-Cityinventory,SUPERZONE,Sexologist
Aligarh,Aligarh-Cityinventory,SUPERZONE,General Psychiatry
Aligarh,Aligarh-Cityinventory,SUPERZONE,General Alt Medicine
Aligarh,Aligarh-Cityinventory,SUPERZONE,General Dentistry
Aligarh,Aligarh-Cityinventory,SUPERZONE,General Ophthalmology
Aligarh,Aligarh-Cityinventory,SUPERZONE,General Dermatology
Aligarh,Aligarh-Cityinventory,SUPERZONE,Pulmonologist
Aligarh,Aligarh-Cityinventory,SUPERZONE,General Physician
Aligarh,Aligarh-Cityinventory,SUPERZONE,General Psychiatry
Aligarh,Aligarh-Cityinventory,SUPERZONE,General Alt Medicine
Aligarh,Aligarh-Cityinventory,SUPERZONE,General Dentistry
Aligarh,Aligarh-Cityinventory,SUPERZONE,Hair Transplant
Aligarh,Aligarh-Cityinventory,SUPERZONE,Gastroenterologist
Aligarh,Aligarh-Cityinventory,SUPERZONE,General Gynecology
Aligarh,Aligarh-Cityinventory,SUPERZONE,Orthopaedics
Aligarh,Aligarh-Cityinventory,SUPERZONE,Sexologist
Allahabad,Allahabad-Cityinventory,SUPERZONE,General Physician
Allahabad,Allahabad-Cityinventory,SUPERZONE,General Psychiatry
Allahabad,Allahabad-Cityinventory,SUPERZONE,Physiotherapist
Allahabad,Allahabad-Cityinventory,SUPERZONE,General Dentistry
Allahabad,Allahabad-Cityinventory,SUPERZONE,Neurologist
Allahabad,Allahabad-Cityinventory,SUPERZONE,Hair Transplant
Allahabad,Allahabad-Cityinventory,SUPERZONE,Gastroenterologist
Allahabad,Allahabad,ZONE,General Surgeon
Allahabad,Allahabad-Cityinventory,SUPERZONE,Cosmetic/Plastic Surgeon
Allahabad,Allahabad,ZONE,General Physician
Allahabad,Allahabad,ZONE,General Gynecology
Allahabad,Allahabad-Cityinventory,SUPERZONE,Pulmonologist
Allahabad,Allahabad-Cityinventory,SUPERZONE,General Alt Medicine
Allahabad,Allahabad-Cityinventory,SUPERZONE,Homeopathy
Allahabad,Allahabad-Cityinventory,SUPERZONE,General Ophthalmology
Allahabad,Allahabad-Cityinventory,SUPERZONE,ENT
Allahabad,Allahabad-Cityinventory,SUPERZONE,General Pediatrics
Allahabad,Allahabad-Cityinventory,SUPERZONE,General Gynecology
Allahabad,Allahabad-Cityinventory,SUPERZONE,Sexologist
Allahabad,Allahabad-Cityinventory,SUPERZONE,General Dermatology
Allahabad,Allahabad,ZONE,General Dentistry
Allahabad,Allahabad-Cityinventory,SUPERZONE,Endocrinologist
Allahabad,Allahabad-Cityinventory,SUPERZONE,Orthopaedics
Allahabad,Allahabad-Cityinventory,SUPERZONE,General Surgeon
Allahabad,Allahabad-Cityinventory,SUPERZONE,General Pediatrics
Allahabad,Allahabad-Cityinventory,SUPERZONE,Physiotherapist
Allahabad,Allahabad,ZONE,ENT
Allahabad,Allahabad-Cityinventory,SUPERZONE,ENT
Allahabad,Allahabad-Cityinventory,SUPERZONE,Sexologist
Allahabad,Allahabad,ZONE,General Gynecology
Allahabad,Allahabad-Cityinventory,SUPERZONE,General Alt Medicine
Allahabad,Allahabad,ZONE,Orthopaedics
Allahabad,Allahabad-Cityinventory,SUPERZONE,Hair Transplant
Allahabad,Allahabad-Cityinventory,SUPERZONE,Neurologist
Allahabad,Allahabad-Cityinventory,SUPERZONE,Cosmetic/Plastic Surgeon
Allahabad,Allahabad,ZONE,General Dentistry
Allahabad,Allahabad-Cityinventory,SUPERZONE,Homeopathy
Allahabad,Allahabad-Cityinventory,SUPERZONE,Pulmonologist
Allahabad,Allahabad-Cityinventory,SUPERZONE,General Physician
Allahabad,Allahabad-Cityinventory,SUPERZONE,Gastroenterologist
Allahabad,Allahabad-Cityinventory,SUPERZONE,Orthopaedics
Allahabad,Allahabad-Cityinventory,SUPERZONE,General Dermatology
Allahabad,Allahabad-Cityinventory,SUPERZONE,General Dentistry
Allahabad,Allahabad-Cityinventory,SUPERZONE,General Ophthalmology
Allahabad,Allahabad,ZONE,General Physician
Allahabad,Allahabad-Cityinventory,SUPERZONE,Endocrinologist
Allahabad,Allahabad-Cityinventory,SUPERZONE,General Gynecology
Allahabad,Allahabad-Cityinventory,SUPERZONE,General Surgeon
Allahabad,Allahabad-Cityinventory,SUPERZONE,General Psychiatry
Allahabad,Allahabad,ZONE,General Dermatology
Alwar,Alwar-Cityinventory,SUPERZONE,General Physician
Alwar,Alwar-Cityinventory,SUPERZONE,General Physician
Ambala,Ambala-Cityinventory,SUPERZONE,General Physician
Ambala,Ambala-Cityinventory,SUPERZONE,General Dentistry
Ambala,Ambala-Cityinventory,SUPERZONE,Gastroenterologist
Ambala,Ambala-Cityinventory,SUPERZONE,Gastroenterologist
Ambala,Ambala-Cityinventory,SUPERZONE,General Physician
Ambala,Ambala-Cityinventory,SUPERZONE,General Dentistry
Amravati,Amravati-Cityinventory,SUPERZONE,General Gynecology
Amravati,Amravati-Cityinventory,SUPERZONE,General Dentistry
Amravati,Amravati-Cityinventory,SUPERZONE,General Psychiatry
Amravati,Amravati-Cityinventory,SUPERZONE,Sexologist
Amravati,Amravati-Cityinventory,SUPERZONE,General Dermatology
Amravati,Amravati-Cityinventory,SUPERZONE,Orthopaedics
Amravati,Amravati-Cityinventory,SUPERZONE,General Physician
Amravati,Amravati-Cityinventory,SUPERZONE,Gastroenterologist
Amravati,Amravati-Cityinventory,SUPERZONE,Orthopaedics
Amravati,Amravati-Cityinventory,SUPERZONE,General Psychiatry
Amravati,Amravati-Cityinventory,SUPERZONE,Sexologist
Amravati,Amravati-Cityinventory,SUPERZONE,Gastroenterologist
Amravati,Amravati-Cityinventory,SUPERZONE,General Dermatology
Amravati,Amravati-Cityinventory,SUPERZONE,General Physician
Amravati,Amravati-Cityinventory,SUPERZONE,General Gynecology
Amravati,Amravati-Cityinventory,SUPERZONE,General Dentistry
Amritsar,Amritsar-Cityinventory,SUPERZONE,General Dentistry
Amritsar,Amritsar-Cityinventory,SUPERZONE,Endocrinologist
Amritsar,Amritsar-Cityinventory,SUPERZONE,General Alt Medicine
Amritsar,Amritsar,ZONE,General Dermatology
Amritsar,Amritsar-Cityinventory,SUPERZONE,Dietitian
Amritsar,Amritsar-Cityinventory,SUPERZONE,ENT
Amritsar,Amritsar-Cityinventory,SUPERZONE,Sexologist
Amritsar,Amritsar-Cityinventory,SUPERZONE,Gastroenterologist
Amritsar,Amritsar-Cityinventory,SUPERZONE,General Psychiatry
Amritsar,Amritsar-Cityinventory,SUPERZONE,General Ophthalmology
Amritsar,Amritsar-Cityinventory,SUPERZONE,General Gynecology
Amritsar,Amritsar-Cityinventory,SUPERZONE,Orthopaedics
Amritsar,Amritsar-Cityinventory,SUPERZONE,Hair Transplant
Amritsar,Amritsar-Cityinventory,SUPERZONE,Cosmetic/Plastic Surgeon
Amritsar,Amritsar,ZONE,Orthopaedics
Amritsar,Amritsar-Cityinventory,SUPERZONE,Pulmonologist
Amritsar,Amritsar-Cityinventory,SUPERZONE,General Surgeon
Amritsar,Amritsar-Cityinventory,SUPERZONE,Neurologist
Amritsar,Amritsar-Cityinventory,SUPERZONE,General Physician
Amritsar,Amritsar-Cityinventory,SUPERZONE,Cardiologist
Amritsar,Amritsar-Cityinventory,SUPERZONE,Physiotherapist
Amritsar,Amritsar-Cityinventory,SUPERZONE,General Pediatrics
Amritsar,Amritsar-Cityinventory,SUPERZONE,Urologist
Amritsar,Amritsar-Cityinventory,SUPERZONE,General Dermatology
Amritsar,Amritsar-Cityinventory,SUPERZONE,Orthopaedics
Amritsar,Amritsar-Cityinventory,SUPERZONE,Cardiologist
Amritsar,Amritsar-Cityinventory,SUPERZONE,General Dermatology
Amritsar,Amritsar-Cityinventory,SUPERZONE,Dietitian
Amritsar,Amritsar,ZONE,General Dermatology
Amritsar,Amritsar-Cityinventory,SUPERZONE,General Ophthalmology
Amritsar,Amritsar-Cityinventory,SUPERZONE,General Surgeon
Amritsar,Amritsar,ZONE,General Pediatrics
Amritsar,Amritsar,ZONE,Neurologist
Amritsar,Amritsar,ZONE,General Gynecology
Amritsar,Amritsar-Cityinventory,SUPERZONE,General Psychiatry
Amritsar,Amritsar-Cityinventory,SUPERZONE,Pulmonologist
Amritsar,Amritsar-Cityinventory,SUPERZONE,Cosmetic/Plastic Surgeon
Amritsar,Amritsar-Cityinventory,SUPERZONE,Gastroenterologist
Amritsar,Amritsar-Cityinventory,SUPERZONE,Neurologist
Amritsar,Amritsar,ZONE,Orthopaedics
Amritsar,Amritsar-Cityinventory,SUPERZONE,Hair Transplant
Amritsar,Amritsar-Cityinventory,SUPERZONE,General Physician
Amritsar,Amritsar-Cityinventory,SUPERZONE,General Pediatrics
Amritsar,Amritsar,ZONE,General Physician
Amritsar,Amritsar-Cityinventory,SUPERZONE,General Dentistry
Amritsar,Amritsar-Cityinventory,SUPERZONE,General Gynecology
Amritsar,Amritsar-Cityinventory,SUPERZONE,Physiotherapist
Amritsar,Amritsar-Cityinventory,SUPERZONE,Endocrinologist
Amritsar,Amritsar-Cityinventory,SUPERZONE,ENT
Amritsar,Amritsar-Cityinventory,SUPERZONE,Sexologist
Amritsar,Amritsar-Cityinventory,SUPERZONE,Urologist
Amritsar,Amritsar,ZONE,General Dentistry
Amritsar,Amritsar,ZONE,Gastroenterologist
Amritsar,Amritsar-Cityinventory,SUPERZONE,General Alt Medicine
Anand,Anand-Cityinventory,SUPERZONE,General Dentistry
Anand,Anand-Cityinventory,SUPERZONE,General Dentistry
Anantapur,Anantapur-Cityinventory,SUPERZONE,General Dermatology
Anantapur,Anantapur-Cityinventory,SUPERZONE,General Gynecology
Anantapur,Anantapur-Cityinventory,SUPERZONE,General Physician
Anantapur,Anantapur-Cityinventory,SUPERZONE,Urologist
Anantapur,Anantapur-Cityinventory,SUPERZONE,ENT
Anantapur,Anantapur-Cityinventory,SUPERZONE,Orthopaedics
Anantapur,Anantapur-Cityinventory,SUPERZONE,General Dermatology
Anantapur,Anantapur-Cityinventory,SUPERZONE,General Physician
Anantapur,Anantapur-Cityinventory,SUPERZONE,General Gynecology
Anantapur,Anantapur-Cityinventory,SUPERZONE,Orthopaedics
Anantapur,Anantapur-Cityinventory,SUPERZONE,Urologist
Anantapur,Anantapur-Cityinventory,SUPERZONE,ENT
Aurangabad,Aurangabad-Cityinventory,SUPERZONE,Cardiologist
Aurangabad,Aurangabad-Cityinventory,SUPERZONE,Sexologist
Aurangabad,Aurangabad,ZONE,Gastroenterologist
Aurangabad,Aurangabad,ZONE,General Gynecology
Aurangabad,Aurangabad-Cityinventory,SUPERZONE,ENT
Aurangabad,Aurangabad-Cityinventory,SUPERZONE,General Alt Medicine
Aurangabad,Aurangabad-Cityinventory,SUPERZONE,Hair Transplant
Aurangabad,Aurangabad-Cityinventory,SUPERZONE,Cosmetic/Plastic Surgeon
Aurangabad,Aurangabad-Cityinventory,SUPERZONE,General Pediatrics
Aurangabad,Aurangabad-Cityinventory,SUPERZONE,General Psychiatry
Aurangabad,Aurangabad-Cityinventory,SUPERZONE,Neurologist
Aurangabad,Aurangabad-Cityinventory,SUPERZONE,Urologist
Aurangabad,Aurangabad-Cityinventory,SUPERZONE,General Dentistry
Aurangabad,Aurangabad-Cityinventory,SUPERZONE,Orthopaedics
Aurangabad,Aurangabad,ZONE,General Dentistry
Aurangabad,Aurangabad-Cityinventory,SUPERZONE,General Physician
Aurangabad,Aurangabad-Cityinventory,SUPERZONE,General Dermatology
Aurangabad,Aurangabad,ZONE,Orthopaedics
Aurangabad,Aurangabad-Cityinventory,SUPERZONE,Gastroenterologist
Aurangabad,Aurangabad-Cityinventory,SUPERZONE,Physiotherapist
Aurangabad,Aurangabad-Cityinventory,SUPERZONE,General Gynecology
Aurangabad,Aurangabad,ZONE,Neurologist
Aurangabad,Aurangabad-Cityinventory,SUPERZONE,General Ophthalmology
Aurangabad,Aurangabad,ZONE,General Dermatology
Aurangabad,Aurangabad,ZONE,Orthopaedics
Aurangabad,Aurangabad-Cityinventory,SUPERZONE,ENT
Aurangabad,Aurangabad-Cityinventory,SUPERZONE,General Psychiatry
Aurangabad,Aurangabad-Cityinventory,SUPERZONE,Physiotherapist
Aurangabad,Aurangabad-Cityinventory,SUPERZONE,Sexologist
Aurangabad,Aurangabad-Cityinventory,SUPERZONE,General Gynecology
Aurangabad,Aurangabad-Cityinventory,SUPERZONE,Neurologist
Aurangabad,Aurangabad-Cityinventory,SUPERZONE,Cardiologist
Aurangabad,Aurangabad-Cityinventory,SUPERZONE,General Pediatrics
Aurangabad,Aurangabad,ZONE,General Gynecology
Aurangabad,Aurangabad-Cityinventory,SUPERZONE,General Alt Medicine
Aurangabad,Aurangabad-Cityinventory,SUPERZONE,General Ophthalmology
Aurangabad,Aurangabad-Cityinventory,SUPERZONE,Hair Transplant
Aurangabad,Aurangabad-Cityinventory,SUPERZONE,Orthopaedics
Aurangabad,Aurangabad,ZONE,Neurologist
Aurangabad,Aurangabad-Cityinventory,SUPERZONE,Urologist
Aurangabad,Aurangabad-Cityinventory,SUPERZONE,Cosmetic/Plastic Surgeon
Aurangabad,Aurangabad,ZONE,Gastroenterologist
Aurangabad,Aurangabad-Cityinventory,SUPERZONE,General Dentistry
Aurangabad,Aurangabad,ZONE,General Physician
Aurangabad,Aurangabad-Cityinventory,SUPERZONE,General Dermatology
Aurangabad,Aurangabad-Cityinventory,SUPERZONE,Gastroenterologist
Aurangabad,Aurangabad-Cityinventory,SUPERZONE,General Physician
Azamgarh,Azamgarh-Cityinventory,SUPERZONE,General Dermatology
Ballia,Ballia-Cityinventory,SUPERZONE,General Physician
Ballia,Ballia-Cityinventory,SUPERZONE,General Physician
Bangalore,Whitefield,ZONE,Homeopathy
Bangalore,Vijayanagar,ZONE,Cardiologist
Bangalore,Malleswaram,ZONE,Gastroenterologist
Bangalore,Yeshwantpur,ZONE,General Ophthalmology
Bangalore,Majestic,ZONE,General Physician
Bangalore,Electronics City,ZONE,Homeopathy
Bangalore,Indiranagar,ZONE,General Psychiatry
Bangalore,Electronics City,ZONE,Sexologist
Bangalore,Indiranagar,ZONE,Hair Transplant
Bangalore,BTM Layout,ZONE,General Dentistry
Bangalore,Malleswaram,ZONE,Cardiologist
Bangalore,Jayanagar,ZONE,ENT
Bangalore,Banashankari + RR Nagar,ZONE,Physiotherapist
Bangalore,Electronics City,ZONE,ENT
Bangalore,Vijayanagar,ZONE,Endocrinologist
Bangalore,Whitefield,ZONE,General Pediatrics
Bangalore,Malleswaram,ZONE,General Dentistry
Bangalore,Koramangala,ZONE,Sexologist
Bangalore,BTM Layout,ZONE,Dietitian
Bangalore,Bangalore-Cityinventory,SUPERZONE,Gastroenterologist
Bangalore,JP Nagar,ZONE,Neurologist
Bangalore,Hebbal + HBR layout,ZONE,General Gynecology
Bangalore,Malleswaram,ZONE,Orthopaedics
Bangalore,Jayanagar,ZONE,General Surgeon
Bangalore,JP Nagar,ZONE,Sexologist
Bangalore,Indiranagar,ZONE,ENT
Bangalore,Yelahanka,ZONE,Neurologist
Bangalore,Whitefield,ZONE,Endocrinologist
Bangalore,BTM Layout,ZONE,General Dermatology
Bangalore,Bangalore-Cityinventory,SUPERZONE,General Dermatology
Bangalore,Banashankari + RR Nagar,ZONE,General Alt Medicine
Bangalore,Yeshwantpur,ZONE,General Gynecology
Bangalore,Yelahanka,ZONE,Oncologist
Bangalore,Rajajinagar,ZONE,General Physician
Bangalore,JP Nagar,ZONE,Dietitian
Bangalore,Vijayanagar,ZONE,Sexologist
Bangalore,Yeshwantpur,ZONE,Neurologist
Bangalore,Hebbal + HBR layout,ZONE,Sexologist
Bangalore,Marathahalli,ZONE,Pulmonologist
Bangalore,shivajinagar + MG Road,ZONE,General Pediatrics
Bangalore,Marathahalli,ZONE,General Gynecology
Bangalore,Jayanagar,ZONE,Gastroenterologist
Bangalore,BTM Layout,ZONE,General Pediatrics
Bangalore,Bangalore-Cityinventory,SUPERZONE,Audiologist
Bangalore,JP Nagar,ZONE,General Gynecology
Bangalore,Indiranagar,ZONE,Sexologist
Bangalore,HSR Layout,ZONE,Urologist
Bangalore,Yelahanka,ZONE,Homeopathy
Bangalore,HSR Layout,ZONE,Hair Transplant
Bangalore,Indiranagar,ZONE,Gastroenterologist
Bangalore,Electronics City,ZONE,Pulmonologist
Bangalore,BTM Layout,ZONE,Urologist
Bangalore,Banaswadi,ZONE,Urologist
Bangalore,HSR Layout,ZONE,Homeopathy
Bangalore,HSR Layout,ZONE,General Ophthalmology
Bangalore,Jayanagar,ZONE,General Alt Medicine
Bangalore,Banashankari + RR Nagar,ZONE,Cardiologist
Bangalore,Electronics City,ZONE,General Alt Medicine
Bangalore,Whitefield,ZONE,General Alt Medicine
Bangalore,Marathahalli,ZONE,Urologist
Bangalore,Vijayanagar,ZONE,Homeopathy
Bangalore,Malleswaram,ZONE,Hair Transplant
Bangalore,Koramangala,ZONE,ENT
Bangalore,Yelahanka,ZONE,General Surgeon
Bangalore,Electronics City,ZONE,General Dentistry
Bangalore,Marathahalli,ZONE,General Dentistry
Bangalore,Indiranagar,ZONE,General Gynecology
Bangalore,Marathahalli,ZONE,General Psychiatry
Bangalore,Electronics City,ZONE,Orthopaedics
Bangalore,HSR Layout,ZONE,Neurologist
Bangalore,Hebbal + HBR layout,ZONE,Gastroenterologist
Bangalore,Banashankari + RR Nagar,ZONE,General Ophthalmology
Bangalore,Vijayanagar,ZONE,General Ophthalmology
Bangalore,Bangalore-Cityinventory,SUPERZONE,ENT
Bangalore,BTM Layout,ZONE,Gastroenterologist
Bangalore,Hebbal + HBR layout,ZONE,General Psychiatry
Bangalore,Jayanagar,ZONE,Orthopaedics
Bangalore,Koramangala,ZONE,General Dermatology
Bangalore,Banaswadi,ZONE,Cardiologist
Bangalore,Hebbal + HBR layout,ZONE,Dietitian
Bangalore,Bangalore-Cityinventory,SUPERZONE,Speech Therapist
Bangalore,Jayanagar,ZONE,General Ophthalmology
Bangalore,Banaswadi,ZONE,General Physician
Bangalore,Hebbal + HBR layout,ZONE,General Physician
Bangalore,Rajajinagar,ZONE,General Psychiatry
Bangalore,Marathahalli,ZONE,General Surgeon
Bangalore,Rajajinagar,ZONE,Cardiologist
Bangalore,Majestic,ZONE,Physiotherapist
Bangalore,Marathahalli,ZONE,Speech Therapist
Bangalore,shivajinagar + MG Road,ZONE,Orthopaedics
Bangalore,HSR Layout,ZONE,Nephrologist
Bangalore,Indiranagar,ZONE,Pulmonologist
Bangalore,Bangalore-Cityinventory,SUPERZONE,Homeopathy
Bangalore,BTM Layout,ZONE,Pulmonologist
Bangalore,Yeshwantpur,ZONE,Oncologist
Bangalore,Vijayanagar,ZONE,ENT
Bangalore,Rajajinagar,ZONE,Gastroenterologist
Bangalore,Electronics City,ZONE,Physiotherapist
Bangalore,Bangalore-Cityinventory,SUPERZONE,Allergist/Immunologist
Bangalore,Malleswaram,ZONE,General Psychiatry
Bangalore,shivajinagar + MG Road,ZONE,General Dentistry
Bangalore,JP Nagar,ZONE,General Ophthalmology
Bangalore,BTM Layout,ZONE,ENT
Bangalore,Jayanagar,ZONE,Homeopathy
Bangalore,HSR Layout,ZONE,General Physician
Bangalore,Hebbal + HBR layout,ZONE,General Dentistry
Bangalore,Whitefield,ZONE,ENT
Bangalore,Yeshwantpur,ZONE,General Dentistry
Bangalore,Banashankari + RR Nagar,ZONE,General Dermatology
Bangalore,Marathahalli,ZONE,Neurologist
Bangalore,Banaswadi,ZONE,Dietitian
Bangalore,Indiranagar,ZONE,General Alt Medicine
Bangalore,Jayanagar,ZONE,Sexologist
Bangalore,Vijayanagar,ZONE,General Gynecology
Bangalore,HSR Layout,ZONE,Oncologist
Bangalore,Marathahalli,ZONE,General Dermatology
Bangalore,Yeshwantpur,ZONE,General Psychiatry
Bangalore,Yelahanka,ZONE,Audiologist
Bangalore,Electronics City,ZONE,General Psychiatry
Bangalore,Yelahanka,ZONE,Physiotherapist
Bangalore,Banashankari + RR Nagar,ZONE,Urologist
Bangalore,Bangalore-Cityinventory,SUPERZONE,Cosmetic/Plastic Surgeon
Bangalore,Whitefield,ZONE,Sexologist
Bangalore,Yelahanka,ZONE,Urologist
Bangalore,JP Nagar,ZONE,Physiotherapist
Bangalore,Whitefield,ZONE,Nephrologist
Bangalore,Koramangala,ZONE,Cosmetic/Plastic Surgeon
Bangalore,Bangalore-Cityinventory,SUPERZONE,Cardiologist
Bangalore,Rajajinagar,ZONE,General Alt Medicine
Bangalore,Vijayanagar,ZONE,General Dermatology
Bangalore,Banaswadi,ZONE,General Dentistry
Bangalore,Jayanagar,ZONE,Urologist
Bangalore,Banashankari + RR Nagar,ZONE,Sexologist
Bangalore,Banaswadi,ZONE,General Pediatrics
Bangalore,JP Nagar,ZONE,Endocrinologist
Bangalore,Bangalore-Cityinventory,SUPERZONE,Oncologist
Bangalore,Banaswadi,ZONE,General Ophthalmology
Bangalore,Whitefield,ZONE,Gastroenterologist
Bangalore,Vijayanagar,ZONE,Urologist
Bangalore,shivajinagar + MG Road,ZONE,General Dermatology
Bangalore,shivajinagar + MG Road,ZONE,General Psychiatry
Bangalore,Banashankari + RR Nagar,ZONE,General Gynecology
Bangalore,Jayanagar,ZONE,Dietitian
Bangalore,Jayanagar,ZONE,General Physician
Bangalore,Yelahanka,ZONE,General Psychiatry
Bangalore,HSR Layout,ZONE,Pulmonologist
Bangalore,Indiranagar,ZONE,Endocrinologist
Bangalore,Banashankari + RR Nagar,ZONE,Dietitian
Bangalore,Koramangala,ZONE,General Pediatrics
Bangalore,Indiranagar,ZONE,General Physician
Bangalore,Koramangala,ZONE,Endocrinologist
Bangalore,Indiranagar,ZONE,Physiotherapist
Bangalore,Koramangala,ZONE,Neurologist
Bangalore,Yelahanka,ZONE,ENT
Bangalore,Rajajinagar,ZONE,General Surgeon
Bangalore,BTM Layout,ZONE,General Alt Medicine
Bangalore,Whitefield,ZONE,General Surgeon
Bangalore,Electronics City,ZONE,General Pediatrics
Bangalore,JP Nagar,ZONE,Oncologist
Bangalore,Banaswadi,ZONE,Physiotherapist
Bangalore,shivajinagar + MG Road,ZONE,Hair Transplant
Bangalore,Jayanagar,ZONE,General Dermatology
Bangalore,Banaswadi,ZONE,General Surgeon
Bangalore,Bangalore-Cityinventory,SUPERZONE,Sexologist
Bangalore,Jayanagar,ZONE,Endocrinologist
Bangalore,Banaswadi,ZONE,Sexologist
Bangalore,Koramangala,ZONE,Cardiologist
Bangalore,Marathahalli,ZONE,General Pediatrics
Bangalore,Marathahalli,ZONE,Endocrinologist
Bangalore,Yelahanka,ZONE,General Ophthalmology
Bangalore,Jayanagar,ZONE,Cosmetic/Plastic Surgeon
Bangalore,Yeshwantpur,ZONE,Pulmonologist
Bangalore,Electronics City,ZONE,Gastroenterologist
Bangalore,Hebbal + HBR layout,ZONE,Oncologist
Bangalore,Koramangala,ZONE,Dietitian
Bangalore,Banashankari + RR Nagar,ZONE,Hair Transplant
Bangalore,Marathahalli,ZONE,Dietitian
Bangalore,Malleswaram,ZONE,Endocrinologist
Bangalore,Malleswaram,ZONE,General Dermatology
Bangalore,Koramangala,ZONE,Gastroenterologist
Bangalore,Banaswadi,ZONE,Gastroenterologist
Bangalore,Koramangala,ZONE,General Physician
Bangalore,Hebbal + HBR layout,ZONE,General Surgeon
Bangalore,Rajajinagar,ZONE,Neurologist
Bangalore,Hebbal + HBR layout,ZONE,Physiotherapist
Bangalore,Majestic,ZONE,ENT
Bangalore,JP Nagar,ZONE,General Physician
Bangalore,Whitefield,ZONE,Urologist
Bangalore,BTM Layout,ZONE,Hair Transplant
Bangalore,Koramangala,ZONE,General Ophthalmology
Bangalore,HSR Layout,ZONE,Sexologist
Bangalore,Banaswadi,ZONE,Neurologist
Bangalore,Yeshwantpur,ZONE,Endocrinologist
Bangalore,Banashankari + RR Nagar,ZONE,Orthopaedics
Bangalore,Yelahanka,ZONE,Endocrinologist
Bangalore,JP Nagar,ZONE,Homeopathy
Bangalore,Electronics City,ZONE,General Gynecology
Bangalore,Majestic,ZONE,General Dermatology
Bangalore,JP Nagar,ZONE,General Surgeon
Bangalore,Koramangala,ZONE,Hair Transplant
Bangalore,Banashankari + RR Nagar,ZONE,ENT
Bangalore,HSR Layout,ZONE,Cosmetic/Plastic Surgeon
Bangalore,Hebbal + HBR layout,ZONE,Nephrologist
Bangalore,Banaswadi,ZONE,Orthopaedics
Bangalore,Banaswadi,ZONE,Endocrinologist
Bangalore,Yeshwantpur,ZONE,Orthopaedics
Bangalore,Hebbal + HBR layout,ZONE,Endocrinologist
Bangalore,Hebbal + HBR layout,ZONE,Homeopathy
Bangalore,JP Nagar,ZONE,General Alt Medicine
Bangalore,BTM Layout,ZONE,General Psychiatry
Bangalore,HSR Layout,ZONE,General Alt Medicine
Bangalore,JP Nagar,ZONE,Hair Transplant
Bangalore,Electronics City,ZONE,Urologist
Bangalore,Hebbal + HBR layout,ZONE,General Ophthalmology
Bangalore,shivajinagar + MG Road,ZONE,Pulmonologist
Bangalore,Indiranagar,ZONE,Homeopathy
Bangalore,Indiranagar,ZONE,General Surgeon
Bangalore,Jayanagar,ZONE,General Dentistry
Bangalore,Jayanagar,ZONE,General Pediatrics
Bangalore,Koramangala,ZONE,Urologist
Bangalore,JP Nagar,ZONE,Cardiologist
Bangalore,Jayanagar,ZONE,Neurologist
Bangalore,Hebbal + HBR layout,ZONE,General Pediatrics
Bangalore,Bangalore-Cityinventory,SUPERZONE,Vascular Surgeon
Bangalore,JP Nagar,ZONE,Cosmetic/Plastic Surgeon
Bangalore,Whitefield,ZONE,Cosmetic/Plastic Surgeon
Bangalore,Whitefield,ZONE,General Gynecology
Bangalore,Bangalore-Cityinventory,SUPERZONE,Radiology
Bangalore,Banashankari + RR Nagar,ZONE,General Psychiatry
Bangalore,Bangalore-Cityinventory,SUPERZONE,Dietitian
Bangalore,Koramangala,ZONE,Homeopathy
Bangalore,Koramangala,ZONE,Pulmonologist
Bangalore,Jayanagar,ZONE,Cardiologist
Bangalore,Yeshwantpur,ZONE,General Alt Medicine
Bangalore,Koramangala,ZONE,General Dentistry
Bangalore,Banaswadi,ZONE,ENT
Bangalore,Malleswaram,ZONE,General Alt Medicine
Bangalore,Electronics City,ZONE,Endocrinologist
Bangalore,Hebbal + HBR layout,ZONE,General Dermatology
Bangalore,Whitefield,ZONE,Orthopaedics
Bangalore,shivajinagar + MG Road,ZONE,General Physician
Bangalore,Bangalore-Cityinventory,SUPERZONE,General Pediatrics
Bangalore,Bangalore-Cityinventory,SUPERZONE,General Gynecology
Bangalore,Yeshwantpur,ZONE,ENT
Bangalore,Bangalore-Cityinventory,SUPERZONE,General Surgeon
Bangalore,Rajajinagar,ZONE,General Gynecology
Bangalore,Whitefield,ZONE,General Dermatology
Bangalore,Yelahanka,ZONE,Sexologist
Bangalore,Whitefield,ZONE,General Dentistry
Bangalore,JP Nagar,ZONE,General Pediatrics
Bangalore,shivajinagar + MG Road,ZONE,ENT
Bangalore,BTM Layout,ZONE,Cardiologist
Bangalore,Bangalore-Cityinventory,SUPERZONE,Veterinarian
Bangalore,Banashankari + RR Nagar,ZONE,General Pediatrics
Bangalore,Rajajinagar,ZONE,Sexologist
Bangalore,JP Nagar,ZONE,General Dentistry
Bangalore,Whitefield,ZONE,General Ophthalmology
Bangalore,HSR Layout,ZONE,Orthopaedics
Bangalore,Electronics City,ZONE,General Ophthalmology
Bangalore,Banaswadi,ZONE,General Gynecology
Bangalore,Bangalore-Cityinventory,SUPERZONE,General Physician
Bangalore,Malleswaram,ZONE,General Pediatrics
Bangalore,Bangalore-Cityinventory,SUPERZONE,Orthopaedics
Bangalore,Whitefield,ZONE,Oncologist
Bangalore,Yeshwantpur,ZONE,General Pediatrics
Bangalore,Marathahalli,ZONE,Homeopathy
Bangalore,Hebbal + HBR layout,ZONE,Cardiologist
Bangalore,Indiranagar,ZONE,General Dermatology
Bangalore,Indiranagar,ZONE,Orthopaedics
Bangalore,Yelahanka,ZONE,Gastroenterologist
Bangalore,Hebbal + HBR layout,ZONE,Urologist
Bangalore,shivajinagar + MG Road,ZONE,Sexologist
Bangalore,Bangalore-Cityinventory,SUPERZONE,Urologist
Bangalore,Majestic,ZONE,General Ophthalmology
Bangalore,Malleswaram,ZONE,General Gynecology
Bangalore,Banaswadi,ZONE,Oncologist
Bangalore,Rajajinagar,ZONE,General Dermatology
Bangalore,BTM Layout,ZONE,General Ophthalmology
Bangalore,Hebbal + HBR layout,ZONE,General Alt Medicine
Bangalore,Whitefield,ZONE,Hair Transplant
Bangalore,Yeshwantpur,ZONE,Gastroenterologist
Bangalore,Yelahanka,ZONE,Pulmonologist
Bangalore,Koramangala,ZONE,Orthopaedics
Bangalore,BTM Layout,ZONE,Physiotherapist
Bangalore,Whitefield,ZONE,General Physician
Bangalore,Vijayanagar,ZONE,General Dentistry
Bangalore,BTM Layout,ZONE,Homeopathy
Bangalore,Rajajinagar,ZONE,General Pediatrics
Bangalore,Yeshwantpur,ZONE,General Physician
Bangalore,Electronics City,ZONE,Neurologist
Bangalore,Banashankari + RR Nagar,ZONE,Cosmetic/Plastic Surgeon
Bangalore,HSR Layout,ZONE,ENT
Bangalore,Bangalore-Cityinventory,SUPERZONE,General Alt Medicine
Bangalore,Vijayanagar,ZONE,Gastroenterologist
Bangalore,Marathahalli,ZONE,Sexologist
Bangalore,HSR Layout,ZONE,Dietitian
Bangalore,Bangalore-Cityinventory,SUPERZONE,Hair Transplant
Bangalore,Yelahanka,ZONE,Cardiologist
Bangalore,Vijayanagar,ZONE,General Psychiatry
Bangalore,Koramangala,ZONE,General Alt Medicine
Bangalore,Marathahalli,ZONE,Hair Transplant
Bangalore,Banaswadi,ZONE,Homeopathy
Bangalore,Electronics City,ZONE,General Dermatology
Bangalore,HSR Layout,ZONE,General Gynecology
Bangalore,Electronics City,ZONE,Cardiologist
Bangalore,JP Nagar,ZONE,Orthopaedics
Bangalore,Marathahalli,ZONE,Orthopaedics
Bangalore,HSR Layout,ZONE,General Pediatrics
Bangalore,Indiranagar,ZONE,General Dentistry
Bangalore,Yelahanka,ZONE,General Physician
Bangalore,shivajinagar + MG Road,ZONE,Dietitian
Bangalore,Jayanagar,ZONE,Hair Transplant
Bangalore,Malleswaram,ZONE,Physiotherapist
Bangalore,Hebbal + HBR layout,ZONE,Orthopaedics
Bangalore,HSR Layout,ZONE,General Psychiatry
Bangalore,Koramangala,ZONE,Physiotherapist
Bangalore,BTM Layout,ZONE,General Gynecology
Bangalore,JP Nagar,ZONE,General Psychiatry
Bangalore,Vijayanagar,ZONE,General Alt Medicine
Bangalore,Jayanagar,ZONE,General Gynecology
Bangalore,JP Nagar,ZONE,Gastroenterologist
Bangalore,Rajajinagar,ZONE,Dietitian
Bangalore,Indiranagar,ZONE,Cardiologist
Bangalore,Bangalore-Cityinventory,SUPERZONE,Physiotherapist
Bangalore,Bangalore-Cityinventory,SUPERZONE,General Dentistry
Bangalore,HSR Layout,ZONE,Gastroenterologist
Bangalore,shivajinagar + MG Road,ZONE,Neurologist
Bangalore,BTM Layout,ZONE,General Physician
Bangalore,Indiranagar,ZONE,Cosmetic/Plastic Surgeon
Bangalore,Bangalore-Cityinventory,SUPERZONE,General Psychiatry
Bangalore,Whitefield,ZONE,Physiotherapist
Bangalore,Banaswadi,ZONE,General Dermatology
Bangalore,Yelahanka,ZONE,Orthopaedics
Bangalore,Whitefield,ZONE,Pulmonologist
Bangalore,Banashankari + RR Nagar,ZONE,Oncologist
Bangalore,Malleswaram,ZONE,Neurologist
Bangalore,Marathahalli,ZONE,Physiotherapist
Bangalore,shivajinagar + MG Road,ZONE,Cardiologist
Bangalore,Banaswadi,ZONE,Pulmonologist
Bangalore,Vijayanagar,ZONE,General Physician
Bangalore,Majestic,ZONE,General Dentistry
Bangalore,Marathahalli,ZONE,General Ophthalmology
Bangalore,Malleswaram,ZONE,ENT
Bangalore,HSR Layout,ZONE,Physiotherapist
Bangalore,Marathahalli,ZONE,Gastroenterologist
Bangalore,Yelahanka,ZONE,General Dermatology
Bangalore,BTM Layout,ZONE,Cosmetic/Plastic Surgeon
Bangalore,Banashankari + RR Nagar,ZONE,Gastroenterologist
Bangalore,shivajinagar + MG Road,ZONE,General Gynecology
Bangalore,JP Nagar,ZONE,Nephrologist
Bangalore,Bangalore-Cityinventory,SUPERZONE,Pulmonologist
Bangalore,JP Nagar,ZONE,Pulmonologist
Bangalore,Rajajinagar,ZONE,Urologist
Bangalore,BTM Layout,ZONE,Neurologist
Bangalore,Yeshwantpur,ZONE,Urologist
Bangalore,Bangalore-Cityinventory,SUPERZONE,Nephrologist
Bangalore,HSR Layout,ZONE,General Surgeon
Bangalore,Indiranagar,ZONE,General Ophthalmology
Bangalore,Rajajinagar,ZONE,ENT
Bangalore,Rajajinagar,ZONE,Pulmonologist
Bangalore,Marathahalli,ZONE,General Alt Medicine
Bangalore,HSR Layout,ZONE,General Dentistry
Bangalore,Hebbal + HBR layout,ZONE,ENT
Bangalore,Jayanagar,ZONE,Physiotherapist
Bangalore,Yelahanka,ZONE,Speech Therapist
Bangalore,JP Nagar,ZONE,Urologist
Bangalore,BTM Layout,ZONE,Sexologist
Bangalore,Bangalore-Cityinventory,SUPERZONE,Neurologist
Bangalore,Banaswadi,ZONE,General Psychiatry
Bangalore,HSR Layout,ZONE,Endocrinologist
Bangalore,Yelahanka,ZONE,General Alt Medicine
Bangalore,Rajajinagar,ZONE,General Dentistry
Bangalore,Electronics City,ZONE,General Physician
Bangalore,JP Nagar,ZONE,ENT
Bangalore,Yelahanka,ZONE,General Pediatrics
Bangalore,Malleswaram,ZONE,General Physician
Bangalore,Yelahanka,ZONE,Hair Transplant
Bangalore,Bangalore-Cityinventory,SUPERZONE,Hematologist
Bangalore,Koramangala,ZONE,General Gynecology
Bangalore,Indiranagar,ZONE,Neurologist
Bangalore,Yeshwantpur,ZONE,Cardiologist
Bangalore,Hebbal + HBR layout,ZONE,Neurologist
Bangalore,Vijayanagar,ZONE,Neurologist
Bangalore,Majestic,ZONE,General Psychiatry
Bangalore,Bangalore-Cityinventory,SUPERZONE,Geriatrician
Bangalore,Hebbal + HBR layout,ZONE,Pulmonologist
Bangalore,Koramangala,ZONE,General Psychiatry
Bangalore,Vijayanagar,ZONE,Orthopaedics
Bangalore,Majestic,ZONE,General Pediatrics
Bangalore,Marathahalli,ZONE,Cardiologist
Bangalore,Bangalore-Cityinventory,SUPERZONE,Endocrinologist
Bangalore,Banashankari + RR Nagar,ZONE,General Physician
Bangalore,Vijayanagar,ZONE,Hair Transplant
Bangalore,Whitefield,ZONE,General Psychiatry
Bangalore,Jayanagar,ZONE,General Psychiatry
Bangalore,Indiranagar,ZONE,Urologist
Bangalore,Majestic,ZONE,General Gynecology
Bangalore,Banaswadi,ZONE,General Alt Medicine
Bangalore,Whitefield,ZONE,Dietitian
Bangalore,Rajajinagar,ZONE,Endocrinologist
Bangalore,Yeshwantpur,ZONE,General Dermatology
Bangalore,Indiranagar,ZONE,General Pediatrics
Bangalore,Whitefield,ZONE,Cardiologist
Bangalore,HSR Layout,ZONE,General Dermatology
Bangalore,Banashankari + RR Nagar,ZONE,Neurologist
Bangalore,BTM Layout,ZONE,Orthopaedics
Bangalore,Banashankari + RR Nagar,ZONE,Endocrinologist
Bangalore,Marathahalli,ZONE,ENT
Bangalore,Indiranagar,ZONE,Dietitian
Bangalore,Rajajinagar,ZONE,Orthopaedics
Bangalore,Bangalore-Cityinventory,SUPERZONE,General Ophthalmology
Bangalore,Banashankari + RR Nagar,ZONE,Pulmonologist
Bangalore,Marathahalli,ZONE,General Physician
Bangalore,Banashankari + RR Nagar,ZONE,General Surgeon
Bangalore,BTM Layout,ZONE,Endocrinologist
Bangalore,Bangalore-Cityinventory,SUPERZONE,Occupational Therapist
Bangalore,Hebbal + HBR layout,ZONE,Hair Transplant
Bangalore,Jayanagar,ZONE,Pulmonologist
Bangalore,HSR Layout,ZONE,Cardiologist
Bangalore,shivajinagar + MG Road,ZONE,Homeopathy
Bangalore,Whitefield,ZONE,Speech Therapist
Bangalore,shivajinagar + MG Road,ZONE,Gastroenterologist
Bangalore,Banashankari + RR Nagar,ZONE,General Dentistry
Bangalore,Yelahanka,ZONE,General Gynecology
Bangalore,Yelahanka,ZONE,General Dentistry
Bangalore,Indiranagar,ZONE,Nephrologist
Bangalore,Vijayanagar,ZONE,General Pediatrics
Bangalore,Banashankari + RR Nagar,ZONE,Homeopathy
Bangalore,JP Nagar,ZONE,General Dermatology
Bangalore,Whitefield,ZONE,Neurologist
Bangalore,JP Nagar,ZONE,Cosmetic/Plastic Surgeon
Bangalore,HSR Layout,ZONE,Cardiologist
Bangalore,Electronics City,ZONE,General Psychiatry
Bangalore,Electronics City,ZONE,Gastroenterologist
Bangalore,Bangalore-Cityinventory,SUPERZONE,Radiology
Bangalore,Vijayanagar,ZONE,Sexologist
Bangalore,Hebbal + HBR layout,ZONE,Hair Transplant
Bangalore,BTM Layout,ZONE,Dietitian
Bangalore,Banaswadi,ZONE,General Dermatology
Bangalore,Malleswaram,ZONE,Endocrinologist
Bangalore,HSR Layout,ZONE,General Psychiatry
Bangalore,Rajajinagar,ZONE,Dietitian
Bangalore,shivajinagar + MG Road,ZONE,Dietitian
Bangalore,Electronics City,ZONE,Endocrinologist
Bangalore,Majestic,ZONE,General Physician
Bangalore,Whitefield,ZONE,General Gynecology
Bangalore,Banashankari + RR Nagar,ZONE,General Dermatology
Bangalore,Yelahanka,ZONE,Pulmonologist
Bangalore,Indiranagar,ZONE,General Physician
Bangalore,Indiranagar,ZONE,General Dentistry
Bangalore,Rajajinagar,ZONE,General Surgeon
Bangalore,Yeshwantpur,ZONE,General Psychiatry
Bangalore,Banashankari + RR Nagar,ZONE,Orthopaedics
Bangalore,Banaswadi,ZONE,Oncologist
Bangalore,Banaswadi,ZONE,General Physician
Bangalore,Yelahanka,ZONE,Gastroenterologist
Bangalore,Whitefield,ZONE,Endocrinologist
Bangalore,Vijayanagar,ZONE,General Dermatology
Bangalore,Bangalore-Cityinventory,SUPERZONE,Gastroenterologist
Bangalore,Banaswadi,ZONE,General Ophthalmology
Bangalore,Jayanagar,ZONE,Hair Transplant
Bangalore,Yelahanka,ZONE,General Alt Medicine
Bangalore,Hebbal + HBR layout,ZONE,General Dentistry
Bangalore,HSR Layout,ZONE,General Dermatology
Bangalore,Bangalore-Cityinventory,SUPERZONE,General Pediatrics
Bangalore,Banashankari + RR Nagar,ZONE,General Psychiatry
Bangalore,Banaswadi,ZONE,Endocrinologist
Bangalore,Hebbal + HBR layout,ZONE,General Dermatology
Bangalore,BTM Layout,ZONE,Endocrinologist
Bangalore,Banashankari + RR Nagar,ZONE,Pulmonologist
Bangalore,Indiranagar,ZONE,Sexologist
Bangalore,JP Nagar,ZONE,General Dermatology
Bangalore,Banaswadi,ZONE,Gastroenterologist
Bangalore,JP Nagar,ZONE,Gastroenterologist
Bangalore,Banashankari + RR Nagar,ZONE,Dietitian
Bangalore,HSR Layout,ZONE,Physiotherapist
Bangalore,Whitefield,ZONE,Homeopathy
Bangalore,Whitefield,ZONE,Physiotherapist
Bangalore,Electronics City,ZONE,Cardiologist
Bangalore,Indiranagar,ZONE,ENT
Bangalore,shivajinagar + MG Road,ZONE,General Psychiatry
Bangalore,Hebbal + HBR layout,ZONE,Orthopaedics
Bangalore,JP Nagar,ZONE,Homeopathy
Bangalore,Banaswadi,ZONE,General Gynecology
Bangalore,Indiranagar,ZONE,Homeopathy
Bangalore,Jayanagar,ZONE,General Pediatrics
Bangalore,Banaswadi,ZONE,General Psychiatry
Bangalore,Whitefield,ZONE,Nephrologist
Bangalore,JP Nagar,ZONE,General Pediatrics
Bangalore,Electronics City,ZONE,General Gynecology
Bangalore,HSR Layout,ZONE,General Surgeon
Bangalore,Malleswaram,ZONE,General Dentistry
Bangalore,Yelahanka,ZONE,Speech Therapist
Bangalore,Rajajinagar,ZONE,General Physician
Bangalore,Indiranagar,ZONE,General Alt Medicine
Bangalore,Malleswaram,ZONE,Gastroenterologist
Bangalore,Bangalore-Cityinventory,SUPERZONE,General Gynecology
Bangalore,BTM Layout,ZONE,Neurologist
Bangalore,Yelahanka,ZONE,Oncologist
Bangalore,Rajajinagar,ZONE,Sexologist
Bangalore,HSR Layout,ZONE,ENT
Bangalore,Vijayanagar,ZONE,General Dentistry
Bangalore,Marathahalli,ZONE,General Psychiatry
Bangalore,Hebbal + HBR layout,ZONE,Homeopathy
Bangalore,Indiranagar,ZONE,Endocrinologist
Bangalore,Bangalore-Cityinventory,SUPERZONE,Orthopaedics
Bangalore,Marathahalli,ZONE,General Ophthalmology
Bangalore,Yelahanka,ZONE,General Pediatrics
Bangalore,Bangalore-Cityinventory,SUPERZONE,Cosmetic/Plastic Surgeon
Bangalore,Bangalore-Cityinventory,SUPERZONE,Physiotherapist
Bangalore,Jayanagar,ZONE,Homeopathy
Bangalore,JP Nagar,ZONE,Oncologist
Bangalore,shivajinagar + MG Road,ZONE,Sexologist
Bangalore,BTM Layout,ZONE,General Physician
Bangalore,Bangalore-Cityinventory,SUPERZONE,Geriatrician
Bangalore,Yelahanka,ZONE,Audiologist
Bangalore,Banaswadi,ZONE,ENT
Bangalore,Electronics City,ZONE,Homeopathy
Bangalore,JP Nagar,ZONE,Neurologist
Bangalore,Electronics City,ZONE,Sexologist
Bangalore,Yelahanka,ZONE,General Ophthalmology
Bangalore,Electronics City,ZONE,General Dentistry
Bangalore,Marathahalli,ZONE,Gastroenterologist
Bangalore,Banashankari + RR Nagar,ZONE,General Pediatrics
Bangalore,Rajajinagar,ZONE,Gastroenterologist
Bangalore,shivajinagar + MG Road,ZONE,Orthopaedics
Bangalore,Marathahalli,ZONE,Orthopaedics
Bangalore,Rajajinagar,ZONE,General Dentistry
Bangalore,Banashankari + RR Nagar,ZONE,General Gynecology
Bangalore,Banaswadi,ZONE,Pulmonologist
Bangalore,Jayanagar,ZONE,General Ophthalmology
Bangalore,HSR Layout,ZONE,General Alt Medicine
Bangalore,Electronics City,ZONE,General Ophthalmology
Bangalore,Banashankari + RR Nagar,ZONE,General Dentistry
Bangalore,Hebbal + HBR layout,ZONE,Pulmonologist
Bangalore,Yeshwantpur,ZONE,Urologist
Bangalore,JP Nagar,ZONE,Physiotherapist
Bangalore,JP Nagar,ZONE,Nephrologist
Bangalore,Jayanagar,ZONE,Dietitian
Bangalore,Yeshwantpur,ZONE,General Dentistry
Bangalore,Bangalore-Cityinventory,SUPERZONE,General Dermatology
Bangalore,Bangalore-Cityinventory,SUPERZONE,Audiologist
Bangalore,Yeshwantpur,ZONE,General Dermatology
Bangalore,Majestic,ZONE,General Dermatology
Bangalore,Majestic,ZONE,ENT
Bangalore,shivajinagar + MG Road,ZONE,ENT
Bangalore,Jayanagar,ZONE,General Dentistry
Bangalore,HSR Layout,ZONE,Hair Transplant
Bangalore,BTM Layout,ZONE,General Ophthalmology
Bangalore,Hebbal + HBR layout,ZONE,Neurologist
Bangalore,Electronics City,ZONE,General Alt Medicine
Bangalore,Yelahanka,ZONE,ENT
Bangalore,Rajajinagar,ZONE,Urologist
Bangalore,Vijayanagar,ZONE,Cardiologist
Bangalore,BTM Layout,ZONE,General Dentistry
Bangalore,Banashankari + RR Nagar,ZONE,Neurologist
Bangalore,Banashankari + RR Nagar,ZONE,General Physician
Bangalore,Whitefield,ZONE,Cosmetic/Plastic Surgeon
Bangalore,Electronics City,ZONE,Neurologist
Bangalore,Yelahanka,ZONE,Neurologist
Bangalore,Bangalore-Cityinventory,SUPERZONE,Urologist
Bangalore,Rajajinagar,ZONE,General Gynecology
Bangalore,Yeshwantpur,ZONE,General Physician
Bangalore,HSR Layout,ZONE,Oncologist
Bangalore,Electronics City,ZONE,General Dermatology
Bangalore,shivajinagar + MG Road,ZONE,Gastroenterologist
Bangalore,Whitefield,ZONE,General Surgeon
Bangalore,Malleswaram,ZONE,Hair Transplant
Bangalore,Malleswaram,ZONE,Orthopaedics
Bangalore,HSR Layout,ZONE,Urologist
Bangalore,BTM Layout,ZONE,Urologist
Bangalore,Vijayanagar,ZONE,General Pediatrics
Bangalore,Majestic,ZONE,General Dentistry
Bangalore,Jayanagar,ZONE,Physiotherapist
Bangalore,Majestic,ZONE,General Pediatrics
Bangalore,HSR Layout,ZONE,Orthopaedics
Bangalore,Yeshwantpur,ZONE,Oncologist
Bangalore,Bangalore-Cityinventory,SUPERZONE,Hematologist
Bangalore,HSR Layout,ZONE,Gastroenterologist
Bangalore,JP Nagar,ZONE,General Gynecology
Bangalore,JP Nagar,ZONE,Urologist
Bangalore,shivajinagar + MG Road,ZONE,Hair Transplant
Bangalore,JP Nagar,ZONE,General Alt Medicine
Bangalore,Yeshwantpur,ZONE,General Pediatrics
Bangalore,Marathahalli,ZONE,General Physician
Bangalore,Rajajinagar,ZONE,General Pediatrics
Bangalore,Bangalore-Cityinventory,SUPERZONE,Occupational Therapist
Bangalore,Indiranagar,ZONE,Hair Transplant
Bangalore,Indiranagar,ZONE,Nephrologist
Bangalore,Malleswaram,ZONE,ENT
Bangalore,Koramangala,ZONE,ENT
Bangalore,Whitefield,ZONE,Pulmonologist
Bangalore,Hebbal + HBR layout,ZONE,General Psychiatry
Bangalore,Whitefield,ZONE,General Alt Medicine
Bangalore,shivajinagar + MG Road,ZONE,General Dentistry
Bangalore,Jayanagar,ZONE,General Dermatology
Bangalore,Banashankari + RR Nagar,ZONE,ENT
Bangalore,Indiranagar,ZONE,General Surgeon
Bangalore,Marathahalli,ZONE,Cardiologist
Bangalore,Hebbal + HBR layout,ZONE,Nephrologist
Bangalore,Jayanagar,ZONE,General Psychiatry
Bangalore,Bangalore-Cityinventory,SUPERZONE,Vascular Surgeon
Bangalore,Marathahalli,ZONE,General Pediatrics
Bangalore,JP Nagar,ZONE,General Psychiatry
Bangalore,Jayanagar,ZONE,Orthopaedics
Bangalore,Electronics City,ZONE,Physiotherapist
Bangalore,Koramangala,ZONE,General Gynecology
Bangalore,HSR Layout,ZONE,General Dentistry
Bangalore,Banaswadi,ZONE,Urologist
Bangalore,Indiranagar,ZONE,Physiotherapist
Bangalore,BTM Layout,ZONE,General Dermatology
Bangalore,Hebbal + HBR layout,ZONE,General Pediatrics
Bangalore,JP Nagar,ZONE,General Ophthalmology
Bangalore,HSR Layout,ZONE,Nephrologist
Bangalore,shivajinagar + MG Road,ZONE,General Pediatrics
Bangalore,Vijayanagar,ZONE,General Physician
Bangalore,JP Nagar,ZONE,Pulmonologist
Bangalore,Jayanagar,ZONE,Endocrinologist
Bangalore,Yelahanka,ZONE,Homeopathy
Bangalore,Yeshwantpur,ZONE,General Alt Medicine
Bangalore,Hebbal + HBR layout,ZONE,Cardiologist
Bangalore,shivajinagar + MG Road,ZONE,Homeopathy
Bangalore,Whitefield,ZONE,Dietitian
Bangalore,Hebbal + HBR layout,ZONE,Oncologist
Bangalore,Malleswaram,ZONE,Neurologist
Bangalore,Bangalore-Cityinventory,SUPERZONE,Dietitian
Bangalore,Bangalore-Cityinventory,SUPERZONE,Allergist/Immunologist
Bangalore,Koramangala,ZONE,Gastroenterologist
Bangalore,Bangalore-Cityinventory,SUPERZONE,General Alt Medicine
Bangalore,Koramangala,ZONE,Physiotherapist
Bangalore,Banaswadi,ZONE,Sexologist
Bangalore,Whitefield,ZONE,General Psychiatry
Bangalore,Banaswadi,ZONE,Dietitian
Bangalore,Bangalore-Cityinventory,SUPERZONE,Hair Transplant
Bangalore,Marathahalli,ZONE,General Dermatology
Bangalore,Koramangala,ZONE,Orthopaedics
Bangalore,Whitefield,ZONE,General Dermatology
Bangalore,Banashankari + RR Nagar,ZONE,Cosmetic/Plastic Surgeon
Bangalore,Rajajinagar,ZONE,Endocrinologist
Bangalore,Bangalore-Cityinventory,SUPERZONE,Endocrinologist
Bangalore,Banaswadi,ZONE,Orthopaedics
Bangalore,Vijayanagar,ZONE,Urologist
Bangalore,BTM Layout,ZONE,Sexologist
Bangalore,BTM Layout,ZONE,Pulmonologist
Bangalore,Whitefield,ZONE,Orthopaedics
Bangalore,Vijayanagar,ZONE,Gastroenterologist
Bangalore,Marathahalli,ZONE,General Surgeon
Bangalore,Jayanagar,ZONE,General Physician
Bangalore,Jayanagar,ZONE,Cardiologist
Bangalore,Whitefield,ZONE,Urologist
Bangalore,Jayanagar,ZONE,Sexologist
Bangalore,Whitefield,ZONE,Gastroenterologist
Bangalore,Koramangala,ZONE,Endocrinologist
Bangalore,Banaswadi,ZONE,General Dentistry
Bangalore,Marathahalli,ZONE,Neurologist
Bangalore,Whitefield,ZONE,Sexologist
Bangalore,Koramangala,ZONE,Dietitian
Bangalore,shivajinagar + MG Road,ZONE,General Physician
Bangalore,Yeshwantpur,ZONE,ENT
Bangalore,Whitefield,ZONE,Oncologist
Bangalore,Yeshwantpur,ZONE,Gastroenterologist
Bangalore,JP Nagar,ZONE,General Physician
Bangalore,Rajajinagar,ZONE,ENT
Bangalore,HSR Layout,ZONE,Dietitian
Bangalore,Banashankari + RR Nagar,ZONE,Cardiologist
Bangalore,Bangalore-Cityinventory,SUPERZONE,ENT
Bangalore,Banashankari + RR Nagar,ZONE,General Ophthalmology
Bangalore,Jayanagar,ZONE,General Gynecology
Bangalore,Jayanagar,ZONE,Cosmetic/Plastic Surgeon
Bangalore,BTM Layout,ZONE,Gastroenterologist
Bangalore,Hebbal + HBR layout,ZONE,ENT
Bangalore,Koramangala,ZONE,General Dermatology
Bangalore,Majestic,ZONE,General Gynecology
Bangalore,Bangalore-Cityinventory,SUPERZONE,Veterinarian
Bangalore,JP Nagar,ZONE,ENT
Bangalore,Bangalore-Cityinventory,SUPERZONE,General Dentistry
Bangalore,Banashankari + RR Nagar,ZONE,Gastroenterologist
Bangalore,Indiranagar,ZONE,Pulmonologist
Bangalore,Yelahanka,ZONE,General Psychiatry
Bangalore,BTM Layout,ZONE,General Gynecology
Bangalore,Marathahalli,ZONE,Endocrinologist
Bangalore,Electronics City,ZONE,General Physician
Bangalore,Bangalore-Cityinventory,SUPERZONE,Homeopathy
Bangalore,Malleswaram,ZONE,Cardiologist
Bangalore,Electronics City,ZONE,Orthopaedics
Bangalore,Koramangala,ZONE,Cardiologist
Bangalore,BTM Layout,ZONE,General Pediatrics
Bangalore,Hebbal + HBR layout,ZONE,General Ophthalmology
Bangalore,Malleswaram,ZONE,General Physician
Bangalore,Jayanagar,ZONE,General Surgeon
Bangalore,Jayanagar,ZONE,General Alt Medicine
Bangalore,Malleswaram,ZONE,General Dermatology
Bangalore,Koramangala,ZONE,General Psychiatry
Bangalore,Indiranagar,ZONE,General Gynecology
Bangalore,Indiranagar,ZONE,General Dermatology
Bangalore,Indiranagar,ZONE,Gastroenterologist
Bangalore,Koramangala,ZONE,General Dentistry
Bangalore,Banaswadi,ZONE,Physiotherapist
Bangalore,HSR Layout,ZONE,Pulmonologist
Bangalore,Banaswadi,ZONE,General Pediatrics
Bangalore,Marathahalli,ZONE,Pulmonologist
Bangalore,Bangalore-Cityinventory,SUPERZONE,Neurologist
Bangalore,HSR Layout,ZONE,Sexologist
Bangalore,Bangalore-Cityinventory,SUPERZONE,General Ophthalmology
Bangalore,Bangalore-Cityinventory,SUPERZONE,Sexologist
Bangalore,Koramangala,ZONE,Neurologist
Bangalore,Yeshwantpur,ZONE,General Gynecology
Bangalore,shivajinagar + MG Road,ZONE,General Dermatology
Bangalore,Electronics City,ZONE,General Pediatrics
Bangalore,Whitefield,ZONE,Neurologist
Bangalore,Whitefield,ZONE,General Ophthalmology
Bangalore,Marathahalli,ZONE,ENT
Bangalore,Indiranagar,ZONE,General Pediatrics
Bangalore,Bangalore-Cityinventory,SUPERZONE,Speech Therapist
Bangalore,Whitefield,ZONE,General Pediatrics
Bangalore,Bangalore-Cityinventory,SUPERZONE,Cardiologist
Bangalore,BTM Layout,ZONE,ENT
Bangalore,Banashankari + RR Nagar,ZONE,Oncologist
Bangalore,Hebbal + HBR layout,ZONE,General Gynecology
Bangalore,Whitefield,ZONE,Speech Therapist
Bangalore,BTM Layout,ZONE,General Alt Medicine
Bangalore,JP Nagar,ZONE,Sexologist
Bangalore,Banashankari + RR Nagar,ZONE,Sexologist
Bangalore,Hebbal + HBR layout,ZONE,Dietitian
Bangalore,Yelahanka,ZONE,Physiotherapist
Bangalore,Yeshwantpur,ZONE,Orthopaedics
Bangalore,JP Nagar,ZONE,General Surgeon
Bangalore,Koramangala,ZONE,Homeopathy
Bangalore,HSR Layout,ZONE,General Gynecology
Bangalore,JP Nagar,ZONE,Cardiologist
Bangalore,Rajajinagar,ZONE,Cardiologist
Bangalore,Yeshwantpur,ZONE,Neurologist
Bangalore,Jayanagar,ZONE,Gastroenterologist
Bangalore,Rajajinagar,ZONE,General Psychiatry
Bangalore,Yeshwantpur,ZONE,Cardiologist
Bangalore,Koramangala,ZONE,General Ophthalmology
Bangalore,Marathahalli,ZONE,Dietitian
Bangalore,Whitefield,ZONE,Cardiologist
Bangalore,Marathahalli,ZONE,Hair Transplant
Bangalore,Indiranagar,ZONE,Urologist
Bangalore,Whitefield,ZONE,Hair Transplant
Bangalore,Marathahalli,ZONE,Physiotherapist
Bangalore,HSR Layout,ZONE,General Ophthalmology
Bangalore,Bangalore-Cityinventory,SUPERZONE,General Psychiatry
Bangalore,Koramangala,ZONE,General Alt Medicine
Bangalore,Rajajinagar,ZONE,Neurologist
Bangalore,Malleswaram,ZONE,General Psychiatry
Bangalore,HSR Layout,ZONE,General Pediatrics
Bangalore,Banaswadi,ZONE,Cardiologist
Bangalore,Vijayanagar,ZONE,General Gynecology
Bangalore,Electronics City,ZONE,Pulmonologist
Bangalore,Marathahalli,ZONE,Homeopathy
Bangalore,Koramangala,ZONE,Pulmonologist
Bangalore,HSR Layout,ZONE,Homeopathy
Bangalore,Banashankari + RR Nagar,ZONE,Urologist
Bangalore,Yelahanka,ZONE,General Dermatology
Bangalore,JP Nagar,ZONE,Endocrinologist
Bangalore,Hebbal + HBR layout,ZONE,Gastroenterologist
Bangalore,Marathahalli,ZONE,Sexologist
Bangalore,Hebbal + HBR layout,ZONE,Sexologist
Bangalore,Yelahanka,ZONE,Orthopaedics
Bangalore,shivajinagar + MG Road,ZONE,Neurologist
Bangalore,Marathahalli,ZONE,Urologist
Bangalore,Banashankari + RR Nagar,ZONE,General Alt Medicine
Bangalore,Vijayanagar,ZONE,Neurologist
Bangalore,Malleswaram,ZONE,General Pediatrics
Bangalore,Banaswadi,ZONE,General Alt Medicine
Bangalore,Yelahanka,ZONE,General Physician
Bangalore,Jayanagar,ZONE,Pulmonologist
Bangalore,JP Nagar,ZONE,Orthopaedics
Bangalore,Rajajinagar,ZONE,General Dermatology
Bangalore,Banaswadi,ZONE,Neurologist
Bangalore,BTM Layout,ZONE,Physiotherapist
Bangalore,Hebbal + HBR layout,ZONE,Urologist
Bangalore,Whitefield,ZONE,General Dentistry
Bangalore,Vijayanagar,ZONE,General Psychiatry
Bangalore,Rajajinagar,ZONE,General Alt Medicine
Bangalore,Jayanagar,ZONE,Urologist
Bangalore,BTM Layout,ZONE,Orthopaedics
Bangalore,Vijayanagar,ZONE,Orthopaedics
Bangalore,Hebbal + HBR layout,ZONE,General Alt Medicine
Bangalore,Yelahanka,ZONE,General Gynecology
Bangalore,Bangalore-Cityinventory,SUPERZONE,General Surgeon
Bangalore,Koramangala,ZONE,General Physician
Bangalore,Yelahanka,ZONE,Endocrinologist
Bangalore,Banashankari + RR Nagar,ZONE,Physiotherapist
Bangalore,Rajajinagar,ZONE,Pulmonologist
Bangalore,Marathahalli,ZONE,General Dentistry
Bangalore,HSR Layout,ZONE,General Physician
Bangalore,shivajinagar + MG Road,ZONE,General Gynecology
Bangalore,Bangalore-Cityinventory,SUPERZONE,Nephrologist
Bangalore,Koramangala,ZONE,Urologist
Bangalore,shivajinagar + MG Road,ZONE,Pulmonologist
Bangalore,Malleswaram,ZONE,General Gynecology
Bangalore,BTM Layout,ZONE,Cardiologist
Bangalore,Indiranagar,ZONE,General Psychiatry
Bangalore,Yelahanka,ZONE,Urologist
Bangalore,Yelahanka,ZONE,Sexologist
Bangalore,Indiranagar,ZONE,Cardiologist
Bangalore,Bangalore-Cityinventory,SUPERZONE,General Physician
Bangalore,Jayanagar,ZONE,ENT
Bangalore,Whitefield,ZONE,General Physician
Bangalore,Indiranagar,ZONE,Orthopaedics
Bangalore,HSR Layout,ZONE,Neurologist
Bangalore,Electronics City,ZONE,ENT
Bangalore,Koramangala,ZONE,Sexologist
Bangalore,Vijayanagar,ZONE,General Ophthalmology
Bangalore,Rajajinagar,ZONE,Orthopaedics
Bangalore,JP Nagar,ZONE,Hair Transplant
Bangalore,Electronics City,ZONE,Urologist
Bangalore,Vijayanagar,ZONE,ENT
Bangalore,Yelahanka,ZONE,General Dentistry
Bangalore,Banashankari + RR Nagar,ZONE,Endocrinologist
Bangalore,Vijayanagar,ZONE,General Alt Medicine
Bangalore,Marathahalli,ZONE,General Gynecology
Bangalore,Bangalore-Cityinventory,SUPERZONE,Oncologist
Bangalore,Vijayanagar,ZONE,Endocrinologist
Bangalore,Indiranagar,ZONE,Neurologist
Bangalore,Koramangala,ZONE,General Pediatrics
Bangalore,JP Nagar,ZONE,General Dentistry
Bangalore,Jayanagar,ZONE,Neurologist
Bangalore,BTM Layout,ZONE,General Psychiatry
Bangalore,BTM Layout,ZONE,Homeopathy
Bangalore,Hebbal + HBR layout,ZONE,Physiotherapist
Bangalore,HSR Layout,ZONE,Endocrinologist
Bangalore,Yelahanka,ZONE,Cardiologist
Bangalore,Koramangala,ZONE,Hair Transplant
Bangalore,JP Nagar,ZONE,Dietitian
Bangalore,BTM Layout,ZONE,Hair Transplant
Bangalore,Marathahalli,ZONE,General Alt Medicine
Bangalore,Bangalore-Cityinventory,SUPERZONE,Pulmonologist
Bangalore,Yeshwantpur,ZONE,Pulmonologist
Bangalore,Whitefield,ZONE,ENT
Bangalore,Indiranagar,ZONE,Dietitian
Bangalore,Indiranagar,ZONE,General Ophthalmology
Bangalore,Malleswaram,ZONE,General Alt Medicine
Bangalore,Yelahanka,ZONE,Hair Transplant
Bangalore,Banaswadi,ZONE,General Surgeon
Bangalore,Hebbal + HBR layout,ZONE,Endocrinologist
Bangalore,Hebbal + HBR layout,ZONE,General Physician
Bardhaman,Bardhaman-Cityinventory,SUPERZONE,General Physician
Bardhaman,Bardhaman-Cityinventory,SUPERZONE,General Gynecology
Bardhaman,Bardhaman-Cityinventory,SUPERZONE,General Dentistry
Bardhaman,Bardhaman-Cityinventory,SUPERZONE,General Gynecology
Bardhaman,Bardhaman-Cityinventory,SUPERZONE,General Physician
Bardhaman,Bardhaman-Cityinventory,SUPERZONE,General Dentistry
Bareilly,Bareilly-Cityinventory,SUPERZONE,General Ophthalmology
Bareilly,Bareilly-Cityinventory,SUPERZONE,General Psychiatry
Bareilly,Bareilly-Cityinventory,SUPERZONE,General Pediatrics
Bareilly,Bareilly-Cityinventory,SUPERZONE,Urologist
Bareilly,Bareilly-Cityinventory,SUPERZONE,Pulmonologist
Bareilly,Bareilly-Cityinventory,SUPERZONE,Cardiologist
Bareilly,Bareilly-Cityinventory,SUPERZONE,General Gynecology
Bareilly,Bareilly-Cityinventory,SUPERZONE,General Alt Medicine
Bareilly,Bareilly-Cityinventory,SUPERZONE,General Dermatology
Bareilly,Bareilly-Cityinventory,SUPERZONE,General Dentistry
Bareilly,Bareilly-Cityinventory,SUPERZONE,Hair Transplant
Bareilly,Bareilly-Cityinventory,SUPERZONE,Orthopaedics
Bareilly,Bareilly-Cityinventory,SUPERZONE,Cosmetic/Plastic Surgeon
Bareilly,Bareilly-Cityinventory,SUPERZONE,ENT
Bareilly,Bareilly-Cityinventory,SUPERZONE,Physiotherapist
Bareilly,Bareilly-Cityinventory,SUPERZONE,Homeopathy
Bareilly,Bareilly-Cityinventory,SUPERZONE,General Physician
Bareilly,Bareilly-Cityinventory,SUPERZONE,Gastroenterologist
Bareilly,Bareilly-Cityinventory,SUPERZONE,Homeopathy
Bareilly,Bareilly-Cityinventory,SUPERZONE,Pulmonologist
Bareilly,Bareilly-Cityinventory,SUPERZONE,Gastroenterologist
Bareilly,Bareilly-Cityinventory,SUPERZONE,General Pediatrics
Bareilly,Bareilly-Cityinventory,SUPERZONE,General Ophthalmology
Bareilly,Bareilly-Cityinventory,SUPERZONE,General Dermatology
Bareilly,Bareilly-Cityinventory,SUPERZONE,Urologist
Bareilly,Bareilly-Cityinventory,SUPERZONE,General Gynecology
Bareilly,Bareilly-Cityinventory,SUPERZONE,Cardiologist
Bareilly,Bareilly-Cityinventory,SUPERZONE,General Psychiatry
Bareilly,Bareilly-Cityinventory,SUPERZONE,Hair Transplant
Bareilly,Bareilly-Cityinventory,SUPERZONE,General Dentistry
Bareilly,Bareilly-Cityinventory,SUPERZONE,Orthopaedics
Bareilly,Bareilly-Cityinventory,SUPERZONE,General Physician
Bareilly,Bareilly-Cityinventory,SUPERZONE,General Alt Medicine
Bareilly,Bareilly-Cityinventory,SUPERZONE,Cosmetic/Plastic Surgeon
Bareilly,Bareilly-Cityinventory,SUPERZONE,Physiotherapist
Bareilly,Bareilly-Cityinventory,SUPERZONE,ENT
Bathinda,Bathinda-Cityinventory,SUPERZONE,General Dermatology
Bathinda,Bathinda-Cityinventory,SUPERZONE,General Dentistry
Bathinda,Bathinda-Cityinventory,SUPERZONE,General Alt Medicine
Bathinda,Bathinda-Cityinventory,SUPERZONE,General Physician
Bathinda,Bathinda-Cityinventory,SUPERZONE,ENT
Bathinda,Bathinda-Cityinventory,SUPERZONE,Gastroenterologist
Bathinda,Bathinda-Cityinventory,SUPERZONE,Orthopaedics
Bathinda,Bathinda-Cityinventory,SUPERZONE,ENT
Bathinda,Bathinda-Cityinventory,SUPERZONE,Orthopaedics
Bathinda,Bathinda-Cityinventory,SUPERZONE,Gastroenterologist
Bathinda,Bathinda-Cityinventory,SUPERZONE,General Dermatology
Bathinda,Bathinda-Cityinventory,SUPERZONE,General Physician
Bathinda,Bathinda-Cityinventory,SUPERZONE,General Dentistry
Begusarai,Begusarai-Cityinventory,SUPERZONE,General Physician
Begusarai,Begusarai-Cityinventory,SUPERZONE,General Physician
Belgaum,Belgaum-Cityinventory,SUPERZONE,Hair Transplant
Belgaum,Belgaum-Cityinventory,SUPERZONE,General Dermatology
Belgaum,Belgaum-Cityinventory,SUPERZONE,Gastroenterologist
Belgaum,Belgaum-Cityinventory,SUPERZONE,General Dentistry
Belgaum,Belgaum-Cityinventory,SUPERZONE,General Physician
Belgaum,Belgaum-Cityinventory,SUPERZONE,Orthopaedics
Belgaum,Belgaum-Cityinventory,SUPERZONE,General Dermatology
Belgaum,Belgaum-Cityinventory,SUPERZONE,Hair Transplant
Belgaum,Belgaum-Cityinventory,SUPERZONE,Orthopaedics
Belgaum,Belgaum-Cityinventory,SUPERZONE,Gastroenterologist
Belgaum,Belgaum-Cityinventory,SUPERZONE,General Physician
Belgaum,Belgaum-Cityinventory,SUPERZONE,General Dentistry
Bharatpur,Bharatpur-Cityinventory,SUPERZONE,General Physician
Bharatpur,Bharatpur-Cityinventory,SUPERZONE,General Physician
Bharuch,Bharuch-Cityinventory,SUPERZONE,General Physician
Bharuch,Bharuch-Cityinventory,SUPERZONE,General Gynecology
Bharuch,Bharuch-Cityinventory,SUPERZONE,General Dentistry
Bharuch,Bharuch-Cityinventory,SUPERZONE,General Gynecology
Bharuch,Bharuch-Cityinventory,SUPERZONE,General Dentistry
Bharuch,Bharuch-Cityinventory,SUPERZONE,General Physician
Bhilai,Bhilai-Cityinventory,SUPERZONE,General Dentistry
Bhilai,Bhilai-Cityinventory,SUPERZONE,General Physician
Bhilai,Bhilai-Cityinventory,SUPERZONE,General Dentistry
Bhilai,Bhilai-Cityinventory,SUPERZONE,General Physician
Bhiwadi,Bhiwadi-Cityinventory,SUPERZONE,General Physician
Bhiwadi,Bhiwadi-Cityinventory,SUPERZONE,General Physician
Bhopal,Bhopal-Cityinventory,SUPERZONE,Homeopathy
Bhopal,Central Bhopal,ZONE,ENT
Bhopal,South Bhopal,ZONE,General Dentistry
Bhopal,Old Bhopal,ZONE,General Physician
Bhopal,Central Bhopal,ZONE,General Gynecology
Bhopal,Bhopal-Cityinventory,SUPERZONE,Pulmonologist
Bhopal,Old Bhopal,ZONE,General Dermatology
Bhopal,East Bhopal,ZONE,General Physician
Bhopal,Old Bhopal,ZONE,General Psychiatry
Bhopal,Bhopal-Cityinventory,SUPERZONE,General Gynecology
Bhopal,Old Bhopal,ZONE,General Gynecology
Bhopal,Bhopal-Cityinventory,SUPERZONE,General Surgeon
Bhopal,Bhopal-Cityinventory,SUPERZONE,General Ophthalmology
Bhopal,Central Bhopal,ZONE,General Dentistry
Bhopal,Bhopal-Cityinventory,SUPERZONE,General Physician
Bhopal,Bhopal-Cityinventory,SUPERZONE,General Dermatology
Bhopal,Bhopal-Cityinventory,SUPERZONE,Urologist
Bhopal,Bhopal-Cityinventory,SUPERZONE,Oncologist
Bhopal,Bhopal-Cityinventory,SUPERZONE,General Pediatrics
Bhopal,Bhopal-Cityinventory,SUPERZONE,Endocrinologist
Bhopal,Bhopal-Cityinventory,SUPERZONE,Dietitian
Bhopal,South Bhopal,ZONE,General Gynecology
Bhopal,Central Bhopal,ZONE,General Physician
Bhopal,Bhopal-Cityinventory,SUPERZONE,Physiotherapist
Bhopal,Bhopal-Cityinventory,SUPERZONE,Orthopaedics
Bhopal,Bhopal-Cityinventory,SUPERZONE,ENT
Bhopal,Central Bhopal,ZONE,General Psychiatry
Bhopal,South Bhopal,ZONE,Homeopathy
Bhopal,Old Bhopal,ZONE,General Dentistry
Bhopal,Bhopal-Cityinventory,SUPERZONE,General Dentistry
Bhopal,Bhopal-Cityinventory,SUPERZONE,Cardiologist
Bhopal,Bhopal-Cityinventory,SUPERZONE,Cosmetic/Plastic Surgeon
Bhopal,East Bhopal,ZONE,General Gynecology
Bhopal,Bhopal-Cityinventory,SUPERZONE,General Psychiatry
Bhopal,Bhopal-Cityinventory,SUPERZONE,Gastroenterologist
Bhopal,Bhopal-Cityinventory,SUPERZONE,Neurologist
Bhopal,Bhopal-Cityinventory,SUPERZONE,Sexologist
Bhopal,Bhopal-Cityinventory,SUPERZONE,Hair Transplant
Bhopal,Old Bhopal,ZONE,Orthopaedics
Bhopal,East Bhopal,ZONE,General Pediatrics
Bhopal,Bhopal-Cityinventory,SUPERZONE,General Alt Medicine
Bhopal,Central Bhopal,ZONE,General Dermatology
Bhopal,East Bhopal,ZONE,General Physician
Bhopal,Bhopal-Cityinventory,SUPERZONE,General Dentistry
Bhopal,Bhopal-Cityinventory,SUPERZONE,Neurologist
Bhopal,Central Bhopal,ZONE,General Dentistry
Bhopal,Old Bhopal,ZONE,General Physician
Bhopal,Bhopal-Cityinventory,SUPERZONE,Hair Transplant
Bhopal,Bhopal-Cityinventory,SUPERZONE,Homeopathy
Bhopal,Bhopal-Cityinventory,SUPERZONE,Endocrinologist
Bhopal,Bhopal-Cityinventory,SUPERZONE,General Surgeon
Bhopal,Bhopal-Cityinventory,SUPERZONE,Sexologist
Bhopal,Bhopal-Cityinventory,SUPERZONE,General Ophthalmology
Bhopal,Bhopal-Cityinventory,SUPERZONE,Dietitian
Bhopal,Central Bhopal,ZONE,General Physician
Bhopal,Old Bhopal,ZONE,General Gynecology
Bhopal,Bhopal-Cityinventory,SUPERZONE,General Pediatrics
Bhopal,Bhopal-Cityinventory,SUPERZONE,Urologist
Bhopal,Bhopal-Cityinventory,SUPERZONE,Cardiologist
Bhopal,Bhopal-Cityinventory,SUPERZONE,General Dermatology
Bhopal,Central Bhopal,ZONE,ENT
Bhopal,Bhopal-Cityinventory,SUPERZONE,Oncologist
Bhopal,Central Bhopal,ZONE,General Gynecology
Bhopal,South Bhopal,ZONE,Homeopathy
Bhopal,South Bhopal,ZONE,General Gynecology
Bhopal,Central Bhopal,ZONE,General Psychiatry
Bhopal,Old Bhopal,ZONE,Orthopaedics
Bhopal,Old Bhopal,ZONE,General Dermatology
Bhopal,Central Bhopal,ZONE,General Dermatology
Bhopal,Bhopal-Cityinventory,SUPERZONE,ENT
Bhopal,Bhopal-Cityinventory,SUPERZONE,Cosmetic/Plastic Surgeon
Bhopal,Bhopal-Cityinventory,SUPERZONE,General Alt Medicine
Bhopal,Bhopal-Cityinventory,SUPERZONE,General Gynecology
Bhopal,Bhopal-Cityinventory,SUPERZONE,Physiotherapist
Bhopal,South Bhopal,ZONE,General Dentistry
Bhopal,East Bhopal,ZONE,General Gynecology
Bhopal,Old Bhopal,ZONE,General Dentistry
Bhopal,Bhopal-Cityinventory,SUPERZONE,Pulmonologist
Bhopal,East Bhopal,ZONE,General Pediatrics
Bhopal,Old Bhopal,ZONE,General Psychiatry
Bhopal,Bhopal-Cityinventory,SUPERZONE,Orthopaedics
Bhopal,Bhopal-Cityinventory,SUPERZONE,Gastroenterologist
Bhopal,Bhopal-Cityinventory,SUPERZONE,General Psychiatry
Bhopal,Bhopal-Cityinventory,SUPERZONE,General Physician
Bhubaneswar,Bhubaneswar-Cityinventory,SUPERZONE,Orthopaedics
Bhubaneswar,Bhubaneswar-Cityinventory,SUPERZONE,Oncologist
Bhubaneswar,Bhubaneswar,ZONE,General Dentistry
Bhubaneswar,Bhubaneswar,ZONE,General Dermatology
Bhubaneswar,Bhubaneswar-Cityinventory,SUPERZONE,General Physician
Bhubaneswar,Bhubaneswar-Cityinventory,SUPERZONE,General Dentistry
Bhubaneswar,Bhubaneswar-Cityinventory,SUPERZONE,Pulmonologist
Bhubaneswar,Bhubaneswar,ZONE,Homeopathy
Bhubaneswar,Bhubaneswar,ZONE,General Physician
Bhubaneswar,Bhubaneswar-Cityinventory,SUPERZONE,Endocrinologist
Bhubaneswar,Bhubaneswar-Cityinventory,SUPERZONE,Neurologist
Bhubaneswar,Bhubaneswar-Cityinventory,SUPERZONE,Speech Therapist
Bhubaneswar,Bhubaneswar-Cityinventory,SUPERZONE,General Ophthalmology
Bhubaneswar,Bhubaneswar-Cityinventory,SUPERZONE,Cosmetic/Plastic Surgeon
Bhubaneswar,Bhubaneswar-Cityinventory,SUPERZONE,General Gynecology
Bhubaneswar,Bhubaneswar-Cityinventory,SUPERZONE,Hair Transplant
Bhubaneswar,Bhubaneswar,ZONE,General Psychiatry
Bhubaneswar,Bhubaneswar,ZONE,Orthopaedics
Bhubaneswar,Bhubaneswar-Cityinventory,SUPERZONE,General Alt Medicine
Bhubaneswar,Bhubaneswar-Cityinventory,SUPERZONE,General Psychiatry
Bhubaneswar,Bhubaneswar-Cityinventory,SUPERZONE,Gastroenterologist
Bhubaneswar,Bhubaneswar-Cityinventory,SUPERZONE,Nephrologist
Bhubaneswar,Bhubaneswar-Cityinventory,SUPERZONE,General Surgeon
Bhubaneswar,Bhubaneswar-Cityinventory,SUPERZONE,General Pediatrics
Bhubaneswar,Bhubaneswar-Cityinventory,SUPERZONE,Sexologist
Bhubaneswar,Bhubaneswar-Cityinventory,SUPERZONE,Cardiologist
Bhubaneswar,Bhubaneswar,ZONE,Neurologist
Bhubaneswar,Bhubaneswar,ZONE,General Gynecology
Bhubaneswar,Bhubaneswar-Cityinventory,SUPERZONE,ENT
Bhubaneswar,Bhubaneswar-Cityinventory,SUPERZONE,Urologist
Bhubaneswar,Bhubaneswar-Cityinventory,SUPERZONE,Physiotherapist
Bhubaneswar,Bhubaneswar-Cityinventory,SUPERZONE,General Dermatology
Bhubaneswar,Bhubaneswar-Cityinventory,SUPERZONE,Homeopathy
Bhubaneswar,Bhubaneswar-Cityinventory,SUPERZONE,Dietitian
Bhubaneswar,Bhubaneswar-Cityinventory,SUPERZONE,Hair Transplant
Bhubaneswar,Bhubaneswar,ZONE,General Dentistry
Bhubaneswar,Bhubaneswar-Cityinventory,SUPERZONE,Sexologist
Bhubaneswar,Bhubaneswar-Cityinventory,SUPERZONE,Cosmetic/Plastic Surgeon
Bhubaneswar,Bhubaneswar-Cityinventory,SUPERZONE,Speech Therapist
Bhubaneswar,Bhubaneswar-Cityinventory,SUPERZONE,Pulmonologist
Bhubaneswar,Bhubaneswar-Cityinventory,SUPERZONE,Dietitian
Bhubaneswar,Bhubaneswar-Cityinventory,SUPERZONE,Urologist
Bhubaneswar,Bhubaneswar-Cityinventory,SUPERZONE,ENT
Bhubaneswar,Bhubaneswar,ZONE,General Gynecology
Bhubaneswar,Bhubaneswar,ZONE,Homeopathy
Bhubaneswar,Bhubaneswar-Cityinventory,SUPERZONE,Endocrinologist
Bhubaneswar,Bhubaneswar-Cityinventory,SUPERZONE,Physiotherapist
Bhubaneswar,Bhubaneswar,ZONE,General Physician
Bhubaneswar,Bhubaneswar,ZONE,General Dermatology
Bhubaneswar,Bhubaneswar-Cityinventory,SUPERZONE,Orthopaedics
Bhubaneswar,Bhubaneswar-Cityinventory,SUPERZONE,Gastroenterologist
Bhubaneswar,Bhubaneswar-Cityinventory,SUPERZONE,General Gynecology
Bhubaneswar,Bhubaneswar-Cityinventory,SUPERZONE,General Physician
Bhubaneswar,Bhubaneswar-Cityinventory,SUPERZONE,General Psychiatry
Bhubaneswar,Bhubaneswar-Cityinventory,SUPERZONE,Neurologist
Bhubaneswar,Bhubaneswar-Cityinventory,SUPERZONE,General Alt Medicine
Bhubaneswar,Bhubaneswar-Cityinventory,SUPERZONE,Homeopathy
Bhubaneswar,Bhubaneswar-Cityinventory,SUPERZONE,Oncologist
Bhubaneswar,Bhubaneswar-Cityinventory,SUPERZONE,Cardiologist
Bhubaneswar,Bhubaneswar-Cityinventory,SUPERZONE,General Pediatrics
Bhubaneswar,Bhubaneswar-Cityinventory,SUPERZONE,Nephrologist
Bhubaneswar,Bhubaneswar-Cityinventory,SUPERZONE,General Ophthalmology
Bhubaneswar,Bhubaneswar,ZONE,General Pediatrics
Bhubaneswar,Bhubaneswar-Cityinventory,SUPERZONE,General Dermatology
Bhubaneswar,Bhubaneswar-Cityinventory,SUPERZONE,General Surgeon
Bhubaneswar,Bhubaneswar,ZONE,ENT
Bhubaneswar,Bhubaneswar,ZONE,Orthopaedics
Bhubaneswar,Bhubaneswar-Cityinventory,SUPERZONE,General Dentistry
Bhubaneswar,Bhubaneswar,ZONE,Neurologist
Bikaner,Bikaner-Cityinventory,SUPERZONE,General Dentistry
Bikaner,Bikaner-Cityinventory,SUPERZONE,General Physician
Bikaner,Bikaner-Cityinventory,SUPERZONE,General Dentistry
Bikaner,Bikaner-Cityinventory,SUPERZONE,General Physician
Bilaspur,Bilaspur-Cityinventory,SUPERZONE,Orthopaedics
Bilaspur,Bilaspur-Cityinventory,SUPERZONE,General Physician
Bilaspur,Bilaspur-Cityinventory,SUPERZONE,Urologist
Bilaspur,Bilaspur-Cityinventory,SUPERZONE,ENT
Bilaspur,Bilaspur-Cityinventory,SUPERZONE,Gastroenterologist
Bilaspur,Bilaspur-Cityinventory,SUPERZONE,General Dentistry
Bilaspur,Bilaspur-Cityinventory,SUPERZONE,Neurologist
Bilaspur,Bilaspur-Cityinventory,SUPERZONE,General Gynecology
Bilaspur,Bilaspur-Cityinventory,SUPERZONE,General Surgeon
Bilaspur,Bilaspur-Cityinventory,SUPERZONE,Endocrinologist
Bilaspur,Bilaspur-Cityinventory,SUPERZONE,General Dentistry
Bilaspur,Bilaspur-Cityinventory,SUPERZONE,General Dermatology
Bilaspur,Bilaspur-Cityinventory,SUPERZONE,General Ophthalmology
Bilaspur,Bilaspur-Cityinventory,SUPERZONE,General Physician
Bilaspur,Bilaspur-Cityinventory,SUPERZONE,Endocrinologist
Bilaspur,Bilaspur-Cityinventory,SUPERZONE,General Ophthalmology
Bilaspur,Bilaspur-Cityinventory,SUPERZONE,Neurologist
Bilaspur,Bilaspur-Cityinventory,SUPERZONE,General Gynecology
Bilaspur,Bilaspur-Cityinventory,SUPERZONE,ENT
Bilaspur,Bilaspur-Cityinventory,SUPERZONE,General Ophthalmology
Bilaspur,Bilaspur-Cityinventory,SUPERZONE,General Dermatology
Bilaspur,Bilaspur-Cityinventory,SUPERZONE,Urologist
Bilaspur,Bilaspur-Cityinventory,SUPERZONE,Endocrinologist
Bilaspur,Bilaspur-Cityinventory,SUPERZONE,Orthopaedics
Bilaspur,Bilaspur-Cityinventory,SUPERZONE,Urologist
Bilaspur,Bilaspur-Cityinventory,SUPERZONE,General Surgeon
Bilaspur,Bilaspur-Cityinventory,SUPERZONE,Gastroenterologist
Bilaspur,Bilaspur-Cityinventory,SUPERZONE,General Physician
Bilaspur,Bilaspur-Cityinventory,SUPERZONE,Gastroenterologist
Bilaspur,Bilaspur-Cityinventory,SUPERZONE,General Dentistry
Bilaspur,Bilaspur-Cityinventory,SUPERZONE,Orthopaedics
Bilaspur,Bilaspur-Cityinventory,SUPERZONE,General Dermatology
Bilaspur,Bilaspur-Cityinventory,SUPERZONE,Neurologist
Bilaspur,Bilaspur-Cityinventory,SUPERZONE,General Dentistry
Bilaspur,Bilaspur-Cityinventory,SUPERZONE,General Surgeon
Bilaspur,Bilaspur-Cityinventory,SUPERZONE,General Physician
Bilaspur,Bilaspur,ZONE,General Physician
Bilaspur,Bilaspur-Cityinventory,SUPERZONE,General Gynecology
Bilaspur,Bilaspur-Cityinventory,SUPERZONE,ENT
Bokaro,Bokaro-Cityinventory,SUPERZONE,General Dentistry
Bokaro,Bokaro-Cityinventory,SUPERZONE,General Physician
Bokaro,Bokaro-Cityinventory,SUPERZONE,General Physician
Bokaro,Bokaro-Cityinventory,SUPERZONE,General Dentistry
Chandigarh,Sector 20,ZONE,General Dentistry
Chandigarh,Chandigarh-Cityinventory,SUPERZONE,Dietitian
Chandigarh,Sector 20,ZONE,General Pediatrics
Chandigarh,Sector 36,ZONE,General Psychiatry
Chandigarh,Sector 36,ZONE,General Pediatrics
Chandigarh,Chandigarh-Cityinventory,SUPERZONE,Homeopathy
Chandigarh,Chandigarh-Cityinventory,SUPERZONE,General Surgeon
Chandigarh,Sector 20,ZONE,ENT
Chandigarh,Sector 20,ZONE,General Alt Medicine
Chandigarh,Sector 20,ZONE,Sexologist
Chandigarh,Chandigarh-Cityinventory,SUPERZONE,Hair Transplant
Chandigarh,Chandigarh-Cityinventory,SUPERZONE,General Pediatrics
Chandigarh,Sector 20,ZONE,General Gynecology
Chandigarh,Sector 20,ZONE,General Psychiatry
Chandigarh,Chandigarh-Cityinventory,SUPERZONE,Veterinarian
Chandigarh,Chandigarh-Cityinventory,SUPERZONE,General Gynecology
Chandigarh,Sector 20,ZONE,Urologist
Chandigarh,Sector 36,ZONE,Neurologist
Chandigarh,Sector 20,ZONE,General Ophthalmology
Chandigarh,Chandigarh-Cityinventory,SUPERZONE,Pulmonologist
Chandigarh,Chandigarh-Cityinventory,SUPERZONE,Gastroenterologist
Chandigarh,Chandigarh-Cityinventory,SUPERZONE,Orthopaedics
Chandigarh,Chandigarh-Cityinventory,SUPERZONE,Neurologist
Chandigarh,Chandigarh-Cityinventory,SUPERZONE,General Dermatology
Chandigarh,Sector 36,ZONE,Homeopathy
Chandigarh,Chandigarh-Cityinventory,SUPERZONE,General Psychiatry
Chandigarh,Sector 20,ZONE,General Physician
Chandigarh,Sector 36,ZONE,ENT
Chandigarh,Chandigarh-Cityinventory,SUPERZONE,Oncologist
Chandigarh,Chandigarh-Cityinventory,SUPERZONE,General Physician
Chandigarh,Sector 20,ZONE,Orthopaedics
Chandigarh,Sector 36,ZONE,Orthopaedics
Chandigarh,Sector 36,ZONE,Urologist
Chandigarh,Sector 36,ZONE,Gastroenterologist
Chandigarh,Sector 20,ZONE,Homeopathy
Chandigarh,Sector 36,ZONE,General Dermatology
Chandigarh,Sector 20,ZONE,General Dermatology
Chandigarh,Sector 36,ZONE,General Gynecology
Chandigarh,Chandigarh-Cityinventory,SUPERZONE,Cardiologist
Chandigarh,Sector 36,ZONE,General Alt Medicine
Chandigarh,Sector 36,ZONE,Physiotherapist
Chandigarh,Chandigarh-Cityinventory,SUPERZONE,Urologist
Chandigarh,Sector 36,ZONE,Cardiologist
Chandigarh,Chandigarh-Cityinventory,SUPERZONE,General Ophthalmology
Chandigarh,Sector 36,ZONE,General Dentistry
Chandigarh,Chandigarh-Cityinventory,SUPERZONE,Physiotherapist
Chandigarh,Chandigarh-Cityinventory,SUPERZONE,Sexologist
Chandigarh,Chandigarh-Cityinventory,SUPERZONE,General Alt Medicine
Chandigarh,Sector 20,ZONE,Gastroenterologist
Chandigarh,Sector 20,ZONE,Physiotherapist
Chandigarh,Chandigarh-Cityinventory,SUPERZONE,Cosmetic/Plastic Surgeon
Chandigarh,Chandigarh-Cityinventory,SUPERZONE,ENT
Chandigarh,Sector 36,ZONE,Sexologist
Chandigarh,Sector 36,ZONE,General Ophthalmology
Chandigarh,Sector 20,ZONE,Neurologist
Chandigarh,Chandigarh-Cityinventory,SUPERZONE,General Dentistry
Chandigarh,Chandigarh-Cityinventory,SUPERZONE,Endocrinologist
Chandigarh,Sector 36,ZONE,General Physician
Chandigarh,Sector 20,ZONE,Cosmetic/Plastic Surgeon
Chandigarh,Sector 36,ZONE,General Physician
Chandigarh,Chandigarh-Cityinventory,SUPERZONE,Cosmetic/Plastic Surgeon
Chandigarh,Chandigarh-Cityinventory,SUPERZONE,Sexologist
Chandigarh,Sector 36,ZONE,General Dentistry
Chandigarh,Chandigarh-Cityinventory,SUPERZONE,General Physician
Chandigarh,Sector 20,ZONE,General Dentistry
Chandigarh,Chandigarh-Cityinventory,SUPERZONE,Urologist
Chandigarh,Sector 36,ZONE,ENT
Chandigarh,Sector 20,ZONE,General Physician
Chandigarh,Sector 20,ZONE,Homeopathy
Chandigarh,Chandigarh-Cityinventory,SUPERZONE,ENT
Chandigarh,Chandigarh-Cityinventory,SUPERZONE,General Surgeon
Chandigarh,Sector 20,ZONE,Orthopaedics
Chandigarh,Sector 36,ZONE,Sexologist
Chandigarh,Chandigarh-Cityinventory,SUPERZONE,General Pediatrics
Chandigarh,Sector 36,ZONE,General Ophthalmology
Chandigarh,Sector 36,ZONE,Urologist
Chandigarh,Chandigarh-Cityinventory,SUPERZONE,Neurologist
Chandigarh,Sector 20,ZONE,Cosmetic/Plastic Surgeon
Chandigarh,Sector 20,ZONE,General Ophthalmology
Chandigarh,Sector 36,ZONE,Gastroenterologist
Chandigarh,Sector 20,ZONE,Gastroenterologist
Chandigarh,Chandigarh-Cityinventory,SUPERZONE,Cardiologist
Chandigarh,Chandigarh-Cityinventory,SUPERZONE,Orthopaedics
Chandigarh,Sector 20,ZONE,General Psychiatry
Chandigarh,Sector 36,ZONE,General Alt Medicine
Chandigarh,Chandigarh-Cityinventory,SUPERZONE,Veterinarian
Chandigarh,Chandigarh-Cityinventory,SUPERZONE,Physiotherapist
Chandigarh,Chandigarh-Cityinventory,SUPERZONE,Oncologist
Chandigarh,Chandigarh-Cityinventory,SUPERZONE,Hair Transplant
Chandigarh,Sector 20,ZONE,Urologist
Chandigarh,Chandigarh-Cityinventory,SUPERZONE,Gastroenterologist
Chandigarh,Sector 36,ZONE,General Dermatology
Chandigarh,Chandigarh-Cityinventory,SUPERZONE,General Gynecology
Chandigarh,Sector 36,ZONE,Physiotherapist
Chandigarh,Chandigarh-Cityinventory,SUPERZONE,Pulmonologist
Chandigarh,Chandigarh-Cityinventory,SUPERZONE,General Psychiatry
Chandigarh,Chandigarh-Cityinventory,SUPERZONE,General Dermatology
Chandigarh,Chandigarh-Cityinventory,SUPERZONE,Dietitian
Chandigarh,Chandigarh-Cityinventory,SUPERZONE,General Dentistry
Chandigarh,Chandigarh-Cityinventory,SUPERZONE,Homeopathy
Chandigarh,Sector 20,ZONE,ENT
Chandigarh,Chandigarh-Cityinventory,SUPERZONE,Endocrinologist
Chandigarh,Sector 20,ZONE,General Alt Medicine
Chandigarh,Sector 20,ZONE,General Dermatology
Chandigarh,Sector 20,ZONE,General Pediatrics
Chandigarh,Chandigarh-Cityinventory,SUPERZONE,General Alt Medicine
Chandigarh,Sector 20,ZONE,Sexologist
Chandigarh,Sector 20,ZONE,General Gynecology
Chandigarh,Chandigarh-Cityinventory,SUPERZONE,General Ophthalmology
Chandigarh,Sector 20,ZONE,Physiotherapist
Chandigarh,Sector 36,ZONE,General Gynecology
Chandigarh,Sector 36,ZONE,General Psychiatry
Chandigarh,Sector 36,ZONE,Orthopaedics
Chandigarh,Sector 36,ZONE,General Pediatrics
Chennai,Chennai South West 2,ZONE,General Physician
Chennai,Chennai Central East,ZONE,Cardiologist
Chennai,Chennai South West 2,ZONE,Veterinarian
Chennai,Chennai South,ZONE,Oncologist
Chennai,Chennai-Cityinventory,SUPERZONE,Pulmonologist
Chennai,Chennai North,ZONE,General Dentistry
Chennai,Chennai Central,ZONE,General Dermatology
Chennai,Chennai-Cityinventory,SUPERZONE,Hematologist
Chennai,Chennai Central,ZONE,Urologist
Chennai,Chennai Central,ZONE,General Dentistry
Chennai,Chennai North,ZONE,Cardiologist
Chennai,Chennai Central,ZONE,General Physician
Chennai,Chennai West,ZONE,Cosmetic/Plastic Surgeon
Chennai,Chennai North,ZONE,Oncologist
Chennai,Chennai South 2,ZONE,Urologist
Chennai,Chennai-Cityinventory,SUPERZONE,Orthopaedics
Chennai,Chennai Central,ZONE,Nephrologist
Chennai,Chennai North East,ZONE,General Psychiatry
Chennai,Chennai West,ZONE,General Alt Medicine
Chennai,Chennai South West 1,ZONE,General Alt Medicine
Chennai,Chennai South 1,ZONE,General Physician
Chennai,Chennai South 2,ZONE,Physiotherapist
Chennai,Chennai Central East,ZONE,Endocrinologist
Chennai,Chennai North East,ZONE,General Pediatrics
Chennai,Chennai North,ZONE,Homeopathy
Chennai,Chennai-Cityinventory,SUPERZONE,Speech Therapist
Chennai,Chennai South 1,ZONE,General Gynecology
Chennai,Chennai-Cityinventory,SUPERZONE,Cardiologist
Chennai,Chennai South East 1,ZONE,Cardiologist
Chennai,Chennai North East,ZONE,Gastroenterologist
Chennai,Chennai South 2,ZONE,General Psychiatry
Chennai,Chennai North East,ZONE,Urologist
Chennai,Chennai Central East,ZONE,General Ophthalmology
Chennai,Chennai North,ZONE,Orthopaedics
Chennai,Chennai Central East,ZONE,Orthopaedics
Chennai,Chennai South East 1,ZONE,Hair Transplant
Chennai,Chennai South West 2,ZONE,Dietitian
Chennai,Chennai Central,ZONE,Gastroenterologist
Chennai,Chennai South East 2,ZONE,Gastroenterologist
Chennai,Chennai South West 2,ZONE,Gastroenterologist
Chennai,Chennai South 2,ZONE,General Ophthalmology
Chennai,Chennai South West 1,ZONE,Dietitian
Chennai,Chennai-Cityinventory,SUPERZONE,Dietitian
Chennai,Chennai South 1,ZONE,Cardiologist
Chennai,Chennai South East 2,ZONE,Orthopaedics
Chennai,Chennai West,ZONE,ENT
Chennai,Chennai North,ZONE,General Pediatrics
Chennai,Chennai South West 1,ZONE,Oncologist
Chennai,Chennai West,ZONE,Veterinarian
Chennai,Chennai Central East,ZONE,General Psychiatry
Chennai,Chennai Central East,ZONE,General Dermatology
Chennai,Chennai South West 1,ZONE,Sexologist
Chennai,Chennai South 2,ZONE,Nephrologist
Chennai,Chennai Central East,ZONE,General Alt Medicine
Chennai,Chennai South West 1,ZONE,General Dentistry
Chennai,Chennai South East 1,ZONE,General Ophthalmology
Chennai,Chennai South West 2,ZONE,Cardiologist
Chennai,Chennai-Cityinventory,SUPERZONE,General Psychiatry
Chennai,Chennai South 2,ZONE,Orthopaedics
Chennai,Chennai-Cityinventory,SUPERZONE,General Alt Medicine
Chennai,Chennai-Cityinventory,SUPERZONE,Homeopathy
Chennai,Chennai Central East,ZONE,Oncologist
Chennai,Chennai South West 1,ZONE,General Gynecology
Chennai,Chennai South West 1,ZONE,Urologist
Chennai,Chennai North,ZONE,Neurologist
Chennai,Chennai-Cityinventory,SUPERZONE,Occupational Therapist
Chennai,Chennai South West 1,ZONE,Endocrinologist
Chennai,Chennai South East 2,ZONE,ENT
Chennai,Chennai North,ZONE,Sexologist
Chennai,Chennai South East 1,ZONE,Neurologist
Chennai,Chennai South 2,ZONE,ENT
Chennai,Chennai South 1,ZONE,Pulmonologist
Chennai,Chennai South 1,ZONE,Physiotherapist
Chennai,Chennai South 1,ZONE,Orthopaedics
Chennai,Chennai South 2,ZONE,Cardiologist
Chennai,Chennai South 1,ZONE,General Dentistry
Chennai,Chennai South 1,ZONE,General Pediatrics
Chennai,Chennai South West 1,ZONE,Pulmonologist
Chennai,Chennai South 2,ZONE,Endocrinologist
Chennai,Chennai West,ZONE,General Psychiatry
Chennai,Chennai West,ZONE,Neurologist
Chennai,Chennai North,ZONE,Endocrinologist
Chennai,Chennai Central,ZONE,Physiotherapist
Chennai,Chennai North,ZONE,General Ophthalmology
Chennai,Chennai South West 2,ZONE,General Ophthalmology
Chennai,Chennai-Cityinventory,SUPERZONE,Vascular Surgeon
Chennai,Chennai South East 1,ZONE,General Pediatrics
Chennai,Chennai-Cityinventory,SUPERZONE,General Gynecology
Chennai,Chennai-Cityinventory,SUPERZONE,General Dermatology
Chennai,Chennai Central East,ZONE,Sexologist
Chennai,Chennai North East,ZONE,Oncologist
Chennai,Chennai South East 2,ZONE,Physiotherapist
Chennai,Chennai Central,ZONE,Dietitian
Chennai,Chennai South West 1,ZONE,Cardiologist
Chennai,Chennai South 1,ZONE,Gastroenterologist
Chennai,Chennai North,ZONE,Gastroenterologist
Chennai,Chennai-Cityinventory,SUPERZONE,Oncologist
Chennai,Chennai South Central,ZONE,ENT
Chennai,Chennai Central,ZONE,General Alt Medicine
Chennai,Chennai Central,ZONE,Sexologist
Chennai,Chennai Central East,ZONE,Gastroenterologist
Chennai,Chennai-Cityinventory,SUPERZONE,Nephrologist
Chennai,Chennai Central,ZONE,Cosmetic/Plastic Surgeon
Chennai,Chennai North,ZONE,General Gynecology
Chennai,Chennai-Cityinventory,SUPERZONE,Radiology
Chennai,Chennai North East,ZONE,General Physician
Chennai,Chennai South 1,ZONE,Oncologist
Chennai,Chennai West,ZONE,General Gynecology
Chennai,Chennai West,ZONE,General Ophthalmology
Chennai,Chennai South West 2,ZONE,Nephrologist
Chennai,Chennai Central,ZONE,Endocrinologist
Chennai,Chennai-Cityinventory,SUPERZONE,General Dentistry
Chennai,Chennai South 2,ZONE,Neurologist
Chennai,Chennai South West 1,ZONE,Neurologist
Chennai,Chennai South East 1,ZONE,Pulmonologist
Chennai,Chennai South Central,ZONE,Oncologist
Chennai,Chennai South West 2,ZONE,General Psychiatry
Chennai,Chennai South West 2,ZONE,General Surgeon
Chennai,Chennai-Cityinventory,SUPERZONE,General Surgeon
Chennai,Chennai South West 2,ZONE,Neurologist
Chennai,Chennai West,ZONE,Oncologist
Chennai,Chennai North East,ZONE,Endocrinologist
Chennai,Chennai Central,ZONE,General Ophthalmology
Chennai,Chennai-Cityinventory,SUPERZONE,General Pediatrics
Chennai,Chennai North,ZONE,Pulmonologist
Chennai,Chennai West,ZONE,Endocrinologist
Chennai,Chennai North East,ZONE,ENT
Chennai,Chennai Central,ZONE,General Pediatrics
Chennai,Chennai South 1,ZONE,General Alt Medicine
Chennai,Chennai West,ZONE,General Pediatrics
Chennai,Chennai Central East,ZONE,General Physician
Chennai,Chennai South 1,ZONE,Urologist
Chennai,Chennai-Cityinventory,SUPERZONE,General Physician
Chennai,Chennai South West 2,ZONE,General Dentistry
Chennai,Chennai West,ZONE,Sexologist
Chennai,Chennai South West 1,ZONE,General Psychiatry
Chennai,Chennai North East,ZONE,Orthopaedics
Chennai,Chennai South Central,ZONE,General Gynecology
Chennai,Chennai South East 2,ZONE,General Pediatrics
Chennai,Chennai South West 1,ZONE,General Physician
Chennai,Chennai South Central,ZONE,General Dentistry
Chennai,Chennai South East 1,ZONE,Physiotherapist
Chennai,Chennai Central East,ZONE,Pulmonologist
Chennai,Chennai South East 1,ZONE,General Dermatology
Chennai,Chennai North,ZONE,Physiotherapist
Chennai,Chennai South 1,ZONE,ENT
Chennai,Chennai South West 2,ZONE,Urologist
Chennai,Chennai South East 1,ZONE,Homeopathy
Chennai,Chennai South Central,ZONE,General Dermatology
Chennai,Chennai-Cityinventory,SUPERZONE,General Ophthalmology
Chennai,Chennai Central East,ZONE,Urologist
Chennai,Chennai South 2,ZONE,General Alt Medicine
Chennai,Chennai South West 1,ZONE,General Pediatrics
Chennai,Chennai Central,ZONE,Neurologist
Chennai,Chennai South East 1,ZONE,ENT
Chennai,Chennai South 2,ZONE,Sexologist
Chennai,Chennai North,ZONE,Urologist
Chennai,Chennai-Cityinventory,SUPERZONE,ENT
Chennai,Chennai Central,ZONE,Orthopaedics
Chennai,Chennai South East 1,ZONE,General Physician
Chennai,Chennai South 2,ZONE,General Pediatrics
Chennai,Chennai South East 2,ZONE,General Psychiatry
Chennai,Chennai-Cityinventory,SUPERZONE,Gastroenterologist
Chennai,Chennai-Cityinventory,SUPERZONE,Neurologist
Chennai,Chennai South 2,ZONE,Gastroenterologist
Chennai,Chennai South 2,ZONE,General Physician
Chennai,Chennai South East 2,ZONE,General Gynecology
Chennai,Chennai South West 1,ZONE,Physiotherapist
Chennai,Chennai South East 1,ZONE,Gastroenterologist
Chennai,Chennai Central,ZONE,ENT
Chennai,Chennai West,ZONE,General Dentistry
Chennai,Chennai North East,ZONE,General Dermatology
Chennai,Chennai South Central,ZONE,Urologist
Chennai,Chennai North East,ZONE,General Dentistry
Chennai,Chennai South West 1,ZONE,Orthopaedics
Chennai,Chennai South West 1,ZONE,ENT
Chennai,Chennai South West 2,ZONE,General Alt Medicine
Chennai,Chennai South East 2,ZONE,General Dentistry
Chennai,Chennai Central,ZONE,Oncologist
Chennai,Chennai South East 1,ZONE,General Dentistry
Chennai,Chennai South East 2,ZONE,Urologist
Chennai,Chennai West,ZONE,Pulmonologist
Chennai,Chennai Central East,ZONE,General Pediatrics
Chennai,Chennai South East 1,ZONE,Endocrinologist
Chennai,Chennai South East 1,ZONE,General Psychiatry
Chennai,Chennai South West 2,ZONE,Pulmonologist
Chennai,Chennai South 2,ZONE,General Dermatology
Chennai,Chennai West,ZONE,Cardiologist
Chennai,Chennai North,ZONE,General Psychiatry
Chennai,Chennai South Central,ZONE,Orthopaedics
Chennai,Chennai West,ZONE,General Physician
Chennai,Chennai West,ZONE,Nephrologist
Chennai,Chennai South East 1,ZONE,General Alt Medicine
Chennai,Chennai South West 2,ZONE,Speech Therapist
Chennai,Chennai South Central,ZONE,General Psychiatry
Chennai,Chennai Central,ZONE,General Gynecology
Chennai,Chennai Central East,ZONE,Physiotherapist
Chennai,Chennai South East 1,ZONE,General Gynecology
Chennai,Chennai North,ZONE,ENT
Chennai,Chennai South 1,ZONE,Endocrinologist
Chennai,Chennai-Cityinventory,SUPERZONE,Physiotherapist
Chennai,Chennai South West 2,ZONE,General Pediatrics
Chennai,Chennai South 2,ZONE,Pulmonologist
Chennai,Chennai South East 1,ZONE,Sexologist
Chennai,Chennai North,ZONE,General Dermatology
Chennai,Chennai South West 2,ZONE,Hair Transplant
Chennai,Chennai West,ZONE,Homeopathy
Chennai,Chennai-Cityinventory,SUPERZONE,Urologist
Chennai,Chennai South West 2,ZONE,General Dermatology
Chennai,Chennai Central East,ZONE,General Dentistry
Chennai,Chennai-Cityinventory,SUPERZONE,Cosmetic/Plastic Surgeon
Chennai,Chennai West,ZONE,Orthopaedics
Chennai,Chennai North East,ZONE,Neurologist
Chennai,Chennai South East 1,ZONE,Orthopaedics
Chennai,Chennai North,ZONE,General Physician
Chennai,Chennai South East 1,ZONE,Oncologist
Chennai,Chennai West,ZONE,Physiotherapist
Chennai,Chennai Central,ZONE,Cardiologist
Chennai,Chennai North East,ZONE,General Gynecology
Chennai,Chennai South 1,ZONE,General Ophthalmology
Chennai,Chennai North,ZONE,General Alt Medicine
Chennai,Chennai South East 2,ZONE,Cardiologist
Chennai,Chennai South West 2,ZONE,Sexologist
Chennai,Chennai South West 2,ZONE,Cosmetic/Plastic Surgeon
Chennai,Chennai South 2,ZONE,General Surgeon
Chennai,Chennai West,ZONE,General Dermatology
Chennai,Chennai South West 2,ZONE,ENT
Chennai,Chennai South Central,ZONE,General Physician
Chennai,Chennai South West 2,ZONE,General Gynecology
Chennai,Chennai South West 2,ZONE,Orthopaedics
Chennai,Chennai South West 2,ZONE,Oncologist
Chennai,Chennai South West 2,ZONE,Homeopathy
Chennai,Chennai South East 2,ZONE,General Alt Medicine
Chennai,Chennai South East 1,ZONE,Urologist
Chennai,Chennai South East 2,ZONE,General Dermatology
Chennai,Chennai South 1,ZONE,General Dermatology
Chennai,Chennai South East 2,ZONE,Neurologist
Chennai,Chennai-Cityinventory,SUPERZONE,Veterinarian
Chennai,Chennai Central,ZONE,General Psychiatry
Chennai,Chennai-Cityinventory,SUPERZONE,Hair Transplant
Chennai,Chennai South 2,ZONE,Oncologist
Chennai,Chennai Central,ZONE,Pulmonologist
Chennai,Chennai South West 1,ZONE,Gastroenterologist
Chennai,Chennai South West 1,ZONE,General Dermatology
Chennai,Chennai South East 1,ZONE,Dietitian
Chennai,Chennai South East 2,ZONE,General Ophthalmology
Chennai,Chennai-Cityinventory,SUPERZONE,Sexologist
Chennai,Chennai South 1,ZONE,Neurologist
Chennai,Chennai South East 2,ZONE,Oncologist
Chennai,Chennai South 1,ZONE,General Psychiatry
Chennai,Chennai Central East,ZONE,General Gynecology
Chennai,Chennai-Cityinventory,SUPERZONE,Allergist/Immunologist
Chennai,Chennai South 2,ZONE,General Dentistry
Chennai,Chennai South West 2,ZONE,Endocrinologist
Chennai,Chennai Central East,ZONE,ENT
Chennai,Chennai Central East,ZONE,Neurologist
Chennai,Chennai South 2,ZONE,General Gynecology
Chennai,Chennai South East 2,ZONE,General Physician
Chennai,Chennai South West 1,ZONE,General Ophthalmology
Chennai,Chennai West,ZONE,Gastroenterologist
Chennai,Chennai-Cityinventory,SUPERZONE,Endocrinologist
Chennai,Chennai West,ZONE,Urologist
Chennai,Chennai South West 2,ZONE,Physiotherapist
Chennai,Chennai-Cityinventory,SUPERZONE,Neurologist
Chennai,Chennai South West 1,ZONE,Dietitian
Chennai,Chennai West,ZONE,Oncologist
Chennai,Chennai North,ZONE,Orthopaedics
Chennai,Chennai South East 2,ZONE,ENT
Chennai,Chennai South West 2,ZONE,Cosmetic/Plastic Surgeon
Chennai,Chennai-Cityinventory,SUPERZONE,Cosmetic/Plastic Surgeon
Chennai,Chennai North East,ZONE,Gastroenterologist
Chennai,Chennai South West 2,ZONE,ENT
Chennai,Chennai South West 1,ZONE,General Physician
Chennai,Chennai South West 2,ZONE,Homeopathy
Chennai,Chennai South West 1,ZONE,Endocrinologist
Chennai,Chennai-Cityinventory,SUPERZONE,Vascular Surgeon
Chennai,Chennai South East 1,ZONE,General Physician
Chennai,Chennai Central,ZONE,Urologist
Chennai,Chennai-Cityinventory,SUPERZONE,Endocrinologist
Chennai,Chennai South West 1,ZONE,Cardiologist
Chennai,Chennai South West 2,ZONE,Nephrologist
Chennai,Chennai-Cityinventory,SUPERZONE,Sexologist
Chennai,Chennai South 1,ZONE,General Alt Medicine
Chennai,Chennai Central,ZONE,Neurologist
Chennai,Chennai-Cityinventory,SUPERZONE,Orthopaedics
Chennai,Chennai North East,ZONE,ENT
Chennai,Chennai South East 2,ZONE,General Pediatrics
Chennai,Chennai Central,ZONE,Pulmonologist
Chennai,Chennai South 1,ZONE,Pulmonologist
Chennai,Chennai North,ZONE,Urologist
Chennai,Chennai North,ZONE,ENT
Chennai,Chennai South East 1,ZONE,Urologist
Chennai,Chennai North East,ZONE,General Psychiatry
Chennai,Chennai North,ZONE,General Physician
Chennai,Chennai South 1,ZONE,Neurologist
Chennai,Chennai South 1,ZONE,General Psychiatry
Chennai,Chennai South,ZONE,Oncologist
Chennai,Chennai South East 2,ZONE,Gastroenterologist
Chennai,Chennai-Cityinventory,SUPERZONE,Oncologist
Chennai,Chennai West,ZONE,Physiotherapist
Chennai,Chennai North East,ZONE,General Physician
Chennai,Chennai South East 1,ZONE,Endocrinologist
Chennai,Chennai Central,ZONE,General Ophthalmology
Chennai,Chennai South West 1,ZONE,Pulmonologist
Chennai,Chennai Central,ZONE,Cosmetic/Plastic Surgeon
Chennai,Chennai Central East,ZONE,General Dermatology
Chennai,Chennai South East 2,ZONE,General Psychiatry
Chennai,Chennai Central,ZONE,General Physician
Chennai,Chennai Central East,ZONE,Pulmonologist
Chennai,Chennai South 1,ZONE,Urologist
Chennai,Chennai Central,ZONE,Oncologist
Chennai,Chennai South West 1,ZONE,General Dentistry
Chennai,Chennai South East 2,ZONE,Oncologist
Chennai,Chennai South East 1,ZONE,General Gynecology
Chennai,Chennai South West 2,ZONE,Physiotherapist
Chennai,Chennai-Cityinventory,SUPERZONE,General Pediatrics
Chennai,Chennai Central,ZONE,ENT
Chennai,Chennai South 2,ZONE,ENT
Chennai,Chennai Central East,ZONE,General Psychiatry
Chennai,Chennai South West 1,ZONE,General Pediatrics
Chennai,Chennai Central East,ZONE,Gastroenterologist
Chennai,Chennai West,ZONE,General Ophthalmology
Chennai,Chennai South East 2,ZONE,General Dermatology
Chennai,Chennai South East 1,ZONE,Neurologist
Chennai,Chennai Central East,ZONE,Physiotherapist
Chennai,Chennai North East,ZONE,Oncologist
Chennai,Chennai-Cityinventory,SUPERZONE,Occupational Therapist
Chennai,Chennai South West 2,ZONE,Dietitian
Chennai,Chennai South 2,ZONE,Oncologist
Chennai,Chennai South 2,ZONE,Urologist
Chennai,Chennai South 1,ZONE,ENT
Chennai,Chennai South 2,ZONE,General Surgeon
Chennai,Chennai South East 1,ZONE,General Pediatrics
Chennai,Chennai South East 1,ZONE,Hair Transplant
Chennai,Chennai Central East,ZONE,General Gynecology
Chennai,Chennai Central East,ZONE,Urologist
Chennai,Chennai South East 1,ZONE,General Alt Medicine
Chennai,Chennai Central,ZONE,Physiotherapist
Chennai,Chennai South West 1,ZONE,Sexologist
Chennai,Chennai West,ZONE,General Dentistry
Chennai,Chennai Central East,ZONE,Neurologist
Chennai,Chennai North,ZONE,General Pediatrics
Chennai,Chennai Central East,ZONE,Cardiologist
Chennai,Chennai South Central,ZONE,Oncologist
Chennai,Chennai South Central,ZONE,General Dentistry
Chennai,Chennai South East 1,ZONE,Pulmonologist
Chennai,Chennai South 2,ZONE,Cardiologist
Chennai,Chennai West,ZONE,General Pediatrics
Chennai,Chennai North,ZONE,General Dentistry
Chennai,Chennai Central,ZONE,General Gynecology
Chennai,Chennai Central East,ZONE,ENT
Chennai,Chennai South West 1,ZONE,Gastroenterologist
Chennai,Chennai Central East,ZONE,General Physician
Chennai,Chennai South 2,ZONE,Physiotherapist
Chennai,Chennai South West 1,ZONE,General Ophthalmology
Chennai,Chennai North East,ZONE,General Pediatrics
Chennai,Chennai South West 2,ZONE,General Alt Medicine
Chennai,Chennai South 1,ZONE,General Physician
Chennai,Chennai South West 2,ZONE,General Physician
Chennai,Chennai South 2,ZONE,Orthopaedics
Chennai,Chennai North,ZONE,Endocrinologist
Chennai,Chennai South East 1,ZONE,Sexologist
Chennai,Chennai South 2,ZONE,Sexologist
Chennai,Chennai-Cityinventory,SUPERZONE,General Dermatology
Chennai,Chennai South 1,ZONE,Oncologist
Chennai,Chennai South Central,ZONE,Orthopaedics
Chennai,Chennai-Cityinventory,SUPERZONE,Pulmonologist
Chennai,Chennai Central,ZONE,Orthopaedics
Chennai,Chennai-Cityinventory,SUPERZONE,General Physician
Chennai,Chennai South West 2,ZONE,Gastroenterologist
Chennai,Chennai South West 2,ZONE,General Gynecology
Chennai,Chennai Central,ZONE,General Psychiatry
Chennai,Chennai South East 1,ZONE,Gastroenterologist
Chennai,Chennai South East 2,ZONE,Orthopaedics
Chennai,Chennai South East 1,ZONE,ENT
Chennai,Chennai West,ZONE,General Psychiatry
Chennai,Chennai South 2,ZONE,General Pediatrics
Chennai,Chennai West,ZONE,General Alt Medicine
Chennai,Chennai South 2,ZONE,Gastroenterologist
Chennai,Chennai South 2,ZONE,General Dermatology
Chennai,Chennai West,ZONE,Nephrologist
Chennai,Chennai South East 1,ZONE,Physiotherapist
Chennai,Chennai Central,ZONE,Endocrinologist
Chennai,Chennai North,ZONE,Neurologist
Chennai,Chennai South West 2,ZONE,Sexologist
Chennai,Chennai North,ZONE,Gastroenterologist
Chennai,Chennai South West 1,ZONE,ENT
Chennai,Chennai South East 1,ZONE,Orthopaedics
Chennai,Chennai South West 2,ZONE,General Pediatrics
Chennai,Chennai West,ZONE,Pulmonologist
Chennai,Chennai West,ZONE,Gastroenterologist
Chennai,Chennai West,ZONE,Urologist
Chennai,Chennai North East,ZONE,Orthopaedics
Chennai,Chennai-Cityinventory,SUPERZONE,Physiotherapist
Chennai,Chennai South 2,ZONE,General Alt Medicine
Chennai,Chennai South West 2,ZONE,Pulmonologist
Chennai,Chennai Central,ZONE,General Dentistry
Chennai,Chennai West,ZONE,General Gynecology
Chennai,Chennai South West 1,ZONE,Orthopaedics
Chennai,Chennai South West 2,ZONE,Speech Therapist
Chennai,Chennai North,ZONE,General Gynecology
Chennai,Chennai-Cityinventory,SUPERZONE,Dietitian
Chennai,Chennai South West 1,ZONE,General Gynecology
Chennai,Chennai South East 1,ZONE,General Ophthalmology
Chennai,Chennai South 2,ZONE,Neurologist
Chennai,Chennai Central,ZONE,General Dermatology
Chennai,Chennai-Cityinventory,SUPERZONE,Radiology
Chennai,Chennai West,ZONE,General Physician
Chennai,Chennai South East 1,ZONE,General Psychiatry
Chennai,Chennai South West 1,ZONE,General Dermatology
Chennai,Chennai South East 1,ZONE,Oncologist
Chennai,Chennai South West 2,ZONE,Oncologist
Chennai,Chennai-Cityinventory,SUPERZONE,Speech Therapist
Chennai,Chennai South 2,ZONE,General Dentistry
Chennai,Chennai West,ZONE,Veterinarian
Chennai,Chennai-Cityinventory,SUPERZONE,General Dentistry
Chennai,Chennai South 1,ZONE,General Dentistry
Chennai,Chennai Central,ZONE,Gastroenterologist
Chennai,Chennai North East,ZONE,Neurologist
Chennai,Chennai Central,ZONE,General Pediatrics
Chennai,Chennai South 2,ZONE,General Physician
Chennai,Chennai Central East,ZONE,General Pediatrics
Chennai,Chennai West,ZONE,ENT
Chennai,Chennai South 1,ZONE,General Pediatrics
Chennai,Chennai South East 1,ZONE,General Dentistry
Chennai,Chennai South West 1,ZONE,Urologist
Chennai,Chennai South West 2,ZONE,General Dermatology
Chennai,Chennai West,ZONE,Endocrinologist
Chennai,Chennai South West 1,ZONE,General Alt Medicine
Chennai,Chennai South West 2,ZONE,General Surgeon
Chennai,Chennai North,ZONE,General Dermatology
Chennai,Chennai South West 2,ZONE,Cardiologist
Chennai,Chennai South East 1,ZONE,Dietitian
Chennai,Chennai South West 2,ZONE,Endocrinologist
Chennai,Chennai-Cityinventory,SUPERZONE,Hematologist
Chennai,Chennai Central,ZONE,Cardiologist
Chennai,Chennai West,ZONE,Neurologist
Chennai,Chennai Central,ZONE,General Alt Medicine
Chennai,Chennai-Cityinventory,SUPERZONE,Urologist
Chennai,Chennai North,ZONE,Oncologist
Chennai,Chennai South East 2,ZONE,Physiotherapist
Chennai,Chennai North East,ZONE,General Dentistry
Chennai,Chennai South East 2,ZONE,General Dentistry
Chennai,Chennai North East,ZONE,General Dermatology
Chennai,Chennai Central East,ZONE,Orthopaedics
Chennai,Chennai-Cityinventory,SUPERZONE,General Ophthalmology
Chennai,Chennai-Cityinventory,SUPERZONE,Cardiologist
Chennai,Chennai Central East,ZONE,General Ophthalmology
Chennai,Chennai-Cityinventory,SUPERZONE,ENT
Chennai,Chennai North,ZONE,Sexologist
Chennai,Chennai North,ZONE,General Psychiatry
Chennai,Chennai South West 1,ZONE,Neurologist
Chennai,Chennai South 1,ZONE,General Gynecology
Chennai,Chennai South Central,ZONE,ENT
Chennai,Chennai-Cityinventory,SUPERZONE,General Psychiatry
Chennai,Chennai-Cityinventory,SUPERZONE,General Gynecology
Chennai,Chennai North East,ZONE,Urologist
Chennai,Chennai South East 2,ZONE,General Physician
Chennai,Chennai South West 1,ZONE,Oncologist
Chennai,Chennai North East,ZONE,General Gynecology
Chennai,Chennai-Cityinventory,SUPERZONE,Hair Transplant
Chennai,Chennai West,ZONE,Cosmetic/Plastic Surgeon
Chennai,Chennai North,ZONE,Physiotherapist
Chennai,Chennai Central East,ZONE,Oncologist
Chennai,Chennai South West 1,ZONE,Physiotherapist
Chennai,Chennai South Central,ZONE,General Physician
Chennai,Chennai South 2,ZONE,General Psychiatry
Chennai,Chennai Central East,ZONE,General Dentistry
Chennai,Chennai South Central,ZONE,General Psychiatry
Chennai,Chennai-Cityinventory,SUPERZONE,Gastroenterologist
Chennai,Chennai South West 2,ZONE,General Dentistry
Chennai,Chennai-Cityinventory,SUPERZONE,General Surgeon
Chennai,Chennai South 2,ZONE,General Gynecology
Chennai,Chennai South East 2,ZONE,Urologist
Chennai,Chennai South East 2,ZONE,Neurologist
Chennai,Chennai West,ZONE,Cardiologist
Chennai,Chennai South West 1,ZONE,General Psychiatry
Chennai,Chennai South West 2,ZONE,Orthopaedics
Chennai,Chennai-Cityinventory,SUPERZONE,Nephrologist
Chennai,Chennai South West 2,ZONE,Neurologist
Chennai,Chennai South 2,ZONE,Pulmonologist
Chennai,Chennai-Cityinventory,SUPERZONE,General Alt Medicine
Chennai,Chennai Central East,ZONE,General Alt Medicine
Chennai,Chennai South East 2,ZONE,General Gynecology
Chennai,Chennai South 1,ZONE,Gastroenterologist
Chennai,Chennai South West 2,ZONE,General Psychiatry
Chennai,Chennai West,ZONE,Sexologist
Chennai,Chennai South 1,ZONE,General Dermatology
Chennai,Chennai South Central,ZONE,General Gynecology
Chennai,Chennai South 2,ZONE,General Ophthalmology
Chennai,Chennai West,ZONE,Orthopaedics
Chennai,Chennai South 1,ZONE,Endocrinologist
Chennai,Chennai South West 2,ZONE,Hair Transplant
Chennai,Chennai Central East,ZONE,Sexologist
Chennai,Chennai South East 1,ZONE,Cardiologist
Chennai,Chennai South West 2,ZONE,Veterinarian
Chennai,Chennai North,ZONE,General Ophthalmology
Chennai,Chennai South 2,ZONE,Nephrologist
Chennai,Chennai South 1,ZONE,Physiotherapist
Chennai,Chennai South Central,ZONE,General Dermatology
Chennai,Chennai Central,ZONE,Nephrologist
Chennai,Chennai North,ZONE,Pulmonologist
Chennai,Chennai-Cityinventory,SUPERZONE,Allergist/Immunologist
Chennai,Chennai-Cityinventory,SUPERZONE,Veterinarian
Chennai,Chennai North,ZONE,Cardiologist
Chennai,Chennai West,ZONE,General Dermatology
Chennai,Chennai South West 2,ZONE,Urologist
Chennai,Chennai Central East,ZONE,Endocrinologist
Chennai,Chennai Central,ZONE,Sexologist
Chennai,Chennai South East 1,ZONE,General Dermatology
Chennai,Chennai South West 2,ZONE,General Ophthalmology
Chennai,Chennai-Cityinventory,SUPERZONE,Homeopathy
Chennai,Chennai South East 2,ZONE,General Alt Medicine
Chennai,Chennai South 1,ZONE,Cardiologist
Chennai,Chennai South 1,ZONE,Orthopaedics
Chennai,Chennai South 2,ZONE,Endocrinologist
Chittoor,Chittoor-Cityinventory,SUPERZONE,General Physician
Chittoor,Chittoor,ZONE,General Physician
Chittoor,Chittoor-Cityinventory,SUPERZONE,General Physician
Coimbatore,Coimbatore-Cityinventory,SUPERZONE,Sexologist
Coimbatore,Race Course,ZONE,General Pediatrics
Coimbatore,Gandhipuram,ZONE,General Gynecology
Coimbatore,Race Course,ZONE,ENT
Coimbatore,Coimbatore-Cityinventory,SUPERZONE,General Psychiatry
Coimbatore,Sai Baba Colony,ZONE,General Physician
Coimbatore,Coimbatore-Cityinventory,SUPERZONE,Oncologist
Coimbatore,Coimbatore-Cityinventory,SUPERZONE,Orthopaedics
Coimbatore,Coimbatore-Cityinventory,SUPERZONE,Homeopathy
Coimbatore,Coimbatore-Cityinventory,SUPERZONE,ENT
Coimbatore,Race Course,ZONE,Orthopaedics
Coimbatore,Gandhipuram,ZONE,General Dermatology
Coimbatore,Sai Baba Colony,ZONE,General Pediatrics
Coimbatore,Singanallur,ZONE,General Gynecology
Coimbatore,Singanallur,ZONE,General Dermatology
Coimbatore,Coimbatore-Cityinventory,SUPERZONE,Hair Transplant
Coimbatore,Gandhipuram,ZONE,General Pediatrics
Coimbatore,Singanallur,ZONE,General Dentistry
Coimbatore,Coimbatore-Cityinventory,SUPERZONE,General Ophthalmology
Coimbatore,Sai Baba Colony,ZONE,General Dentistry
Coimbatore,Coimbatore-Cityinventory,SUPERZONE,Cosmetic/Plastic Surgeon
Coimbatore,Singanallur,ZONE,General Pediatrics
Coimbatore,Gandhipuram,ZONE,Orthopaedics
Coimbatore,Coimbatore-Cityinventory,SUPERZONE,General Dentistry
Coimbatore,Race Course,ZONE,General Gynecology
Coimbatore,Coimbatore-Cityinventory,SUPERZONE,Urologist
Coimbatore,Race Course,ZONE,General Dentistry
Coimbatore,Coimbatore-Cityinventory,SUPERZONE,General Gynecology
Coimbatore,Coimbatore-Cityinventory,SUPERZONE,Pulmonologist
Coimbatore,Singanallur,ZONE,General Physician
Coimbatore,Singanallur,ZONE,ENT
Coimbatore,Gandhipuram,ZONE,Neurologist
Coimbatore,Race Course,ZONE,General Physician
Coimbatore,Gandhipuram,ZONE,ENT
Coimbatore,Gandhipuram,ZONE,General Psychiatry
Coimbatore,Sai Baba Colony,ZONE,General Psychiatry
Coimbatore,Race Course,ZONE,General Dermatology
Coimbatore,Gandhipuram,ZONE,General Physician
Coimbatore,Sai Baba Colony,ZONE,General Gynecology
Coimbatore,Gandhipuram,ZONE,General Dentistry
Coimbatore,Coimbatore-Cityinventory,SUPERZONE,Speech Therapist
Coimbatore,Coimbatore-Cityinventory,SUPERZONE,Cardiologist
Coimbatore,Coimbatore-Cityinventory,SUPERZONE,Endocrinologist
Coimbatore,Coimbatore-Cityinventory,SUPERZONE,General Pediatrics
Coimbatore,Coimbatore-Cityinventory,SUPERZONE,General Physician
Coimbatore,Coimbatore-Cityinventory,SUPERZONE,General Dermatology
Coimbatore,Coimbatore-Cityinventory,SUPERZONE,General Alt Medicine
Coimbatore,Coimbatore-Cityinventory,SUPERZONE,Neurologist
Coimbatore,Coimbatore-Cityinventory,SUPERZONE,General Surgeon
Coimbatore,Sai Baba Colony,ZONE,General Dermatology
Coimbatore,Coimbatore-Cityinventory,SUPERZONE,Physiotherapist
Coimbatore,Sai Baba Colony,ZONE,ENT
Coimbatore,Sai Baba Colony,ZONE,Orthopaedics
Coimbatore,Coimbatore-Cityinventory,SUPERZONE,Dietitian
Coimbatore,Coimbatore-Cityinventory,SUPERZONE,Gastroenterologist
Coimbatore,Coimbatore-Cityinventory,SUPERZONE,Orthopaedics
Coimbatore,Coimbatore-Cityinventory,SUPERZONE,Endocrinologist
Coimbatore,Singanallur,ZONE,General Physician
Coimbatore,Coimbatore-Cityinventory,SUPERZONE,Cosmetic/Plastic Surgeon
Coimbatore,Coimbatore-Cityinventory,SUPERZONE,Sexologist
Coimbatore,Gandhipuram,ZONE,Neurologist
Coimbatore,Coimbatore-Cityinventory,SUPERZONE,General Ophthalmology
Coimbatore,Race Course,ZONE,General Dentistry
Coimbatore,Race Course,ZONE,General Physician
Coimbatore,Race Course,ZONE,ENT
Coimbatore,Coimbatore-Cityinventory,SUPERZONE,Physiotherapist
Coimbatore,Race Course,ZONE,General Dermatology
Coimbatore,Coimbatore-Cityinventory,SUPERZONE,Pulmonologist
Coimbatore,Coimbatore-Cityinventory,SUPERZONE,Gastroenterologist
Coimbatore,Coimbatore-Cityinventory,SUPERZONE,ENT
Coimbatore,Coimbatore-Cityinventory,SUPERZONE,General Dermatology
Coimbatore,Gandhipuram,ZONE,General Gynecology
Coimbatore,Coimbatore-Cityinventory,SUPERZONE,General Alt Medicine
Coimbatore,Coimbatore-Cityinventory,SUPERZONE,Cardiologist
Coimbatore,Coimbatore-Cityinventory,SUPERZONE,Dietitian
Coimbatore,Singanallur,ZONE,ENT
Coimbatore,Coimbatore-Cityinventory,SUPERZONE,Urologist
Coimbatore,Coimbatore-Cityinventory,SUPERZONE,General Pediatrics
Coimbatore,Coimbatore-Cityinventory,SUPERZONE,Speech Therapist
Coimbatore,Sai Baba Colony,ZONE,ENT
Coimbatore,Sai Baba Colony,ZONE,General Physician
Coimbatore,Race Course,ZONE,General Gynecology
Coimbatore,Coimbatore-Cityinventory,SUPERZONE,Homeopathy
Coimbatore,Sai Baba Colony,ZONE,General Pediatrics
Coimbatore,Gandhipuram,ZONE,Orthopaedics
Coimbatore,Coimbatore-Cityinventory,SUPERZONE,Neurologist
Coimbatore,Singanallur,ZONE,General Dentistry
Coimbatore,Singanallur,ZONE,General Dermatology
Coimbatore,Gandhipuram,ZONE,General Physician
Coimbatore,Coimbatore-Cityinventory,SUPERZONE,General Physician
Coimbatore,Coimbatore-Cityinventory,SUPERZONE,General Gynecology
Coimbatore,Sai Baba Colony,ZONE,General Gynecology
Coimbatore,Gandhipuram,ZONE,General Psychiatry
Coimbatore,Sai Baba Colony,ZONE,Orthopaedics
Coimbatore,Gandhipuram,ZONE,ENT
Coimbatore,Sai Baba Colony,ZONE,General Dentistry
Coimbatore,Race Course,ZONE,Orthopaedics
Coimbatore,Sai Baba Colony,ZONE,General Psychiatry
Coimbatore,Singanallur,ZONE,General Gynecology
Coimbatore,Coimbatore-Cityinventory,SUPERZONE,General Psychiatry
Coimbatore,Gandhipuram,ZONE,General Dermatology
Coimbatore,Gandhipuram,ZONE,General Dentistry
Coimbatore,Coimbatore-Cityinventory,SUPERZONE,Hair Transplant
Coimbatore,Sai Baba Colony,ZONE,General Dermatology
Coimbatore,Coimbatore-Cityinventory,SUPERZONE,Oncologist
Coimbatore,Coimbatore-Cityinventory,SUPERZONE,General Surgeon
Coimbatore,Coimbatore-Cityinventory,SUPERZONE,General Dentistry
Cooch Behar,Cooch Behar-Cityinventory,SUPERZONE,General Physician
Cooch Behar,Cooch Behar-Cityinventory,SUPERZONE,General Physician
Cuddalore,Cuddalore-Cityinventory,SUPERZONE,General Physician
Cuddalore,Cuddalore-Cityinventory,SUPERZONE,General Physician
Cuttack,Cuttack-Cityinventory,SUPERZONE,General Dentistry
Cuttack,Cuttack-Cityinventory,SUPERZONE,Hair Transplant
Cuttack,Cuttack-Cityinventory,SUPERZONE,Gastroenterologist
Cuttack,Cuttack-Cityinventory,SUPERZONE,General Psychiatry
Cuttack,Cuttack-Cityinventory,SUPERZONE,General Gynecology
Cuttack,Cuttack-Cityinventory,SUPERZONE,General Pediatrics
Cuttack,Cuttack-Cityinventory,SUPERZONE,Oncologist
Cuttack,Cuttack-Cityinventory,SUPERZONE,General Physician
Cuttack,Cuttack-Cityinventory,SUPERZONE,General Surgeon
Cuttack,Cuttack-Cityinventory,SUPERZONE,Cosmetic/Plastic Surgeon
Cuttack,Cuttack-Cityinventory,SUPERZONE,ENT
Cuttack,Cuttack-Cityinventory,SUPERZONE,General Dermatology
Cuttack,Cuttack-Cityinventory,SUPERZONE,Orthopaedics
Cuttack,Cuttack-Cityinventory,SUPERZONE,General Ophthalmology
Cuttack,Cuttack-Cityinventory,SUPERZONE,General Psychiatry
Cuttack,Cuttack-Cityinventory,SUPERZONE,General Surgeon
Cuttack,Cuttack-Cityinventory,SUPERZONE,Hair Transplant
Cuttack,Cuttack-Cityinventory,SUPERZONE,Orthopaedics
Cuttack,Cuttack-Cityinventory,SUPERZONE,Cosmetic/Plastic Surgeon
Cuttack,Cuttack-Cityinventory,SUPERZONE,General Dentistry
Cuttack,Cuttack-Cityinventory,SUPERZONE,General Pediatrics
Cuttack,Cuttack-Cityinventory,SUPERZONE,Gastroenterologist
Cuttack,Cuttack-Cityinventory,SUPERZONE,General Gynecology
Cuttack,Cuttack-Cityinventory,SUPERZONE,General Ophthalmology
Cuttack,Cuttack-Cityinventory,SUPERZONE,Oncologist
Cuttack,Cuttack-Cityinventory,SUPERZONE,General Physician
Cuttack,Cuttack-Cityinventory,SUPERZONE,General Dermatology
Cuttack,Cuttack-Cityinventory,SUPERZONE,ENT
Darbhanga,Darbhanga-Cityinventory,SUPERZONE,General Physician
Darbhanga,Darbhanga-Cityinventory,SUPERZONE,General Physician
Darjeeling,Darjeeling-Cityinventory,SUPERZONE,General Dentistry
Darjeeling,Darjeeling-Cityinventory,SUPERZONE,General Dentistry
Davanagere,Davanagere-Cityinventory,SUPERZONE,General Dermatology
Davanagere,Davanagere-Cityinventory,SUPERZONE,Gastroenterologist
Davanagere,Davanagere-Cityinventory,SUPERZONE,General Physician
Davanagere,Davanagere-Cityinventory,SUPERZONE,General Physician
Davanagere,Davanagere-Cityinventory,SUPERZONE,General Dermatology
Davanagere,Davanagere-Cityinventory,SUPERZONE,Gastroenterologist
Dehradun,Dehradun-Cityinventory,SUPERZONE,General Alt Medicine
Dehradun,Dehradun-Cityinventory,SUPERZONE,Neurologist
Dehradun,Dehradun-Cityinventory,SUPERZONE,General Ophthalmology
Dehradun,Dehradun-Cityinventory,SUPERZONE,Gastroenterologist
Dehradun,Dehradun-Cityinventory,SUPERZONE,ENT
Dehradun,Dehradun-Cityinventory,SUPERZONE,Pulmonologist
Dehradun,Dehradun-Cityinventory,SUPERZONE,General Psychiatry
Dehradun,Dehradun-Cityinventory,SUPERZONE,General Physician
Dehradun,Dehradun-Cityinventory,SUPERZONE,Homeopathy
Dehradun,Dehradun-Cityinventory,SUPERZONE,General Dermatology
Dehradun,Dehradun-Cityinventory,SUPERZONE,Physiotherapist
Dehradun,Dehradun-Cityinventory,SUPERZONE,General Pediatrics
Dehradun,Dehradun-Cityinventory,SUPERZONE,General Dentistry
Dehradun,Dehradun-Cityinventory,SUPERZONE,Orthopaedics
Dehradun,Dehradun-Cityinventory,SUPERZONE,Urologist
Dehradun,Dehradun-Cityinventory,SUPERZONE,Hair Transplant
Dehradun,Dehradun-Cityinventory,SUPERZONE,General Gynecology
Dehradun,Dehradun-Cityinventory,SUPERZONE,Cosmetic/Plastic Surgeon
Dehradun,Dehradun-Cityinventory,SUPERZONE,General Surgeon
Dehradun,Dehradun-Cityinventory,SUPERZONE,Cardiologist
Dehradun,Dehradun-Cityinventory,SUPERZONE,Sexologist
Dehradun,Dehradun-Cityinventory,SUPERZONE,General Psychiatry
Dehradun,Dehradun-Cityinventory,SUPERZONE,General Physician
Dehradun,Dehradun-Cityinventory,SUPERZONE,General Dermatology
Dehradun,Dehradun-Cityinventory,SUPERZONE,ENT
Dehradun,Dehradun-Cityinventory,SUPERZONE,Cardiologist
Dehradun,Dehradun-Cityinventory,SUPERZONE,Urologist
Dehradun,Dehradun-Cityinventory,SUPERZONE,Pulmonologist
Dehradun,Dehradun-Cityinventory,SUPERZONE,General Pediatrics
Dehradun,Dehradun-Cityinventory,SUPERZONE,General Ophthalmology
Dehradun,Dehradun-Cityinventory,SUPERZONE,General Surgeon
Dehradun,Dehradun-Cityinventory,SUPERZONE,Neurologist
Dehradun,Dehradun-Cityinventory,SUPERZONE,Sexologist
Dehradun,Dehradun-Cityinventory,SUPERZONE,General Alt Medicine
Dehradun,Dehradun-Cityinventory,SUPERZONE,Hair Transplant
Dehradun,Dehradun-Cityinventory,SUPERZONE,Gastroenterologist
Dehradun,Dehradun-Cityinventory,SUPERZONE,General Dentistry
Dehradun,Dehradun-Cityinventory,SUPERZONE,Physiotherapist
Dehradun,Dehradun-Cityinventory,SUPERZONE,Orthopaedics
Dehradun,Dehradun-Cityinventory,SUPERZONE,Homeopathy
Dehradun,Dehradun-Cityinventory,SUPERZONE,Cosmetic/Plastic Surgeon
Dehradun,Dehradun-Cityinventory,SUPERZONE,General Gynecology
Delhi,Model town,ZONE,General Dentistry
Delhi,Lajpat nagar,ZONE,General Ophthalmology
Delhi,Model town,ZONE,General Gynecology
Delhi,Mehrauli,ZONE,Homeopathy
Delhi,Greater kailash,ZONE,Endocrinologist
Delhi,Karol bagh,ZONE,Pulmonologist
Delhi,Punjabi bagh,ZONE,Urologist
Delhi,Patparganj,ZONE,Urologist
Delhi,Janakpuri,ZONE,General Physician
Delhi,Model town,ZONE,General Physician
Delhi,Malviya nagar,ZONE,Physiotherapist
Delhi,Model town,ZONE,General Dermatology
Delhi,Chanakyapuri,ZONE,General Physician
Delhi,Shastri nagar,ZONE,ENT
Delhi,Janakpuri,ZONE,Homeopathy
Delhi,Dwarka,ZONE,Veterinarian
Delhi,Shahdara,ZONE,General Dermatology
Delhi,Janakpuri,ZONE,General Ophthalmology
Delhi,Shahdara,ZONE,Physiotherapist
Delhi,Karol bagh,ZONE,Orthopaedics
Delhi,Shahdara,ZONE,Urologist
Delhi,Patparganj,ZONE,Homeopathy
Delhi,Malviya nagar,ZONE,General Ophthalmology
Delhi,Vasant kunj,ZONE,General Dentistry
Delhi,Dwarka,ZONE,General Surgeon
Delhi,Delhi-Cityinventory,SUPERZONE,Veterinarian
Delhi,Karol bagh,ZONE,Gastroenterologist
Delhi,Patparganj,ZONE,General Pediatrics
Delhi,Lajpat nagar,ZONE,Sexologist
Delhi,Civil lines,ZONE,Sexologist
Delhi,Model town,ZONE,Urologist
Delhi,Greater kailash,ZONE,Urologist
Delhi,Malviya nagar,ZONE,Cosmetic/Plastic Surgeon
Delhi,Delhi-Cityinventory,SUPERZONE,Urologist
Delhi,Cannought place,ZONE,ENT
Delhi,Rohini,ZONE,Dietitian
Delhi,Lajpat nagar,ZONE,Physiotherapist
Delhi,Punjabi bagh,ZONE,General Ophthalmology
Delhi,Patparganj,ZONE,Orthopaedics
Delhi,Rohini,ZONE,Orthopaedics
Delhi,Mehrauli,ZONE,ENT
Delhi,Pitampura,ZONE,Endocrinologist
Delhi,Lajpat nagar,ZONE,Dietitian
Delhi,Janakpuri,ZONE,Hair Transplant
Delhi,Civil lines,ZONE,ENT
Delhi,Delhi-Cityinventory,SUPERZONE,Vascular Surgeon
Delhi,Rohini,ZONE,Hair Transplant
Delhi,Nehru place,ZONE,ENT
Delhi,Malviya nagar,ZONE,Pulmonologist
Delhi,Model town,ZONE,General Psychiatry
Delhi,Karol bagh,ZONE,General Gynecology
Delhi,Malviya nagar,ZONE,Orthopaedics
Delhi,Dwarka,ZONE,Sexologist
Delhi,Cannought place,ZONE,General Alt Medicine
Delhi,Punjabi bagh,ZONE,Homeopathy
Delhi,Vasant kunj,ZONE,Cardiologist
Delhi,Punjabi bagh,ZONE,General Alt Medicine
Delhi,Rohini,ZONE,Homeopathy
Delhi,Rohini,ZONE,Pulmonologist
Delhi,Greater kailash,ZONE,Pulmonologist
Delhi,Punjabi bagh,ZONE,Gastroenterologist
Delhi,Civil lines,ZONE,General Dentistry
Delhi,Malviya nagar,ZONE,General Alt Medicine
Delhi,Model town,ZONE,Gastroenterologist
Delhi,Mehrauli,ZONE,Physiotherapist
Delhi,Delhi-Cityinventory,SUPERZONE,Nephrologist
Delhi,Dwarka,ZONE,General Dermatology
Delhi,Rohini,ZONE,Oncologist
Delhi,Lajpat nagar,ZONE,General Physician
Delhi,Model town,ZONE,Endocrinologist
Delhi,Karol bagh,ZONE,General Ophthalmology
Delhi,Delhi-Cityinventory,SUPERZONE,Dietitian
Delhi,Civil lines,ZONE,General Dermatology
Delhi,Dwarka,ZONE,Neurologist
Delhi,Model town,ZONE,Neurologist
Delhi,Dwarka,ZONE,General Pediatrics
Delhi,Preet vihar,ZONE,Endocrinologist
Delhi,Pitampura,ZONE,General Psychiatry
Delhi,Punjabi bagh,ZONE,General Gynecology
Delhi,Shastri nagar,ZONE,Orthopaedics
Delhi,Greater kailash,ZONE,Cosmetic/Plastic Surgeon
Delhi,Janakpuri,ZONE,Pulmonologist
Delhi,Pitampura,ZONE,Physiotherapist
Delhi,Mehrauli,ZONE,Orthopaedics
Delhi,Nehru place,ZONE,General Pediatrics
Delhi,Lajpat nagar,ZONE,Gastroenterologist
Delhi,Greater kailash,ZONE,ENT
Delhi,Rohini,ZONE,General Surgeon
Delhi,Delhi-Cityinventory,SUPERZONE,General Ophthalmology
Delhi,Mehrauli,ZONE,General Pediatrics
Delhi,Rohini,ZONE,Nephrologist
Delhi,Patparganj,ZONE,Pulmonologist
Delhi,Delhi-Cityinventory,SUPERZONE,General Physician
Delhi,Pitampura,ZONE,General Gynecology
Delhi,Shahdara,ZONE,General Gynecology
Delhi,Malviya nagar,ZONE,Endocrinologist
Delhi,Delhi-Cityinventory,SUPERZONE,General Pediatrics
Delhi,Malviya nagar,ZONE,General Gynecology
Delhi,Mehrauli,ZONE,General Gynecology
Delhi,Dwarka,ZONE,Endocrinologist
Delhi,Delhi-Cityinventory,SUPERZONE,Audiologist
Delhi,Janakpuri,ZONE,Sexologist
Delhi,Civil lines,ZONE,General Physician
Delhi,Mehrauli,ZONE,Cardiologist
Delhi,Mehrauli,ZONE,General Alt Medicine
Delhi,Preet vihar,ZONE,General Psychiatry
Delhi,Malviya nagar,ZONE,Urologist
Delhi,Dwarka,ZONE,Oncologist
Delhi,Chanakyapuri,ZONE,Hair Transplant
Delhi,Dwarka,ZONE,Hair Transplant
Delhi,Preet vihar,ZONE,General Gynecology
Delhi,Malviya nagar,ZONE,General Psychiatry
Delhi,Lajpat nagar,ZONE,General Pediatrics
Delhi,Nehru place,ZONE,General Physician
Delhi,Rohini,ZONE,General Physician
Delhi,South extension,ZONE,General Dermatology
Delhi,Rohini,ZONE,Neurologist
Delhi,Rohini,ZONE,General Dentistry
Delhi,Janakpuri,ZONE,Orthopaedics
Delhi,Janakpuri,ZONE,Dietitian
Delhi,Punjabi bagh,ZONE,Orthopaedics
Delhi,Pitampura,ZONE,Cardiologist
Delhi,Cannought place,ZONE,Homeopathy
Delhi,Pitampura,ZONE,General Alt Medicine
Delhi,Lajpat nagar,ZONE,Pulmonologist
Delhi,Mehrauli,ZONE,General Dentistry
Delhi,Nehru place,ZONE,Sexologist
Delhi,Preet vihar,ZONE,General Dentistry
Delhi,Model town,ZONE,General Pediatrics
Delhi,Patparganj,ZONE,General Psychiatry
Delhi,Malviya nagar,ZONE,Homeopathy
Delhi,Shastri nagar,ZONE,Urologist
Delhi,Model town,ZONE,Physiotherapist
Delhi,Vasant kunj,ZONE,General Pediatrics
Delhi,Patparganj,ZONE,Neurologist
Delhi,Patparganj,ZONE,General Dermatology
Delhi,Lajpat nagar,ZONE,Audiologist
Delhi,Shahdara,ZONE,Dietitian
Delhi,Preet vihar,ZONE,General Alt Medicine
Delhi,Model town,ZONE,General Alt Medicine
Delhi,Chanakyapuri,ZONE,General Dermatology
Delhi,Karol bagh,ZONE,General Alt Medicine
Delhi,South extension,ZONE,General Dentistry
Delhi,Nehru place,ZONE,Urologist
Delhi,Karol bagh,ZONE,Urologist
Delhi,Mehrauli,ZONE,Neurologist
Delhi,Delhi-Cityinventory,SUPERZONE,General Psychiatry
Delhi,Dwarka,ZONE,General Ophthalmology
Delhi,Lajpat nagar,ZONE,General Dermatology
Delhi,Punjabi bagh,ZONE,Pulmonologist
Delhi,Pitampura,ZONE,General Ophthalmology
Delhi,Dwarka,ZONE,General Physician
Delhi,Greater kailash,ZONE,General Dermatology
Delhi,Pitampura,ZONE,Homeopathy
Delhi,Patparganj,ZONE,Gastroenterologist
Delhi,Rohini,ZONE,General Ophthalmology
Delhi,Dwarka,ZONE,Homeopathy
Delhi,Shahdara,ZONE,Cardiologist
Delhi,Dwarka,ZONE,Physiotherapist
Delhi,South extension,ZONE,General Psychiatry
Delhi,Nehru place,ZONE,General Psychiatry
Delhi,Chanakyapuri,ZONE,Orthopaedics
Delhi,Preet vihar,ZONE,Urologist
Delhi,Pitampura,ZONE,Sexologist
Delhi,Badarpur,ZONE,General Dermatology
Delhi,Shastri nagar,ZONE,Neurologist
Delhi,Greater kailash,ZONE,Homeopathy
Delhi,Janakpuri,ZONE,Speech Therapist
Delhi,Shahdara,ZONE,Gastroenterologist
Delhi,Chanakyapuri,ZONE,General Dentistry
Delhi,Karol bagh,ZONE,Sexologist
Delhi,Mehrauli,ZONE,Sexologist
Delhi,Shahdara,ZONE,Pulmonologist
Delhi,Shahdara,ZONE,Orthopaedics
Delhi,Delhi-Cityinventory,SUPERZONE,Endocrinologist
Delhi,Punjabi bagh,ZONE,ENT
Delhi,Lajpat nagar,ZONE,General Alt Medicine
Delhi,Cannought place,ZONE,General Dermatology
Delhi,Punjabi bagh,ZONE,Neurologist
Delhi,Dwarka,ZONE,Dietitian
Delhi,Patparganj,ZONE,ENT
Delhi,Nehru place,ZONE,Cardiologist
Delhi,Shahdara,ZONE,General Pediatrics
Delhi,Patparganj,ZONE,Endocrinologist
Delhi,Malviya nagar,ZONE,Oncologist
Delhi,Chanakyapuri,ZONE,General Alt Medicine
Delhi,South extension,ZONE,Sexologist
Delhi,Vasant kunj,ZONE,ENT
Delhi,Janakpuri,ZONE,General Psychiatry
Delhi,Rohini,ZONE,Gastroenterologist
Delhi,Nehru place,ZONE,Nephrologist
Delhi,Rohini,ZONE,ENT
Delhi,Preet vihar,ZONE,ENT
Delhi,Shahdara,ZONE,General Alt Medicine
Delhi,Nehru place,ZONE,Dietitian
Delhi,Greater kailash,ZONE,General Alt Medicine
Delhi,Greater kailash,ZONE,General Ophthalmology
Delhi,Patparganj,ZONE,General Gynecology
Delhi,Nehru place,ZONE,Endocrinologist
Delhi,Pitampura,ZONE,Neurologist
Delhi,Delhi-Cityinventory,SUPERZONE,Homeopathy
Delhi,Patparganj,ZONE,Cardiologist
Delhi,Shahdara,ZONE,Endocrinologist
Delhi,Delhi-Cityinventory,SUPERZONE,ENT
Delhi,Civil lines,ZONE,General Gynecology
Delhi,Shastri nagar,ZONE,General Psychiatry
Delhi,Janakpuri,ZONE,Gastroenterologist
Delhi,Greater kailash,ZONE,Gastroenterologist
Delhi,Dwarka,ZONE,General Gynecology
Delhi,Civil lines,ZONE,Orthopaedics
Delhi,Pitampura,ZONE,Orthopaedics
Delhi,Pitampura,ZONE,General Dermatology
Delhi,South extension,ZONE,General Physician
Delhi,Janakpuri,ZONE,Cardiologist
Delhi,Mehrauli,ZONE,General Physician
Delhi,Mehrauli,ZONE,Pulmonologist
Delhi,Malviya nagar,ZONE,Hair Transplant
Delhi,Pitampura,ZONE,ENT
Delhi,Delhi-Cityinventory,SUPERZONE,General Dentistry
Delhi,Janakpuri,ZONE,Cosmetic/Plastic Surgeon
Delhi,Chanakyapuri,ZONE,General Psychiatry
Delhi,Janakpuri,ZONE,Veterinarian
Delhi,Mehrauli,ZONE,Cosmetic/Plastic Surgeon
Delhi,Malviya nagar,ZONE,Neurologist
Delhi,Vasant kunj,ZONE,General Dermatology
Delhi,Cannought place,ZONE,General Gynecology
Delhi,Vasant kunj,ZONE,Homeopathy
Delhi,Nehru place,ZONE,Cosmetic/Plastic Surgeon
Delhi,Pitampura,ZONE,General Dentistry
Delhi,Mehrauli,ZONE,General Psychiatry
Delhi,Malviya nagar,ZONE,Cardiologist
Delhi,South extension,ZONE,General Alt Medicine
Delhi,Delhi-Cityinventory,SUPERZONE,Oncologist
Delhi,Dwarka,ZONE,Orthopaedics
Delhi,Vasant kunj,ZONE,Endocrinologist
Delhi,Delhi-Cityinventory,SUPERZONE,General Alt Medicine
Delhi,Chanakyapuri,ZONE,Sexologist
Delhi,Dwarka,ZONE,General Dentistry
Delhi,Punjabi bagh,ZONE,Speech Therapist
Delhi,Malviya nagar,ZONE,Sexologist
Delhi,Preet vihar,ZONE,Orthopaedics
Delhi,Delhi-Cityinventory,SUPERZONE,Orthopaedics
Delhi,Punjabi bagh,ZONE,General Pediatrics
Delhi,Patparganj,ZONE,General Physician
Delhi,Lajpat nagar,ZONE,Urologist
Delhi,Preet vihar,ZONE,Hair Transplant
Delhi,Vasant kunj,ZONE,Urologist
Delhi,Civil lines,ZONE,General Psychiatry
Delhi,Mehrauli,ZONE,Urologist
Delhi,South extension,ZONE,General Ophthalmology
Delhi,Lajpat nagar,ZONE,Hair Transplant
Delhi,Janakpuri,ZONE,General Pediatrics
Delhi,Karol bagh,ZONE,Homeopathy
Delhi,Malviya nagar,ZONE,General Physician
Delhi,Nehru place,ZONE,Homeopathy
Delhi,Punjabi bagh,ZONE,Cardiologist
Delhi,Cannought place,ZONE,Sexologist
Delhi,Greater kailash,ZONE,General Physician
Delhi,Preet vihar,ZONE,General Pediatrics
Delhi,Greater kailash,ZONE,General Dentistry
Delhi,Model town,ZONE,Sexologist
Delhi,Malviya nagar,ZONE,Gastroenterologist
Delhi,Nehru place,ZONE,General Dermatology
Delhi,Lajpat nagar,ZONE,General Gynecology
Delhi,Dwarka,ZONE,Cosmetic/Plastic Surgeon
Delhi,Shastri nagar,ZONE,Gastroenterologist
Delhi,Preet vihar,ZONE,Neurologist
Delhi,Lajpat nagar,ZONE,General Dentistry
Delhi,Vasant kunj,ZONE,Gastroenterologist
Delhi,Rohini,ZONE,General Psychiatry
Delhi,Janakpuri,ZONE,Endocrinologist
Delhi,Patparganj,ZONE,General Ophthalmology
Delhi,Preet vihar,ZONE,Dietitian
Delhi,Patparganj,ZONE,Physiotherapist
Delhi,Karol bagh,ZONE,General Physician
Delhi,Rohini,ZONE,General Dermatology
Delhi,Dwarka,ZONE,General Psychiatry
Delhi,Lajpat nagar,ZONE,ENT
Delhi,Lajpat nagar,ZONE,Cosmetic/Plastic Surgeon
Delhi,Preet vihar,ZONE,Homeopathy
Delhi,Karol bagh,ZONE,Dietitian
Delhi,Pitampura,ZONE,General Physician
Delhi,Lajpat nagar,ZONE,Cardiologist
Delhi,Lajpat nagar,ZONE,General Psychiatry
Delhi,Dwarka,ZONE,Gastroenterologist
Delhi,Karol bagh,ZONE,Endocrinologist
Delhi,Model town,ZONE,Orthopaedics
Delhi,Civil lines,ZONE,Endocrinologist
Delhi,Vasant kunj,ZONE,General Psychiatry
Delhi,Dwarka,ZONE,ENT
Delhi,Rohini,ZONE,Physiotherapist
Delhi,Janakpuri,ZONE,General Dermatology
Delhi,Nehru place,ZONE,General Dentistry
Delhi,Delhi-Cityinventory,SUPERZONE,General Gynecology
Delhi,Cannought place,ZONE,General Physician
Delhi,Dwarka,ZONE,Vascular Surgeon
Delhi,Preet vihar,ZONE,Cardiologist
Delhi,Preet vihar,ZONE,General Dermatology
Delhi,Karol bagh,ZONE,General Psychiatry
Delhi,Punjabi bagh,ZONE,Hair Transplant
Delhi,Chanakyapuri,ZONE,General Gynecology
Delhi,Cannought place,ZONE,General Psychiatry
Delhi,Janakpuri,ZONE,Urologist
Delhi,Dwarka,ZONE,Urologist
Delhi,Shastri nagar,ZONE,General Gynecology
Delhi,Rohini,ZONE,General Alt Medicine
Delhi,Janakpuri,ZONE,General Alt Medicine
Delhi,Pitampura,ZONE,General Pediatrics
Delhi,Shastri nagar,ZONE,Sexologist
Delhi,Preet vihar,ZONE,Gastroenterologist
Delhi,Shastri nagar,ZONE,General Dentistry
Delhi,Pitampura,ZONE,Pulmonologist
Delhi,Greater kailash,ZONE,Cardiologist
Delhi,Nehru place,ZONE,Neurologist
Delhi,Pitampura,ZONE,Urologist
Delhi,Punjabi bagh,ZONE,Dietitian
Delhi,Nehru place,ZONE,Pulmonologist
Delhi,Delhi-Cityinventory,SUPERZONE,Hematologist
Delhi,Vasant kunj,ZONE,General Gynecology
Delhi,Punjabi bagh,ZONE,General Physician
Delhi,Janakpuri,ZONE,General Dentistry
Delhi,Delhi-Cityinventory,SUPERZONE,General Dermatology
Delhi,Vasant kunj,ZONE,General Ophthalmology
Delhi,Vasant kunj,ZONE,Physiotherapist
Delhi,Vasant kunj,ZONE,Neurologist
Delhi,Shastri nagar,ZONE,General Ophthalmology
Delhi,Nehru place,ZONE,General Gynecology
Delhi,Karol bagh,ZONE,ENT
Delhi,Rohini,ZONE,Cardiologist
Delhi,Nehru place,ZONE,Hair Transplant
Delhi,Preet vihar,ZONE,General Physician
Delhi,Nehru place,ZONE,General Ophthalmology
Delhi,Dwarka,ZONE,General Alt Medicine
Delhi,Chanakyapuri,ZONE,ENT
Delhi,Punjabi bagh,ZONE,Physiotherapist
Delhi,Vasant kunj,ZONE,Hair Transplant
Delhi,Greater kailash,ZONE,General Gynecology
Delhi,Punjabi bagh,ZONE,Endocrinologist
Delhi,Punjabi bagh,ZONE,General Dermatology
Delhi,Janakpuri,ZONE,ENT
Delhi,Shahdara,ZONE,General Surgeon
Delhi,Punjabi bagh,ZONE,General Dentistry
Delhi,Greater kailash,ZONE,Physiotherapist
Delhi,Delhi-Cityinventory,SUPERZONE,Cardiologist
Delhi,Dwarka,ZONE,Cardiologist
Delhi,Shastri nagar,ZONE,General Dermatology
Delhi,Pitampura,ZONE,Dietitian
Delhi,Rohini,ZONE,Endocrinologist
Delhi,Punjabi bagh,ZONE,General Psychiatry
Delhi,Shahdara,ZONE,ENT
Delhi,Greater kailash,ZONE,General Psychiatry
Delhi,South extension,ZONE,ENT
Delhi,Shahdara,ZONE,Sexologist
Delhi,Pitampura,ZONE,Gastroenterologist
Delhi,Malviya nagar,ZONE,ENT
Delhi,Model town,ZONE,General Ophthalmology
Delhi,South extension,ZONE,Hair Transplant
Delhi,Karol bagh,ZONE,Neurologist
Delhi,Patparganj,ZONE,General Dentistry
Delhi,Vasant kunj,ZONE,Orthopaedics
Delhi,Rohini,ZONE,Urologist
Delhi,Greater kailash,ZONE,Hair Transplant
Delhi,South extension,ZONE,General Gynecology
Delhi,Malviya nagar,ZONE,General Pediatrics
Delhi,Dwarka,ZONE,Pulmonologist
Delhi,Rohini,ZONE,Veterinarian
Delhi,Lajpat nagar,ZONE,Orthopaedics
Delhi,Model town,ZONE,ENT
Delhi,Shahdara,ZONE,General Physician
Delhi,Delhi-Cityinventory,SUPERZONE,Hair Transplant
Delhi,Civil lines,ZONE,General Ophthalmology
Delhi,Shahdara,ZONE,Neurologist
Delhi,Delhi-Cityinventory,SUPERZONE,Cosmetic/Plastic Surgeon
Delhi,Delhi-Cityinventory,SUPERZONE,General Surgeon
Delhi,Delhi-Cityinventory,SUPERZONE,Neurologist
Delhi,Punjabi bagh,ZONE,Sexologist
Delhi,Janakpuri,ZONE,General Surgeon
Delhi,Shahdara,ZONE,General Ophthalmology
Delhi,Badarpur,ZONE,General Physician
Delhi,Delhi-Cityinventory,SUPERZONE,Sexologist
Delhi,Vasant kunj,ZONE,General Physician
Delhi,Shahdara,ZONE,General Dentistry
Delhi,Rohini,ZONE,General Pediatrics
Delhi,Lajpat nagar,ZONE,Neurologist
Delhi,Delhi-Cityinventory,SUPERZONE,Speech Therapist
Delhi,Shahdara,ZONE,General Psychiatry
Delhi,Mehrauli,ZONE,General Ophthalmology
Delhi,Mehrauli,ZONE,General Dermatology
Delhi,Delhi-Cityinventory,SUPERZONE,Pulmonologist
Delhi,Nehru place,ZONE,General Surgeon
Delhi,Preet vihar,ZONE,General Ophthalmology
Delhi,Lajpat nagar,ZONE,Homeopathy
Delhi,Karol bagh,ZONE,General Pediatrics
Delhi,Model town,ZONE,Cardiologist
Delhi,Shastri nagar,ZONE,General Physician
Delhi,Karol bagh,ZONE,General Dentistry
Delhi,Shahdara,ZONE,Homeopathy
Delhi,Dwarka,ZONE,Speech Therapist
Delhi,Patparganj,ZONE,Sexologist
Delhi,Malviya nagar,ZONE,General Dermatology
Delhi,Rohini,ZONE,Speech Therapist
Delhi,Janakpuri,ZONE,General Gynecology
Delhi,Greater kailash,ZONE,Dietitian
Delhi,Nehru place,ZONE,Physiotherapist
Delhi,Janakpuri,ZONE,Physiotherapist
Delhi,Preet vihar,ZONE,Sexologist
Delhi,Delhi-Cityinventory,SUPERZONE,Occupational Therapist
Delhi,Nehru place,ZONE,Gastroenterologist
Delhi,Mehrauli,ZONE,Nephrologist
Delhi,Delhi-Cityinventory,SUPERZONE,Gastroenterologist
Delhi,Dwarka,ZONE,Nephrologist
Delhi,Karol bagh,ZONE,Physiotherapist
Delhi,Nehru place,ZONE,Orthopaedics
Delhi,Mehrauli,ZONE,Dietitian
Delhi,Mehrauli,ZONE,Gastroenterologist
Delhi,Nehru place,ZONE,General Alt Medicine
Delhi,Greater kailash,ZONE,Orthopaedics
Delhi,Janakpuri,ZONE,Neurologist
Delhi,Rohini,ZONE,General Gynecology
Delhi,Greater kailash,ZONE,Sexologist
Delhi,Delhi-Cityinventory,SUPERZONE,Radiology
Delhi,Vasant kunj,ZONE,General Alt Medicine
Delhi,Karol bagh,ZONE,Cardiologist
Delhi,Preet vihar,ZONE,Pulmonologist
Delhi,Delhi-Cityinventory,SUPERZONE,Physiotherapist
Delhi,Malviya nagar,ZONE,General Dentistry
Delhi,Vasant kunj,ZONE,Pulmonologist
Delhi,Rohini,ZONE,Sexologist
Delhi,Preet vihar,ZONE,Physiotherapist
Delhi,Karol bagh,ZONE,General Dermatology
Delhi,Mehrauli,ZONE,Endocrinologist
Delhi,Shastri nagar,ZONE,General Ophthalmology
Delhi,Janakpuri,ZONE,General Alt Medicine
Delhi,Cannought place,ZONE,Homeopathy
Delhi,Dwarka,ZONE,General Dentistry
Delhi,Pitampura,ZONE,General Physician
Delhi,Patparganj,ZONE,Sexologist
Delhi,Model town,ZONE,Orthopaedics
Delhi,Greater kailash,ZONE,Dietitian
Delhi,Delhi-Cityinventory,SUPERZONE,ENT
Delhi,Malviya nagar,ZONE,Cosmetic/Plastic Surgeon
Delhi,Janakpuri,ZONE,Homeopathy
Delhi,Punjabi bagh,ZONE,Speech Therapist
Delhi,Rohini,ZONE,Nephrologist
Delhi,Karol bagh,ZONE,Orthopaedics
Delhi,Chanakyapuri,ZONE,Sexologist
Delhi,Karol bagh,ZONE,General Alt Medicine
Delhi,Rohini,ZONE,Gastroenterologist
Delhi,Punjabi bagh,ZONE,Urologist
Delhi,Punjabi bagh,ZONE,Cardiologist
Delhi,Karol bagh,ZONE,General Physician
Delhi,Lajpat nagar,ZONE,ENT
Delhi,Rohini,ZONE,General Dentistry
Delhi,Rohini,ZONE,Pulmonologist
Delhi,Delhi-Cityinventory,SUPERZONE,General Dermatology
Delhi,Mehrauli,ZONE,General Physician
Delhi,Lajpat nagar,ZONE,Cosmetic/Plastic Surgeon
Delhi,Pitampura,ZONE,General Gynecology
Delhi,Pitampura,ZONE,General Pediatrics
Delhi,Shahdara,ZONE,General Pediatrics
Delhi,Pitampura,ZONE,Pulmonologist
Delhi,Shahdara,ZONE,General Alt Medicine
Delhi,Mehrauli,ZONE,General Psychiatry
Delhi,Nehru place,ZONE,General Ophthalmology
Delhi,Delhi-Cityinventory,SUPERZONE,Orthopaedics
Delhi,Lajpat nagar,ZONE,Orthopaedics
Delhi,Janakpuri,ZONE,Cardiologist
Delhi,Punjabi bagh,ZONE,General Pediatrics
Delhi,Patparganj,ZONE,Orthopaedics
Delhi,Malviya nagar,ZONE,Pulmonologist
Delhi,Rohini,ZONE,General Physician
Delhi,Delhi-Cityinventory,SUPERZONE,Hair Transplant
Delhi,Patparganj,ZONE,General Gynecology
Delhi,Vasant kunj,ZONE,General Dermatology
Delhi,Patparganj,ZONE,Neurologist
Delhi,Karol bagh,ZONE,Homeopathy
Delhi,Rohini,ZONE,Dietitian
Delhi,Greater kailash,ZONE,ENT
Delhi,Nehru place,ZONE,Pulmonologist
Delhi,Delhi-Cityinventory,SUPERZONE,Radiology
Delhi,Malviya nagar,ZONE,Endocrinologist
Delhi,Janakpuri,ZONE,General Physician
Delhi,Rohini,ZONE,Hair Transplant
Delhi,Mehrauli,ZONE,Cosmetic/Plastic Surgeon
Delhi,Malviya nagar,ZONE,Neurologist
Delhi,Lajpat nagar,ZONE,General Gynecology
Delhi,Karol bagh,ZONE,Physiotherapist
Delhi,Karol bagh,ZONE,ENT
Delhi,Karol bagh,ZONE,Neurologist
Delhi,Karol bagh,ZONE,General Pediatrics
Delhi,Patparganj,ZONE,General Dentistry
Delhi,Punjabi bagh,ZONE,Homeopathy
Delhi,Dwarka,ZONE,Neurologist
Delhi,Rohini,ZONE,Physiotherapist
Delhi,Delhi-Cityinventory,SUPERZONE,Oncologist
Delhi,Rohini,ZONE,Endocrinologist
Delhi,Malviya nagar,ZONE,Sexologist
Delhi,Vasant kunj,ZONE,Gastroenterologist
Delhi,Patparganj,ZONE,Physiotherapist
Delhi,Janakpuri,ZONE,Hair Transplant
Delhi,Vasant kunj,ZONE,Pulmonologist
Delhi,Mehrauli,ZONE,General Ophthalmology
Delhi,Dwarka,ZONE,Hair Transplant
Delhi,Nehru place,ZONE,ENT
Delhi,Greater kailash,ZONE,General Physician
Delhi,Karol bagh,ZONE,Sexologist
Delhi,Delhi-Cityinventory,SUPERZONE,Neurologist
Delhi,Delhi-Cityinventory,SUPERZONE,General Psychiatry
Delhi,Rohini,ZONE,Veterinarian
Delhi,Vasant kunj,ZONE,Endocrinologist
Delhi,Model town,ZONE,Neurologist
Delhi,Shahdara,ZONE,Pulmonologist
Delhi,Punjabi bagh,ZONE,General Gynecology
Delhi,Preet vihar,ZONE,General Ophthalmology
Delhi,Shastri nagar,ZONE,Sexologist
Delhi,Punjabi bagh,ZONE,General Alt Medicine
Delhi,South extension,ZONE,General Dentistry
Delhi,Shahdara,ZONE,Dietitian
Delhi,Dwarka,ZONE,General Pediatrics
Delhi,Rohini,ZONE,Sexologist
Delhi,Cannought place,ZONE,General Gynecology
Delhi,Malviya nagar,ZONE,ENT
Delhi,Model town,ZONE,General Dermatology
Delhi,Preet vihar,ZONE,Cardiologist
Delhi,Greater kailash,ZONE,Cardiologist
Delhi,Karol bagh,ZONE,General Dentistry
Delhi,Janakpuri,ZONE,Endocrinologist
Delhi,Pitampura,ZONE,General Psychiatry
Delhi,Nehru place,ZONE,Physiotherapist
Delhi,Delhi-Cityinventory,SUPERZONE,Gastroenterologist
Delhi,Malviya nagar,ZONE,Urologist
Delhi,Pitampura,ZONE,Gastroenterologist
Delhi,Nehru place,ZONE,General Alt Medicine
Delhi,Dwarka,ZONE,Dietitian
Delhi,Shahdara,ZONE,General Gynecology
Delhi,Malviya nagar,ZONE,General Psychiatry
Delhi,Cannought place,ZONE,General Physician
Delhi,Civil lines,ZONE,ENT
Delhi,Greater kailash,ZONE,General Dermatology
Delhi,Delhi-Cityinventory,SUPERZONE,Dietitian
Delhi,Mehrauli,ZONE,Nephrologist
Delhi,Nehru place,ZONE,Gastroenterologist
Delhi,Mehrauli,ZONE,General Gynecology
Delhi,Patparganj,ZONE,Urologist
Delhi,Punjabi bagh,ZONE,General Ophthalmology
Delhi,Shahdara,ZONE,Cardiologist
Delhi,Malviya nagar,ZONE,General Physician
Delhi,Lajpat nagar,ZONE,General Ophthalmology
Delhi,Pitampura,ZONE,General Dentistry
Delhi,Chanakyapuri,ZONE,General Alt Medicine
Delhi,Janakpuri,ZONE,General Ophthalmology
Delhi,Civil lines,ZONE,General Physician
Delhi,Dwarka,ZONE,Endocrinologist
Delhi,Janakpuri,ZONE,Speech Therapist
Delhi,Vasant kunj,ZONE,Cardiologist
Delhi,Delhi-Cityinventory,SUPERZONE,General Ophthalmology
Delhi,Mehrauli,ZONE,Pulmonologist
Delhi,Delhi-Cityinventory,SUPERZONE,General Physician
Delhi,Mehrauli,ZONE,Gastroenterologist
Delhi,Delhi-Cityinventory,SUPERZONE,Hematologist
Delhi,Vasant kunj,ZONE,Orthopaedics
Delhi,Mehrauli,ZONE,Cardiologist
Delhi,Shastri nagar,ZONE,General Dentistry
Delhi,Karol bagh,ZONE,General Dermatology
Delhi,Janakpuri,ZONE,Cosmetic/Plastic Surgeon
Delhi,Patparganj,ZONE,Endocrinologist
Delhi,Janakpuri,ZONE,Sexologist
Delhi,Nehru place,ZONE,Dietitian
Delhi,Model town,ZONE,General Ophthalmology
Delhi,Punjabi bagh,ZONE,Physiotherapist
Delhi,Karol bagh,ZONE,General Psychiatry
Delhi,Preet vihar,ZONE,ENT
Delhi,Greater kailash,ZONE,Cosmetic/Plastic Surgeon
Delhi,Malviya nagar,ZONE,General Ophthalmology
Delhi,Rohini,ZONE,Homeopathy
Delhi,Nehru place,ZONE,General Surgeon
Delhi,Shahdara,ZONE,Homeopathy
Delhi,Malviya nagar,ZONE,Physiotherapist
Delhi,Civil lines,ZONE,General Ophthalmology
Delhi,Nehru place,ZONE,Cardiologist
Delhi,Rohini,ZONE,General Alt Medicine
Delhi,Nehru place,ZONE,Endocrinologist
Delhi,Preet vihar,ZONE,Neurologist
Delhi,Patparganj,ZONE,ENT
Delhi,Preet vihar,ZONE,General Physician
Delhi,Rohini,ZONE,ENT
Delhi,Mehrauli,ZONE,General Dentistry
Delhi,Patparganj,ZONE,General Psychiatry
Delhi,Nehru place,ZONE,General Psychiatry
Delhi,Delhi-Cityinventory,SUPERZONE,Cosmetic/Plastic Surgeon
Delhi,Lajpat nagar,ZONE,Audiologist
Delhi,Delhi-Cityinventory,SUPERZONE,Audiologist
Delhi,Preet vihar,ZONE,General Dermatology
Delhi,Rohini,ZONE,Neurologist
Delhi,Dwarka,ZONE,Veterinarian
Delhi,Delhi-Cityinventory,SUPERZONE,Speech Therapist
Delhi,Malviya nagar,ZONE,General Dermatology
Delhi,Nehru place,ZONE,General Dentistry
Delhi,Rohini,ZONE,General Gynecology
Delhi,Rohini,ZONE,General Pediatrics
Delhi,Rohini,ZONE,General Psychiatry
Delhi,Punjabi bagh,ZONE,Pulmonologist
Delhi,Shahdara,ZONE,Urologist
Delhi,Nehru place,ZONE,General Dermatology
Delhi,Nehru place,ZONE,Homeopathy
Delhi,South extension,ZONE,General Ophthalmology
Delhi,South extension,ZONE,General Dermatology
Delhi,Punjabi bagh,ZONE,General Physician
Delhi,Nehru place,ZONE,Cosmetic/Plastic Surgeon
Delhi,Mehrauli,ZONE,ENT
Delhi,Lajpat nagar,ZONE,General Pediatrics
Delhi,Dwarka,ZONE,Orthopaedics
Delhi,Punjabi bagh,ZONE,Endocrinologist
Delhi,Greater kailash,ZONE,General Ophthalmology
Delhi,Janakpuri,ZONE,Pulmonologist
Delhi,Greater kailash,ZONE,Sexologist
Delhi,Dwarka,ZONE,Nephrologist
Delhi,Model town,ZONE,Urologist
Delhi,Mehrauli,ZONE,Endocrinologist
Delhi,South extension,ZONE,Hair Transplant
Delhi,Pitampura,ZONE,Homeopathy
Delhi,Mehrauli,ZONE,Neurologist
Delhi,Mehrauli,ZONE,General Dermatology
Delhi,Preet vihar,ZONE,General Psychiatry
Delhi,Civil lines,ZONE,Endocrinologist
Delhi,Rohini,ZONE,General Dermatology
Delhi,Shahdara,ZONE,General Dermatology
Delhi,Shastri nagar,ZONE,General Psychiatry
Delhi,Vasant kunj,ZONE,Physiotherapist
Delhi,Dwarka,ZONE,General Alt Medicine
Delhi,Dwarka,ZONE,General Psychiatry
Delhi,Cannought place,ZONE,General Alt Medicine
Delhi,Dwarka,ZONE,Cosmetic/Plastic Surgeon
Delhi,Janakpuri,ZONE,Gastroenterologist
Delhi,Lajpat nagar,ZONE,Dietitian
Delhi,Punjabi bagh,ZONE,General Dermatology
Delhi,Rohini,ZONE,General Ophthalmology
Delhi,Shahdara,ZONE,Orthopaedics
Delhi,Cannought place,ZONE,Sexologist
Delhi,Model town,ZONE,General Physician
Delhi,Preet vihar,ZONE,Endocrinologist
Delhi,Pitampura,ZONE,General Ophthalmology
Delhi,Karol bagh,ZONE,Cardiologist
Delhi,Rohini,ZONE,General Surgeon
Delhi,Civil lines,ZONE,General Gynecology
Delhi,Delhi-Cityinventory,SUPERZONE,Sexologist
Delhi,Delhi-Cityinventory,SUPERZONE,Vascular Surgeon
Delhi,Janakpuri,ZONE,General Dermatology
Delhi,Patparganj,ZONE,Cardiologist
Delhi,Nehru place,ZONE,Urologist
Delhi,Civil lines,ZONE,General Dentistry
Delhi,Pitampura,ZONE,Urologist
Delhi,Greater kailash,ZONE,Gastroenterologist
Delhi,Greater kailash,ZONE,Urologist
Delhi,Punjabi bagh,ZONE,Orthopaedics
Delhi,Model town,ZONE,ENT
Delhi,Preet vihar,ZONE,Physiotherapist
Delhi,Karol bagh,ZONE,General Gynecology
Delhi,Dwarka,ZONE,Oncologist
Delhi,Chanakyapuri,ZONE,General Physician
Delhi,Janakpuri,ZONE,Physiotherapist
Delhi,Model town,ZONE,General Gynecology
Delhi,Lajpat nagar,ZONE,Gastroenterologist
Delhi,Delhi-Cityinventory,SUPERZONE,General Alt Medicine
Delhi,South extension,ZONE,General Alt Medicine
Delhi,Dwarka,ZONE,Homeopathy
Delhi,Preet vihar,ZONE,Pulmonologist
Delhi,Punjabi bagh,ZONE,Dietitian
Delhi,Malviya nagar,ZONE,General Dentistry
Delhi,Preet vihar,ZONE,Sexologist
Delhi,Delhi-Cityinventory,SUPERZONE,Occupational Therapist
Delhi,Malviya nagar,ZONE,Oncologist
Delhi,Janakpuri,ZONE,Orthopaedics
Delhi,Mehrauli,ZONE,General Alt Medicine
Delhi,Malviya nagar,ZONE,Orthopaedics
Delhi,Shahdara,ZONE,General Psychiatry
Delhi,Punjabi bagh,ZONE,Sexologist
Delhi,Shahdara,ZONE,General Dentistry
Delhi,Delhi-Cityinventory,SUPERZONE,Veterinarian
Delhi,South extension,ZONE,ENT
Delhi,Malviya nagar,ZONE,General Pediatrics
Delhi,Pitampura,ZONE,Cardiologist
Delhi,Greater kailash,ZONE,Endocrinologist
Delhi,Janakpuri,ZONE,General Psychiatry
Delhi,Preet vihar,ZONE,Dietitian
Delhi,Shastri nagar,ZONE,General Gynecology
Delhi,Cannought place,ZONE,General Dermatology
Delhi,Shahdara,ZONE,Sexologist
Delhi,Vasant kunj,ZONE,General Physician
Delhi,Patparganj,ZONE,General Dermatology
Delhi,Delhi-Cityinventory,SUPERZONE,Homeopathy
Delhi,Lajpat nagar,ZONE,Homeopathy
Delhi,Punjabi bagh,ZONE,Neurologist
Delhi,Nehru place,ZONE,General Pediatrics
Delhi,Delhi-Cityinventory,SUPERZONE,General Dentistry
Delhi,Janakpuri,ZONE,Neurologist
Delhi,Nehru place,ZONE,General Physician
Delhi,Mehrauli,ZONE,Homeopathy
Delhi,Dwarka,ZONE,Cardiologist
Delhi,Shahdara,ZONE,Physiotherapist
Delhi,Vasant kunj,ZONE,General Dentistry
Delhi,Janakpuri,ZONE,Veterinarian
Delhi,Preet vihar,ZONE,Homeopathy
Delhi,Shahdara,ZONE,General Surgeon
Delhi,Preet vihar,ZONE,Urologist
Delhi,Patparganj,ZONE,General Physician
Delhi,Janakpuri,ZONE,ENT
Delhi,Lajpat nagar,ZONE,General Physician
Delhi,Nehru place,ZONE,Nephrologist
Delhi,Patparganj,ZONE,General Ophthalmology
Delhi,Vasant kunj,ZONE,Urologist
Delhi,Punjabi bagh,ZONE,Gastroenterologist
Delhi,Lajpat nagar,ZONE,General Dentistry
Delhi,Dwarka,ZONE,General Ophthalmology
Delhi,Greater kailash,ZONE,Orthopaedics
Delhi,Chanakyapuri,ZONE,Orthopaedics
Delhi,Mehrauli,ZONE,Urologist
Delhi,Patparganj,ZONE,General Pediatrics
Delhi,Dwarka,ZONE,Pulmonologist
Delhi,Nehru place,ZONE,Sexologist
Delhi,Model town,ZONE,Cardiologist
Delhi,Preet vihar,ZONE,Orthopaedics
Delhi,Model town,ZONE,Endocrinologist
Delhi,Punjabi bagh,ZONE,ENT
Delhi,Shahdara,ZONE,Gastroenterologist
Delhi,Lajpat nagar,ZONE,General Psychiatry
Delhi,Karol bagh,ZONE,Urologist
Delhi,Rohini,ZONE,Orthopaedics
Delhi,Patparganj,ZONE,Homeopathy
Delhi,Delhi-Cityinventory,SUPERZONE,Physiotherapist
Delhi,Pitampura,ZONE,ENT
Delhi,Shahdara,ZONE,ENT
Delhi,Patparganj,ZONE,Pulmonologist
Delhi,Chanakyapuri,ZONE,ENT
Delhi,Delhi-Cityinventory,SUPERZONE,General Surgeon
Delhi,Malviya nagar,ZONE,Cardiologist
Delhi,Karol bagh,ZONE,Pulmonologist
Delhi,Dwarka,ZONE,ENT
Delhi,Delhi-Cityinventory,SUPERZONE,General Gynecology
Delhi,Dwarka,ZONE,General Dermatology
Delhi,Pitampura,ZONE,Endocrinologist
Delhi,Model town,ZONE,General Psychiatry
Delhi,Civil lines,ZONE,General Dermatology
Delhi,Dwarka,ZONE,Urologist
Delhi,Janakpuri,ZONE,General Surgeon
Delhi,Shahdara,ZONE,Endocrinologist
Delhi,Shastri nagar,ZONE,General Dermatology
Delhi,Preet vihar,ZONE,General Alt Medicine
Delhi,Civil lines,ZONE,Sexologist
Delhi,Shastri nagar,ZONE,Gastroenterologist
Delhi,Delhi-Cityinventory,SUPERZONE,Urologist
Delhi,South extension,ZONE,Sexologist
Delhi,Badarpur,ZONE,General Dermatology
Delhi,Vasant kunj,ZONE,General Gynecology
Delhi,Lajpat nagar,ZONE,Neurologist
Delhi,Delhi-Cityinventory,SUPERZONE,Pulmonologist
Delhi,Pitampura,ZONE,Physiotherapist
Delhi,Chanakyapuri,ZONE,General Gynecology
Delhi,Shahdara,ZONE,General Physician
Delhi,Vasant kunj,ZONE,ENT
Delhi,Dwarka,ZONE,General Gynecology
Delhi,Vasant kunj,ZONE,General Psychiatry
Delhi,Lajpat nagar,ZONE,General Alt Medicine
Delhi,Janakpuri,ZONE,General Dentistry
Delhi,Shastri nagar,ZONE,General Physician
Delhi,Model town,ZONE,General Alt Medicine
Delhi,Punjabi bagh,ZONE,General Dentistry
Delhi,Dwarka,ZONE,Gastroenterologist
Delhi,Karol bagh,ZONE,General Ophthalmology
Delhi,Cannought place,ZONE,ENT
Delhi,Civil lines,ZONE,General Psychiatry
Delhi,Lajpat nagar,ZONE,General Dermatology
Delhi,Malviya nagar,ZONE,General Alt Medicine
Delhi,Delhi-Cityinventory,SUPERZONE,Nephrologist
Delhi,Pitampura,ZONE,General Alt Medicine
Delhi,Rohini,ZONE,Cardiologist
Delhi,Lajpat nagar,ZONE,Pulmonologist
Delhi,Shastri nagar,ZONE,Urologist
Delhi,Greater kailash,ZONE,General Gynecology
Delhi,Model town,ZONE,Sexologist
Delhi,Rohini,ZONE,Urologist
Delhi,Janakpuri,ZONE,General Gynecology
Delhi,Chanakyapuri,ZONE,General Psychiatry
Delhi,Dwarka,ZONE,Sexologist
Delhi,Janakpuri,ZONE,Urologist
Delhi,Vasant kunj,ZONE,Homeopathy
Delhi,Delhi-Cityinventory,SUPERZONE,Cardiologist
Delhi,Shahdara,ZONE,General Ophthalmology
Delhi,Vasant kunj,ZONE,General Alt Medicine
Delhi,Karol bagh,ZONE,Endocrinologist
Delhi,Mehrauli,ZONE,Sexologist
Delhi,Model town,ZONE,General Pediatrics
Delhi,Greater kailash,ZONE,General Psychiatry
Delhi,Delhi-Cityinventory,SUPERZONE,General Pediatrics
Delhi,Vasant kunj,ZONE,Neurologist
Delhi,Pitampura,ZONE,Dietitian
Delhi,Malviya nagar,ZONE,General Gynecology
Delhi,South extension,ZONE,General Gynecology
Delhi,Chanakyapuri,ZONE,General Dentistry
Delhi,Pitampura,ZONE,Sexologist
Delhi,Mehrauli,ZONE,Orthopaedics
Delhi,Punjabi bagh,ZONE,General Psychiatry
Delhi,Malviya nagar,ZONE,Homeopathy
Delhi,Malviya nagar,ZONE,Gastroenterologist
Delhi,Mehrauli,ZONE,General Pediatrics
Delhi,Model town,ZONE,Physiotherapist
Delhi,Model town,ZONE,General Dentistry
Delhi,Civil lines,ZONE,Orthopaedics
Delhi,Mehrauli,ZONE,Physiotherapist
Delhi,Preet vihar,ZONE,General Gynecology
Delhi,Dwarka,ZONE,Speech Therapist
Delhi,Lajpat nagar,ZONE,Physiotherapist
Delhi,Shastri nagar,ZONE,ENT
Delhi,Nehru place,ZONE,General Gynecology
Delhi,Janakpuri,ZONE,Dietitian
Delhi,Dwarka,ZONE,Physiotherapist
Delhi,Shahdara,ZONE,Neurologist
Delhi,Rohini,ZONE,Speech Therapist
Delhi,Preet vihar,ZONE,Gastroenterologist
Delhi,Vasant kunj,ZONE,General Pediatrics
Delhi,Pitampura,ZONE,Orthopaedics
Delhi,Greater kailash,ZONE,General Alt Medicine
Delhi,Nehru place,ZONE,Neurologist
Delhi,Dwarka,ZONE,General Surgeon
Delhi,Preet vihar,ZONE,General Pediatrics
Delhi,Delhi-Cityinventory,SUPERZONE,Endocrinologist
Delhi,South extension,ZONE,General Psychiatry
Delhi,Preet vihar,ZONE,General Dentistry
Delhi,Patparganj,ZONE,Gastroenterologist
Delhi,Chanakyapuri,ZONE,General Dermatology
Delhi,Vasant kunj,ZONE,General Ophthalmology
Delhi,Rohini,ZONE,Oncologist
Delhi,South extension,ZONE,General Physician
Delhi,Dwarka,ZONE,General Physician
Delhi,Model town,ZONE,Gastroenterologist
Delhi,Shastri nagar,ZONE,Neurologist
Delhi,Greater kailash,ZONE,General Dentistry
Delhi,Malviya nagar,ZONE,Hair Transplant
Delhi,Pitampura,ZONE,General Dermatology
Delhi,Janakpuri,ZONE,General Pediatrics
Delhi,Karol bagh,ZONE,Gastroenterologist
Delhi,Nehru place,ZONE,Orthopaedics
Delhi,Pitampura,ZONE,Neurologist
Delhi,Shastri nagar,ZONE,Orthopaedics
Dhanbad,Dhanbad-Cityinventory,SUPERZONE,General Physician
Dhanbad,Dhanbad-Cityinventory,SUPERZONE,Gastroenterologist
Dhanbad,Dhanbad-Cityinventory,SUPERZONE,Orthopaedics
Dhanbad,Dhanbad-Cityinventory,SUPERZONE,General Gynecology
Dhanbad,Dhanbad-Cityinventory,SUPERZONE,General Dentistry
Dhanbad,Dhanbad-Cityinventory,SUPERZONE,Orthopaedics
Dhanbad,Dhanbad-Cityinventory,SUPERZONE,General Gynecology
Dhanbad,Dhanbad-Cityinventory,SUPERZONE,Gastroenterologist
Dhanbad,Dhanbad-Cityinventory,SUPERZONE,General Dentistry
Dhanbad,Dhanbad-Cityinventory,SUPERZONE,General Physician
Dibrugarh,Dibrugarh-Cityinventory,SUPERZONE,General Physician
Dibrugarh,Dibrugarh-Cityinventory,SUPERZONE,General Physician
Durgapur,Durgapur-Cityinventory,SUPERZONE,General Physician
Durgapur,Durgapur-Cityinventory,SUPERZONE,General Physician
East Khasi Hills,Shillong-East Khasi Hills,ZONE,General Dermatology
East Khasi Hills,Shillong-East Khasi Hills,ZONE,General Physician
East Khasi Hills,Shillong-East Khasi Hills,ZONE,General Physician
East Khasi Hills,Shillong-East Khasi Hills,ZONE,General Dermatology
Eluru,Eluru-Cityinventory,SUPERZONE,General Physician
Eluru,Eluru-Cityinventory,SUPERZONE,General Physician
Ernakulam,Tripunithura,ZONE,General Dermatology
Ernakulam,Panampilly Nagar,ZONE,General Gynecology
Ernakulam,Panampilly Nagar,ZONE,General Dentistry
Ernakulam,Kakkanad,ZONE,General Dermatology
Ernakulam,Kakkanad,ZONE,ENT
Ernakulam,Ernakulam-Cityinventory,SUPERZONE,General Pediatrics
Ernakulam,Kakkanad,ZONE,General Gynecology
Ernakulam,Ernakulam-Cityinventory,SUPERZONE,Oncologist
Ernakulam,Ernakulam-Cityinventory,SUPERZONE,General Dermatology
Ernakulam,Ernakulam-Cityinventory,SUPERZONE,Gastroenterologist
Ernakulam,Kakkanad,ZONE,Urologist
Ernakulam,Ernakulam-Cityinventory,SUPERZONE,General Alt Medicine
Ernakulam,Ernakulam-Cityinventory,SUPERZONE,Dietitian
Ernakulam,Ernakulam-Cityinventory,SUPERZONE,Sexologist
Ernakulam,Ernakulam-Cityinventory,SUPERZONE,General Ophthalmology
Ernakulam,Tripunithura,ZONE,Urologist
Ernakulam,Kakkanad,ZONE,Oncologist
Ernakulam,Ernakulam-Cityinventory,SUPERZONE,Pulmonologist
Ernakulam,Ernakulam-Cityinventory,SUPERZONE,Hair Transplant
Ernakulam,Ernakulam-Cityinventory,SUPERZONE,General Dentistry
Ernakulam,Ernakulam-Cityinventory,SUPERZONE,General Surgeon
Ernakulam,Ernakulam-Cityinventory,SUPERZONE,Cardiologist
Ernakulam,Kakkanad,ZONE,Neurologist
Ernakulam,Kakkanad,ZONE,Endocrinologist
Ernakulam,Kakkanad,ZONE,General Surgeon
Ernakulam,Tripunithura,ZONE,General Physician
Ernakulam,Tripunithura,ZONE,General Alt Medicine
Ernakulam,Kakkanad,ZONE,General Physician
Ernakulam,Ernakulam-Cityinventory,SUPERZONE,General Physician
Ernakulam,Panampilly Nagar,ZONE,General Physician
Ernakulam,Tripunithura,ZONE,General Psychiatry
Ernakulam,Kakkanad,ZONE,Sexologist
Ernakulam,Tripunithura,ZONE,General Gynecology
Ernakulam,Kakkanad,ZONE,Cosmetic/Plastic Surgeon
Ernakulam,Kakkanad,ZONE,General Pediatrics
Ernakulam,Kakkanad,ZONE,Physiotherapist
Ernakulam,Tripunithura,ZONE,ENT
Ernakulam,Ernakulam-Cityinventory,SUPERZONE,Neurologist
Ernakulam,Kakkanad,ZONE,Pulmonologist
Ernakulam,Ernakulam-Cityinventory,SUPERZONE,ENT
Ernakulam,Tripunithura,ZONE,General Dentistry
Ernakulam,Panampilly Nagar,ZONE,General Dermatology
Ernakulam,Ernakulam-Cityinventory,SUPERZONE,Physiotherapist
Ernakulam,Ernakulam-Cityinventory,SUPERZONE,Orthopaedics
Ernakulam,Ernakulam-Cityinventory,SUPERZONE,Endocrinologist
Ernakulam,Kakkanad,ZONE,Orthopaedics
Ernakulam,Kadavanthara,ZONE,General Dentistry
Ernakulam,Ernakulam-Cityinventory,SUPERZONE,General Psychiatry
Ernakulam,Ernakulam-Cityinventory,SUPERZONE,Homeopathy
Ernakulam,Panampilly Nagar,ZONE,General Pediatrics
Ernakulam,Ernakulam-Cityinventory,SUPERZONE,General Gynecology
Ernakulam,Kakkanad,ZONE,Homeopathy
Ernakulam,Panampilly Nagar,ZONE,General Psychiatry
Ernakulam,Panampilly Nagar,ZONE,Gastroenterologist
Ernakulam,Tripunithura,ZONE,General Pediatrics
Ernakulam,Kakkanad,ZONE,General Alt Medicine
Ernakulam,Kakkanad,ZONE,General Psychiatry
Ernakulam,Ernakulam-Cityinventory,SUPERZONE,Cosmetic/Plastic Surgeon
Ernakulam,Kakkanad,ZONE,General Ophthalmology
Ernakulam,Kakkanad,ZONE,General Dentistry
Ernakulam,Kakkanad,ZONE,Gastroenterologist
Ernakulam,Ernakulam-Cityinventory,SUPERZONE,Urologist
Ernakulam,Kakkanad,ZONE,Cardiologist
Ernakulam,Ernakulam-Cityinventory,SUPERZONE,ENT
Ernakulam,Tripunithura,ZONE,ENT
Ernakulam,Ernakulam-Cityinventory,SUPERZONE,Oncologist
Ernakulam,Ernakulam-Cityinventory,SUPERZONE,Dietitian
Ernakulam,Kakkanad,ZONE,Cosmetic/Plastic Surgeon
Ernakulam,Kakkanad,ZONE,General Dermatology
Ernakulam,Ernakulam-Cityinventory,SUPERZONE,Cardiologist
Ernakulam,Kakkanad,ZONE,General Dentistry
Ernakulam,Ernakulam-Cityinventory,SUPERZONE,Urologist
Ernakulam,Ernakulam-Cityinventory,SUPERZONE,Physiotherapist
Ernakulam,Ernakulam-Cityinventory,SUPERZONE,General Dentistry
Ernakulam,Kakkanad,ZONE,General Gynecology
Ernakulam,Panampilly Nagar,ZONE,General Psychiatry
Ernakulam,Kakkanad,ZONE,General Ophthalmology
Ernakulam,Ernakulam-Cityinventory,SUPERZONE,Homeopathy
Ernakulam,Tripunithura,ZONE,General Gynecology
Ernakulam,Ernakulam-Cityinventory,SUPERZONE,General Gynecology
Ernakulam,Ernakulam-Cityinventory,SUPERZONE,General Ophthalmology
Ernakulam,Kakkanad,ZONE,Urologist
Ernakulam,Panampilly Nagar,ZONE,General Gynecology
Ernakulam,Ernakulam-Cityinventory,SUPERZONE,Pulmonologist
Ernakulam,Kadavanthara,ZONE,General Dentistry
Ernakulam,Kakkanad,ZONE,General Alt Medicine
Ernakulam,Kakkanad,ZONE,Pulmonologist
Ernakulam,Ernakulam-Cityinventory,SUPERZONE,General Psychiatry
Ernakulam,Kakkanad,ZONE,General Surgeon
Ernakulam,Kakkanad,ZONE,General Pediatrics
Ernakulam,Kakkanad,ZONE,Gastroenterologist
Ernakulam,Ernakulam-Cityinventory,SUPERZONE,General Pediatrics
Ernakulam,Tripunithura,ZONE,General Dermatology
Ernakulam,Ernakulam-Cityinventory,SUPERZONE,Gastroenterologist
Ernakulam,Ernakulam-Cityinventory,SUPERZONE,General Alt Medicine
Ernakulam,Ernakulam-Cityinventory,SUPERZONE,General Dermatology
Ernakulam,Ernakulam-Cityinventory,SUPERZONE,Neurologist
Ernakulam,Panampilly Nagar,ZONE,Gastroenterologist
Ernakulam,Kakkanad,ZONE,Cardiologist
Ernakulam,Ernakulam-Cityinventory,SUPERZONE,Endocrinologist
Ernakulam,Kakkanad,ZONE,Orthopaedics
Ernakulam,Kakkanad,ZONE,Physiotherapist
Ernakulam,Panampilly Nagar,ZONE,General Pediatrics
Ernakulam,Tripunithura,ZONE,General Physician
Ernakulam,Kakkanad,ZONE,General Psychiatry
Ernakulam,Panampilly Nagar,ZONE,General Physician
Ernakulam,Kakkanad,ZONE,Neurologist
Ernakulam,Kakkanad,ZONE,Sexologist
Ernakulam,Ernakulam-Cityinventory,SUPERZONE,Sexologist
Ernakulam,Ernakulam-Cityinventory,SUPERZONE,Hair Transplant
Ernakulam,Ernakulam-Cityinventory,SUPERZONE,Orthopaedics
Ernakulam,Ernakulam-Cityinventory,SUPERZONE,General Physician
Ernakulam,Panampilly Nagar,ZONE,General Dentistry
Ernakulam,Kakkanad,ZONE,Endocrinologist
Ernakulam,Kakkanad,ZONE,ENT
Ernakulam,Panampilly Nagar,ZONE,General Dermatology
Ernakulam,Kakkanad,ZONE,General Physician
Ernakulam,Tripunithura,ZONE,General Dentistry
Ernakulam,Tripunithura,ZONE,Urologist
Ernakulam,Ernakulam-Cityinventory,SUPERZONE,General Surgeon
Ernakulam,Kakkanad,ZONE,Oncologist
Ernakulam,Tripunithura,ZONE,General Psychiatry
Ernakulam,Ernakulam-Cityinventory,SUPERZONE,Cosmetic/Plastic Surgeon
Erode,Erode-Cityinventory,SUPERZONE,Sexologist
Erode,Erode-Cityinventory,SUPERZONE,General Dentistry
Erode,Erode-Cityinventory,SUPERZONE,General Gynecology
Erode,Erode-Cityinventory,SUPERZONE,General Physician
Erode,Erode,ZONE,General Physician
Erode,Erode-Cityinventory,SUPERZONE,Sexologist
Erode,Erode-Cityinventory,SUPERZONE,General Gynecology
Erode,Erode-Cityinventory,SUPERZONE,General Dentistry
Erode,Erode-Cityinventory,SUPERZONE,General Physician
Faizabad,Faizabad-Cityinventory,SUPERZONE,General Physician
Faizabad,Faizabad-Cityinventory,SUPERZONE,General Physician
Faridabad,Faridabad-Cityinventory,SUPERZONE,General Surgeon
Faridabad,Faridabad-Cityinventory,SUPERZONE,Physiotherapist
Faridabad,Faridabad,ZONE,General Physician
Faridabad,Faridabad-Cityinventory,SUPERZONE,General Dentistry
Faridabad,Faridabad-Cityinventory,SUPERZONE,General Dermatology
Faridabad,Faridabad,ZONE,Cosmetic/Plastic Surgeon
Faridabad,Faridabad,ZONE,Cardiologist
Faridabad,Faridabad-Cityinventory,SUPERZONE,Nephrologist
Faridabad,Faridabad-Cityinventory,SUPERZONE,Hair Transplant
Faridabad,Faridabad-Cityinventory,SUPERZONE,Cardiologist
Faridabad,Faridabad,ZONE,Endocrinologist
Faridabad,Faridabad-Cityinventory,SUPERZONE,Homeopathy
Faridabad,Faridabad,ZONE,General Gynecology
Faridabad,Faridabad,ZONE,Homeopathy
Faridabad,Faridabad,ZONE,Gastroenterologist
Faridabad,Faridabad-Cityinventory,SUPERZONE,Oncologist
Faridabad,Faridabad-Cityinventory,SUPERZONE,General Ophthalmology
Faridabad,Faridabad-Cityinventory,SUPERZONE,Pulmonologist
Faridabad,Faridabad-Cityinventory,SUPERZONE,Dietitian
Faridabad,Faridabad-Cityinventory,SUPERZONE,General Physician
Faridabad,Faridabad,ZONE,General Pediatrics
Faridabad,Faridabad,ZONE,Physiotherapist
Faridabad,Faridabad-Cityinventory,SUPERZONE,General Gynecology
Faridabad,Faridabad,ZONE,Sexologist
Faridabad,Faridabad-Cityinventory,SUPERZONE,General Psychiatry
Faridabad,Faridabad,ZONE,General Psychiatry
Faridabad,Faridabad-Cityinventory,SUPERZONE,Orthopaedics
Faridabad,Faridabad,ZONE,ENT
Faridabad,Faridabad-Cityinventory,SUPERZONE,ENT
Faridabad,Faridabad-Cityinventory,SUPERZONE,Urologist
Faridabad,Faridabad-Cityinventory,SUPERZONE,Cosmetic/Plastic Surgeon
Faridabad,Faridabad,ZONE,General Ophthalmology
Faridabad,Faridabad-Cityinventory,SUPERZONE,Sexologist
Faridabad,Faridabad,ZONE,Urologist
Faridabad,Faridabad,ZONE,Neurologist
Faridabad,Faridabad-Cityinventory,SUPERZONE,Speech Therapist
Faridabad,Faridabad-Cityinventory,SUPERZONE,Veterinarian
Faridabad,Faridabad-Cityinventory,SUPERZONE,Endocrinologist
Faridabad,Faridabad,ZONE,General Alt Medicine
Faridabad,Faridabad-Cityinventory,SUPERZONE,Gastroenterologist
Faridabad,Faridabad,ZONE,General Dermatology
Faridabad,Faridabad,ZONE,General Dentistry
Faridabad,Faridabad-Cityinventory,SUPERZONE,General Pediatrics
Faridabad,Faridabad-Cityinventory,SUPERZONE,General Alt Medicine
Faridabad,Faridabad,ZONE,Orthopaedics
Faridabad,Faridabad-Cityinventory,SUPERZONE,Neurologist
Faridabad,Faridabad,ZONE,General Pediatrics
Faridabad,Faridabad,ZONE,Orthopaedics
Faridabad,Faridabad,ZONE,General Alt Medicine
Faridabad,Faridabad-Cityinventory,SUPERZONE,Dietitian
Faridabad,Faridabad-Cityinventory,SUPERZONE,Endocrinologist
Faridabad,Faridabad,ZONE,General Dermatology
Faridabad,Faridabad-Cityinventory,SUPERZONE,Oncologist
Faridabad,Faridabad-Cityinventory,SUPERZONE,Homeopathy
Faridabad,Faridabad-Cityinventory,SUPERZONE,General Surgeon
Faridabad,Faridabad-Cityinventory,SUPERZONE,General Ophthalmology
Faridabad,Faridabad,ZONE,Pulmonologist
Faridabad,Faridabad-Cityinventory,SUPERZONE,General Psychiatry
Faridabad,Faridabad-Cityinventory,SUPERZONE,Sexologist
Faridabad,Faridabad-Cityinventory,SUPERZONE,Hair Transplant
Faridabad,Faridabad-Cityinventory,SUPERZONE,Neurologist
Faridabad,Faridabad-Cityinventory,SUPERZONE,Veterinarian
Faridabad,Faridabad,ZONE,General Gynecology
Faridabad,Faridabad-Cityinventory,SUPERZONE,Cardiologist
Faridabad,Faridabad-Cityinventory,SUPERZONE,Nephrologist
Faridabad,Faridabad,ZONE,Homeopathy
Faridabad,Faridabad,ZONE,Gastroenterologist
Faridabad,Faridabad,ZONE,Cardiologist
Faridabad,Faridabad-Cityinventory,SUPERZONE,ENT
Faridabad,Faridabad,ZONE,Urologist
Faridabad,Faridabad,ZONE,General Physician
Faridabad,Faridabad-Cityinventory,SUPERZONE,General Pediatrics
Faridabad,Faridabad-Cityinventory,SUPERZONE,Urologist
Faridabad,Faridabad,ZONE,Physiotherapist
Faridabad,Faridabad-Cityinventory,SUPERZONE,Gastroenterologist
Faridabad,Faridabad,ZONE,General Dentistry
Faridabad,Faridabad-Cityinventory,SUPERZONE,Physiotherapist
Faridabad,Faridabad-Cityinventory,SUPERZONE,Orthopaedics
Faridabad,Faridabad,ZONE,General Ophthalmology
Faridabad,Faridabad,ZONE,Endocrinologist
Faridabad,Faridabad,ZONE,ENT
Faridabad,Faridabad-Cityinventory,SUPERZONE,Pulmonologist
Faridabad,Faridabad,ZONE,Neurologist
Faridabad,Faridabad,ZONE,Sexologist
Faridabad,Faridabad,ZONE,General Psychiatry
Faridabad,Faridabad-Cityinventory,SUPERZONE,General Dermatology
Faridabad,Faridabad-Cityinventory,SUPERZONE,General Physician
Faridabad,Faridabad-Cityinventory,SUPERZONE,General Dentistry
Faridabad,Faridabad-Cityinventory,SUPERZONE,Speech Therapist
Faridabad,Faridabad-Cityinventory,SUPERZONE,General Alt Medicine
Faridabad,Faridabad-Cityinventory,SUPERZONE,Cosmetic/Plastic Surgeon
Faridabad,Faridabad-Cityinventory,SUPERZONE,General Gynecology
Faridabad,Faridabad,ZONE,Veterinarian
Gandhinagar,Gandhinagar-Cityinventory,SUPERZONE,General Psychiatry
Gandhinagar,Gandhinagar-Cityinventory,SUPERZONE,General Physician
Gandhinagar,Gandhinagar-Cityinventory,SUPERZONE,General Gynecology
Gandhinagar,Gandhinagar-Cityinventory,SUPERZONE,General Dentistry
Gandhinagar,Gandhinagar-Cityinventory,SUPERZONE,Gastroenterologist
Gandhinagar,Gandhinagar-Cityinventory,SUPERZONE,General Dentistry
Gandhinagar,Gandhinagar-Cityinventory,SUPERZONE,General Psychiatry
Gandhinagar,Gandhinagar-Cityinventory,SUPERZONE,General Physician
Gandhinagar,Gandhinagar-Cityinventory,SUPERZONE,General Gynecology
Gandhinagar,Gandhinagar-Cityinventory,SUPERZONE,Gastroenterologist
Gaya,Gaya-Cityinventory,SUPERZONE,General Physician
Gaya,Gaya-Cityinventory,SUPERZONE,General Physician
Ghaziabad,Rajendra Nagar,ZONE,General Ophthalmology
Ghaziabad,Ghaziabad-Cityinventory,SUPERZONE,Cardiologist
Ghaziabad,Vaishali,ZONE,General Dermatology
Ghaziabad,Raj Nagar,ZONE,Nephrologist
Ghaziabad,Ghaziabad-Cityinventory,SUPERZONE,Nephrologist
Ghaziabad,Vaishali,ZONE,General Gynecology
Ghaziabad,Rajendra Nagar,ZONE,Cosmetic/Plastic Surgeon
Ghaziabad,Vaishali,ZONE,General Surgeon
Ghaziabad,Indirapuram,ZONE,Physiotherapist
Ghaziabad,Raj Nagar,ZONE,Urologist
Ghaziabad,Ghaziabad-Cityinventory,SUPERZONE,Urologist
Ghaziabad,Ghaziabad-Cityinventory,SUPERZONE,Orthopaedics
Ghaziabad,Indirapuram,ZONE,General Physician
Ghaziabad,Rajendra Nagar,ZONE,ENT
Ghaziabad,Indirapuram,ZONE,General Dentistry
Ghaziabad,Vaishali,ZONE,Gastroenterologist
Ghaziabad,Ghaziabad-Cityinventory,SUPERZONE,Endocrinologist
Ghaziabad,Ghaziabad-Cityinventory,SUPERZONE,General Surgeon
Ghaziabad,Raj Nagar,ZONE,General Dermatology
Ghaziabad,Vaishali,ZONE,Neurologist
Ghaziabad,Ghaziabad-Cityinventory,SUPERZONE,Neurologist
Ghaziabad,Ghaziabad-Cityinventory,SUPERZONE,Speech Therapist
Ghaziabad,Raj Nagar,ZONE,Orthopaedics
Ghaziabad,Indirapuram,ZONE,General Gynecology
Ghaziabad,Indirapuram,ZONE,Neurologist
Ghaziabad,Raj Nagar,ZONE,General Ophthalmology
Ghaziabad,Indirapuram,ZONE,Gastroenterologist
Ghaziabad,Indirapuram,ZONE,General Ophthalmology
Ghaziabad,Raj Nagar,ZONE,Gastroenterologist
Ghaziabad,Vaishali,ZONE,Pulmonologist
Ghaziabad,Indirapuram,ZONE,General Dermatology
Ghaziabad,Ghaziabad-Cityinventory,SUPERZONE,General Alt Medicine
Ghaziabad,Ghaziabad-Cityinventory,SUPERZONE,ENT
Ghaziabad,Vaishali,ZONE,Physiotherapist
Ghaziabad,Indirapuram,ZONE,General Psychiatry
Ghaziabad,Vaishali,ZONE,Urologist
Ghaziabad,Indirapuram,ZONE,Cardiologist
Ghaziabad,Indirapuram,ZONE,Orthopaedics
Ghaziabad,Ghaziabad-Cityinventory,SUPERZONE,General Ophthalmology
Ghaziabad,Indirapuram,ZONE,Cosmetic/Plastic Surgeon
Ghaziabad,Vaishali,ZONE,Sexologist
Ghaziabad,Ghaziabad-Cityinventory,SUPERZONE,Cosmetic/Plastic Surgeon
Ghaziabad,Raj Nagar,ZONE,General Psychiatry
Ghaziabad,Raj Nagar,ZONE,Sexologist
Ghaziabad,Raj Nagar,ZONE,General Physician
Ghaziabad,Ghaziabad-Cityinventory,SUPERZONE,Hair Transplant
Ghaziabad,Raj Nagar,ZONE,General Surgeon
Ghaziabad,Raj Nagar,ZONE,Neurologist
Ghaziabad,Indirapuram,ZONE,Nephrologist
Ghaziabad,Rajendra Nagar,ZONE,General Dentistry
Ghaziabad,Ghaziabad-Cityinventory,SUPERZONE,General Physician
Ghaziabad,Raj Nagar,ZONE,Homeopathy
Ghaziabad,Ghaziabad-Cityinventory,SUPERZONE,Physiotherapist
Ghaziabad,Ghaziabad-Cityinventory,SUPERZONE,General Dermatology
Ghaziabad,Vaishali,ZONE,Homeopathy
Ghaziabad,Indirapuram,ZONE,Urologist
Ghaziabad,Ghaziabad-Cityinventory,SUPERZONE,Dietitian
Ghaziabad,Vaishali,ZONE,Orthopaedics
Ghaziabad,Indirapuram,ZONE,General Alt Medicine
Ghaziabad,Raj Nagar,ZONE,General Gynecology
Ghaziabad,Indirapuram,ZONE,General Pediatrics
Ghaziabad,Indirapuram,ZONE,ENT
Ghaziabad,Ghaziabad-Cityinventory,SUPERZONE,General Pediatrics
Ghaziabad,Raj Nagar,ZONE,General Pediatrics
Ghaziabad,Ghaziabad-Cityinventory,SUPERZONE,General Psychiatry
Ghaziabad,Rajendra Nagar,ZONE,General Dermatology
Ghaziabad,Vaishali,ZONE,General Dentistry
Ghaziabad,Ghaziabad-Cityinventory,SUPERZONE,Occupational Therapist
Ghaziabad,Ghaziabad-Cityinventory,SUPERZONE,Sexologist
Ghaziabad,Rajendra Nagar,ZONE,Sexologist
Ghaziabad,Indirapuram,ZONE,Hair Transplant
Ghaziabad,Ghaziabad-Cityinventory,SUPERZONE,General Dentistry
Ghaziabad,Indirapuram,ZONE,Endocrinologist
Ghaziabad,Indirapuram,ZONE,General Surgeon
Ghaziabad,Rajendra Nagar,ZONE,Gastroenterologist
Ghaziabad,Raj Nagar,ZONE,ENT
Ghaziabad,Vaishali,ZONE,General Physician
Ghaziabad,Raj Nagar,ZONE,Physiotherapist
Ghaziabad,Rajendra Nagar,ZONE,General Psychiatry
Ghaziabad,Ghaziabad-Cityinventory,SUPERZONE,Audiologist
Ghaziabad,Raj Nagar,ZONE,General Dentistry
Ghaziabad,Rajendra Nagar,ZONE,Neurologist
Ghaziabad,Rajendra Nagar,ZONE,General Physician
Ghaziabad,Indirapuram,ZONE,Homeopathy
Ghaziabad,Indirapuram,ZONE,Pulmonologist
Ghaziabad,Vaishali,ZONE,General Pediatrics
Ghaziabad,Vaishali,ZONE,General Ophthalmology
Ghaziabad,Vaishali,ZONE,ENT
Ghaziabad,Indirapuram,ZONE,Dietitian
Ghaziabad,Rajendra Nagar,ZONE,Urologist
Ghaziabad,Indirapuram,ZONE,Sexologist
Ghaziabad,Vaishali,ZONE,General Psychiatry
Ghaziabad,Ghaziabad-Cityinventory,SUPERZONE,Oncologist
Ghaziabad,Rajendra Nagar,ZONE,Orthopaedics
Ghaziabad,Vaishali,ZONE,Cardiologist
Ghaziabad,Raj Nagar,ZONE,Cardiologist
Ghaziabad,Vaishali,ZONE,Endocrinologist
Ghaziabad,Vaishali,ZONE,General Alt Medicine
Ghaziabad,Ghaziabad-Cityinventory,SUPERZONE,Homeopathy
Ghaziabad,Vaishali,ZONE,Nephrologist
Ghaziabad,Ghaziabad-Cityinventory,SUPERZONE,Gastroenterologist
Ghaziabad,Ghaziabad-Cityinventory,SUPERZONE,General Gynecology
Ghaziabad,Rajendra Nagar,ZONE,General Gynecology
Ghaziabad,Ghaziabad-Cityinventory,SUPERZONE,Pulmonologist
Ghaziabad,Ghaziabad-Cityinventory,SUPERZONE,Orthopaedics
Ghaziabad,Ghaziabad-Cityinventory,SUPERZONE,Occupational Therapist
Ghaziabad,Ghaziabad-Cityinventory,SUPERZONE,Pulmonologist
Ghaziabad,Ghaziabad-Cityinventory,SUPERZONE,Oncologist
Ghaziabad,Ghaziabad-Cityinventory,SUPERZONE,Cosmetic/Plastic Surgeon
Ghaziabad,Rajendra Nagar,ZONE,ENT
Ghaziabad,Indirapuram,ZONE,Cosmetic/Plastic Surgeon
Ghaziabad,Raj Nagar,ZONE,General Ophthalmology
Ghaziabad,Vaishali,ZONE,Urologist
Ghaziabad,Raj Nagar,ZONE,General Pediatrics
Ghaziabad,Ghaziabad-Cityinventory,SUPERZONE,Urologist
Ghaziabad,Indirapuram,ZONE,Urologist
Ghaziabad,Ghaziabad-Cityinventory,SUPERZONE,Nephrologist
Ghaziabad,Vaishali,ZONE,General Ophthalmology
Ghaziabad,Ghaziabad-Cityinventory,SUPERZONE,Gastroenterologist
Ghaziabad,Ghaziabad-Cityinventory,SUPERZONE,General Pediatrics
Ghaziabad,Raj Nagar,ZONE,General Gynecology
Ghaziabad,Rajendra Nagar,ZONE,General Gynecology
Ghaziabad,Vaishali,ZONE,Neurologist
Ghaziabad,Ghaziabad-Cityinventory,SUPERZONE,General Ophthalmology
Ghaziabad,Vaishali,ZONE,Physiotherapist
Ghaziabad,Raj Nagar,ZONE,Physiotherapist
Ghaziabad,Vaishali,ZONE,Orthopaedics
Ghaziabad,Indirapuram,ZONE,Neurologist
Ghaziabad,Ghaziabad-Cityinventory,SUPERZONE,Cardiologist
Ghaziabad,Ghaziabad-Cityinventory,SUPERZONE,Physiotherapist
Ghaziabad,Raj Nagar,ZONE,Homeopathy
Ghaziabad,Indirapuram,ZONE,Gastroenterologist
Ghaziabad,Raj Nagar,ZONE,General Dermatology
Ghaziabad,Vaishali,ZONE,General Psychiatry
Ghaziabad,Vaishali,ZONE,General Pediatrics
Ghaziabad,Indirapuram,ZONE,Sexologist
Ghaziabad,Vaishali,ZONE,General Alt Medicine
Ghaziabad,Vaishali,ZONE,General Gynecology
Ghaziabad,Vaishali,ZONE,General Surgeon
Ghaziabad,Indirapuram,ZONE,Dietitian
Ghaziabad,Vaishali,ZONE,Cardiologist
Ghaziabad,Vaishali,ZONE,Homeopathy
Ghaziabad,Raj Nagar,ZONE,General Physician
Ghaziabad,Vaishali,ZONE,General Dentistry
Ghaziabad,Ghaziabad-Cityinventory,SUPERZONE,General Physician
Ghaziabad,Ghaziabad-Cityinventory,SUPERZONE,Hair Transplant
Ghaziabad,Ghaziabad-Cityinventory,SUPERZONE,General Surgeon
Ghaziabad,Ghaziabad-Cityinventory,SUPERZONE,Endocrinologist
Ghaziabad,Ghaziabad-Cityinventory,SUPERZONE,General Dentistry
Ghaziabad,Indirapuram,ZONE,General Psychiatry
Ghaziabad,Rajendra Nagar,ZONE,Orthopaedics
Ghaziabad,Indirapuram,ZONE,General Dentistry
Ghaziabad,Vaishali,ZONE,Pulmonologist
Ghaziabad,Vaishali,ZONE,Sexologist
Ghaziabad,Vaishali,ZONE,Gastroenterologist
Ghaziabad,Raj Nagar,ZONE,Sexologist
Ghaziabad,Ghaziabad-Cityinventory,SUPERZONE,ENT
Ghaziabad,Raj Nagar,ZONE,Orthopaedics
Ghaziabad,Ghaziabad-Cityinventory,SUPERZONE,General Gynecology
Ghaziabad,Raj Nagar,ZONE,Urologist
Ghaziabad,Raj Nagar,ZONE,General Dentistry
Ghaziabad,Indirapuram,ZONE,Physiotherapist
Ghaziabad,Indirapuram,ZONE,General Alt Medicine
Ghaziabad,Rajendra Nagar,ZONE,Gastroenterologist
Ghaziabad,Raj Nagar,ZONE,Gastroenterologist
Ghaziabad,Rajendra Nagar,ZONE,General Dentistry
Ghaziabad,Ghaziabad-Cityinventory,SUPERZONE,Homeopathy
Ghaziabad,Indirapuram,ZONE,General Physician
Ghaziabad,Indirapuram,ZONE,Orthopaedics
Ghaziabad,Ghaziabad-Cityinventory,SUPERZONE,Speech Therapist
Ghaziabad,Indirapuram,ZONE,General Dermatology
Ghaziabad,Ghaziabad-Cityinventory,SUPERZONE,Neurologist
Ghaziabad,Indirapuram,ZONE,Endocrinologist
Ghaziabad,Ghaziabad-Cityinventory,SUPERZONE,Dietitian
Ghaziabad,Indirapuram,ZONE,Cardiologist
Ghaziabad,Vaishali,ZONE,Endocrinologist
Ghaziabad,Ghaziabad-Cityinventory,SUPERZONE,General Psychiatry
Ghaziabad,Indirapuram,ZONE,General Gynecology
Ghaziabad,Indirapuram,ZONE,General Ophthalmology
Ghaziabad,Raj Nagar,ZONE,Neurologist
Ghaziabad,Vaishali,ZONE,General Physician
Ghaziabad,Raj Nagar,ZONE,ENT
Ghaziabad,Indirapuram,ZONE,General Pediatrics
Ghaziabad,Indirapuram,ZONE,Nephrologist
Ghaziabad,Ghaziabad-Cityinventory,SUPERZONE,Sexologist
Ghaziabad,Indirapuram,ZONE,General Surgeon
Ghaziabad,Raj Nagar,ZONE,General Psychiatry
Ghaziabad,Vaishali,ZONE,General Dermatology
Ghaziabad,Vaishali,ZONE,Nephrologist
Ghaziabad,Rajendra Nagar,ZONE,General Dermatology
Ghaziabad,Indirapuram,ZONE,Homeopathy
Ghaziabad,Rajendra Nagar,ZONE,General Physician
Ghaziabad,Indirapuram,ZONE,Pulmonologist
Ghaziabad,Ghaziabad-Cityinventory,SUPERZONE,General Alt Medicine
Ghaziabad,Vaishali,ZONE,ENT
Ghaziabad,Indirapuram,ZONE,ENT
Ghaziabad,Ghaziabad-Cityinventory,SUPERZONE,General Dermatology
Gorakhpur,Gorakhpur-Cityinventory,SUPERZONE,Cosmetic/Plastic Surgeon
Gorakhpur,Gorakhpur-Cityinventory,SUPERZONE,General Surgeon
Gorakhpur,Gorakhpur-Cityinventory,SUPERZONE,Hair Transplant
Gorakhpur,Gorakhpur-Cityinventory,SUPERZONE,Orthopaedics
Gorakhpur,Gorakhpur-Cityinventory,SUPERZONE,General Dentistry
Gorakhpur,Gorakhpur-Cityinventory,SUPERZONE,Sexologist
Gorakhpur,Gorakhpur-Cityinventory,SUPERZONE,Endocrinologist
Gorakhpur,Gorakhpur-Cityinventory,SUPERZONE,General Gynecology
Gorakhpur,Gorakhpur-Cityinventory,SUPERZONE,General Pediatrics
Gorakhpur,Gorakhpur-Cityinventory,SUPERZONE,ENT
Gorakhpur,Gorakhpur-Cityinventory,SUPERZONE,General Dermatology
Gorakhpur,Gorakhpur-Cityinventory,SUPERZONE,Pulmonologist
Gorakhpur,Gorakhpur-Cityinventory,SUPERZONE,Gastroenterologist
Gorakhpur,Gorakhpur-Cityinventory,SUPERZONE,Homeopathy
Gorakhpur,Gorakhpur-Cityinventory,SUPERZONE,General Physician
Gorakhpur,Gorakhpur-Cityinventory,SUPERZONE,Urologist
Gorakhpur,Gorakhpur-Cityinventory,SUPERZONE,General Psychiatry
Gorakhpur,Gorakhpur-Cityinventory,SUPERZONE,Physiotherapist
Gorakhpur,Gorakhpur-Cityinventory,SUPERZONE,Neurologist
Gorakhpur,Gorakhpur-Cityinventory,SUPERZONE,Hair Transplant
Gorakhpur,Gorakhpur-Cityinventory,SUPERZONE,General Gynecology
Gorakhpur,Gorakhpur-Cityinventory,SUPERZONE,General Dentistry
Gorakhpur,Gorakhpur-Cityinventory,SUPERZONE,General Dermatology
Gorakhpur,Gorakhpur-Cityinventory,SUPERZONE,General Psychiatry
Gorakhpur,Gorakhpur-Cityinventory,SUPERZONE,Homeopathy
Gorakhpur,Gorakhpur-Cityinventory,SUPERZONE,Neurologist
Gorakhpur,Gorakhpur-Cityinventory,SUPERZONE,Pulmonologist
Gorakhpur,Gorakhpur-Cityinventory,SUPERZONE,General Physician
Gorakhpur,Gorakhpur-Cityinventory,SUPERZONE,ENT
Gorakhpur,Gorakhpur-Cityinventory,SUPERZONE,Gastroenterologist
Gorakhpur,Gorakhpur-Cityinventory,SUPERZONE,Physiotherapist
Gorakhpur,Gorakhpur-Cityinventory,SUPERZONE,Orthopaedics
Gorakhpur,Gorakhpur-Cityinventory,SUPERZONE,Endocrinologist
Gorakhpur,Gorakhpur-Cityinventory,SUPERZONE,Urologist
Gorakhpur,Gorakhpur-Cityinventory,SUPERZONE,General Surgeon
Gorakhpur,Gorakhpur-Cityinventory,SUPERZONE,General Pediatrics
Gorakhpur,Gorakhpur-Cityinventory,SUPERZONE,Sexologist
Greater Noida,Greater Noida-Cityinventory,SUPERZONE,Orthopaedics
Greater Noida,Greater Noida-Cityinventory,SUPERZONE,ENT
Greater Noida,Greater Noida,ZONE,General Physician
Greater Noida,Greater Noida,ZONE,Pulmonologist
Greater Noida,Greater Noida,ZONE,General Dentistry
Greater Noida,Greater Noida,ZONE,General Dermatology
Greater Noida,Greater Noida-Cityinventory,SUPERZONE,General Surgeon
Greater Noida,Greater Noida-Cityinventory,SUPERZONE,Cosmetic/Plastic Surgeon
Greater Noida,Greater Noida-Cityinventory,SUPERZONE,General Physician
Greater Noida,Greater Noida-Cityinventory,SUPERZONE,Cardiologist
Greater Noida,Greater Noida-Cityinventory,SUPERZONE,General Gynecology
Greater Noida,Greater Noida-Cityinventory,SUPERZONE,Sexologist
Greater Noida,Greater Noida-Cityinventory,SUPERZONE,Hair Transplant
Greater Noida,Greater Noida,ZONE,General Ophthalmology
Greater Noida,Greater Noida,ZONE,ENT
Greater Noida,Greater Noida-Cityinventory,SUPERZONE,General Dentistry
Greater Noida,Greater Noida,ZONE,General Gynecology
Greater Noida,Greater Noida-Cityinventory,SUPERZONE,General Dermatology
Greater Noida,Greater Noida,ZONE,General Pediatrics
Greater Noida,Greater Noida-Cityinventory,SUPERZONE,Pulmonologist
Greater Noida,Greater Noida,ZONE,General Psychiatry
Greater Noida,Greater Noida-Cityinventory,SUPERZONE,Neurologist
Greater Noida,Greater Noida,ZONE,Physiotherapist
Greater Noida,Greater Noida-Cityinventory,SUPERZONE,General Ophthalmology
Greater Noida,Greater Noida,ZONE,Homeopathy
Greater Noida,Greater Noida,ZONE,Orthopaedics
Greater Noida,Greater Noida-Cityinventory,SUPERZONE,Physiotherapist
Greater Noida,Greater Noida-Cityinventory,SUPERZONE,General Pediatrics
Greater Noida,Greater Noida-Cityinventory,SUPERZONE,Endocrinologist
Greater Noida,Greater Noida-Cityinventory,SUPERZONE,Dietitian
Greater Noida,Greater Noida-Cityinventory,SUPERZONE,Urologist
Greater Noida,Greater Noida-Cityinventory,SUPERZONE,Homeopathy
Greater Noida,Greater Noida-Cityinventory,SUPERZONE,General Alt Medicine
Greater Noida,Greater Noida-Cityinventory,SUPERZONE,General Psychiatry
Greater Noida,Greater Noida-Cityinventory,SUPERZONE,Gastroenterologist
Greater Noida,Greater Noida-Cityinventory,SUPERZONE,Sexologist
Greater Noida,Greater Noida,ZONE,General Pediatrics
Greater Noida,Greater Noida-Cityinventory,SUPERZONE,Cosmetic/Plastic Surgeon
Greater Noida,Greater Noida,ZONE,General Surgeon
Greater Noida,Greater Noida,ZONE,General Dentistry
Greater Noida,Greater Noida,ZONE,General Alt Medicine
Greater Noida,Greater Noida,ZONE,Cosmetic/Plastic Surgeon
Greater Noida,Greater Noida,ZONE,General Gynecology
Greater Noida,Greater Noida-Cityinventory,SUPERZONE,Hair Transplant
Greater Noida,Greater Noida,ZONE,Pulmonologist
Greater Noida,Greater Noida,ZONE,General Psychiatry
Greater Noida,Greater Noida,ZONE,General Dermatology
Greater Noida,Greater Noida-Cityinventory,SUPERZONE,Homeopathy
Greater Noida,Greater Noida-Cityinventory,SUPERZONE,General Ophthalmology
Greater Noida,Greater Noida,ZONE,Endocrinologist
Greater Noida,Greater Noida,ZONE,Neurologist
Greater Noida,Greater Noida-Cityinventory,SUPERZONE,General Dentistry
Greater Noida,Greater Noida,ZONE,General Physician
Greater Noida,Greater Noida-Cityinventory,SUPERZONE,Urologist
Greater Noida,Greater Noida,ZONE,Hair Transplant
Greater Noida,Greater Noida-Cityinventory,SUPERZONE,Physiotherapist
Greater Noida,Greater Noida,ZONE,Orthopaedics
Greater Noida,Greater Noida,ZONE,Cardiologist
Greater Noida,Greater Noida-Cityinventory,SUPERZONE,Endocrinologist
Greater Noida,Greater Noida,ZONE,General Ophthalmology
Greater Noida,Greater Noida,ZONE,Dietitian
Greater Noida,Greater Noida-Cityinventory,SUPERZONE,General Physician
Greater Noida,Greater Noida-Cityinventory,SUPERZONE,General Surgeon
Greater Noida,Greater Noida-Cityinventory,SUPERZONE,Gastroenterologist
Greater Noida,Greater Noida-Cityinventory,SUPERZONE,General Alt Medicine
Greater Noida,Greater Noida-Cityinventory,SUPERZONE,Neurologist
Greater Noida,Greater Noida-Cityinventory,SUPERZONE,General Psychiatry
Greater Noida,Greater Noida-Cityinventory,SUPERZONE,Orthopaedics
Greater Noida,Greater Noida,ZONE,Gastroenterologist
Greater Noida,Greater Noida-Cityinventory,SUPERZONE,Dietitian
Greater Noida,Greater Noida,ZONE,ENT
Greater Noida,Greater Noida-Cityinventory,SUPERZONE,General Dermatology
Greater Noida,Greater Noida-Cityinventory,SUPERZONE,ENT
Greater Noida,Greater Noida,ZONE,Homeopathy
Greater Noida,Greater Noida-Cityinventory,SUPERZONE,Cardiologist
Greater Noida,Greater Noida-Cityinventory,SUPERZONE,General Pediatrics
Greater Noida,Greater Noida-Cityinventory,SUPERZONE,Pulmonologist
Greater Noida,Greater Noida-Cityinventory,SUPERZONE,General Gynecology
Greater Noida,Greater Noida,ZONE,Urologist
Greater Noida,Greater Noida,ZONE,Physiotherapist
Gulbarga,Gulbarga-Cityinventory,SUPERZONE,General Physician
Gulbarga,Gulbarga-Cityinventory,SUPERZONE,General Dermatology
Gulbarga,Gulbarga-Cityinventory,SUPERZONE,General Dermatology
Gulbarga,Gulbarga-Cityinventory,SUPERZONE,General Physician
Guntur,Guntur-Cityinventory,SUPERZONE,General Dentistry
Guntur,Guntur-Cityinventory,SUPERZONE,General Physician
Guntur,Guntur,ZONE,General Dermatology
Guntur,Guntur-Cityinventory,SUPERZONE,General Ophthalmology
Guntur,Guntur,ZONE,ENT
Guntur,Guntur-Cityinventory,SUPERZONE,Gastroenterologist
Guntur,Guntur-Cityinventory,SUPERZONE,Sexologist
Guntur,Guntur-Cityinventory,SUPERZONE,General Dermatology
Guntur,Guntur-Cityinventory,SUPERZONE,General Gynecology
Guntur,Guntur,ZONE,General Dentistry
Guntur,Guntur,ZONE,Orthopaedics
Guntur,Guntur-Cityinventory,SUPERZONE,General Pediatrics
Guntur,Guntur-Cityinventory,SUPERZONE,ENT
Guntur,Guntur,ZONE,Gastroenterologist
Guntur,Guntur-Cityinventory,SUPERZONE,Urologist
Guntur,Guntur-Cityinventory,SUPERZONE,Neurologist
Guntur,Guntur-Cityinventory,SUPERZONE,Cosmetic/Plastic Surgeon
Guntur,Guntur-Cityinventory,SUPERZONE,Orthopaedics
Guntur,Guntur-Cityinventory,SUPERZONE,Cardiologist
Guntur,Guntur-Cityinventory,SUPERZONE,General Gynecology
Guntur,Guntur-Cityinventory,SUPERZONE,General Dentistry
Guntur,Guntur-Cityinventory,SUPERZONE,ENT
Guntur,Guntur-Cityinventory,SUPERZONE,General Pediatrics
Guntur,Guntur-Cityinventory,SUPERZONE,Cardiologist
Guntur,Guntur,ZONE,ENT
Guntur,Guntur,ZONE,General Physician
Guntur,Guntur,ZONE,Orthopaedics
Guntur,Guntur-Cityinventory,SUPERZONE,General Dermatology
Guntur,Guntur-Cityinventory,SUPERZONE,Gastroenterologist
Guntur,Guntur,ZONE,General Dermatology
Guntur,Guntur-Cityinventory,SUPERZONE,Sexologist
Guntur,Guntur-Cityinventory,SUPERZONE,Orthopaedics
Guntur,Guntur,ZONE,Gastroenterologist
Guntur,Guntur,ZONE,General Gynecology
Guntur,Guntur,ZONE,General Dentistry
Guntur,Guntur-Cityinventory,SUPERZONE,General Physician
Guntur,Guntur-Cityinventory,SUPERZONE,Cosmetic/Plastic Surgeon
Guntur,Guntur-Cityinventory,SUPERZONE,Neurologist
Guntur,Guntur-Cityinventory,SUPERZONE,Urologist
Gurgaon,Gurgaon-Cityinventory,SUPERZONE,Physiotherapist
Gurgaon,Sector43,ZONE,Hair Transplant
Gurgaon,DLFPhaseI,ZONE,Dietitian
Gurgaon,Sector43,ZONE,General Ophthalmology
Gurgaon,Gurgaon-Cityinventory,SUPERZONE,Pulmonologist
Gurgaon,Sector10,ZONE,General Psychiatry
Gurgaon,Sector10,ZONE,Hair Transplant
Gurgaon,CivilLines,ZONE,Urologist
Gurgaon,Sector43,ZONE,Physiotherapist
Gurgaon,Gurgaon-Cityinventory,SUPERZONE,Orthopaedics
Gurgaon,Sector10,ZONE,Sexologist
Gurgaon,Gurgaon-Cityinventory,SUPERZONE,Speech Therapist
Gurgaon,Gurgaon-Cityinventory,SUPERZONE,ENT
Gurgaon,Badsharpur,ZONE,ENT
Gurgaon,Sector43,ZONE,General Psychiatry
Gurgaon,CivilLines,ZONE,General Physician
Gurgaon,CivilLines,ZONE,Physiotherapist
Gurgaon,Gurgaon-Cityinventory,SUPERZONE,General Pediatrics
Gurgaon,Sohna,ZONE,Urologist
Gurgaon,CivilLines,ZONE,ENT
Gurgaon,Badsharpur,ZONE,Hair Transplant
Gurgaon,Sector43,ZONE,Dietitian
Gurgaon,CivilLines,ZONE,Sexologist
Gurgaon,Badsharpur,ZONE,General Psychiatry
Gurgaon,Badsharpur,ZONE,Dietitian
Gurgaon,Gurgaon-Cityinventory,SUPERZONE,General Surgeon
Gurgaon,Badsharpur,ZONE,General Dermatology
Gurgaon,Sector43,ZONE,General Physician
Gurgaon,Sector43,ZONE,General Dentistry
Gurgaon,Sector10,ZONE,General Dentistry
Gurgaon,Sector10,ZONE,General Pediatrics
Gurgaon,CivilLines,ZONE,Pulmonologist
Gurgaon,Manesar,ZONE,Orthopaedics
Gurgaon,CivilLines,ZONE,General Dermatology
Gurgaon,Manesar,ZONE,Hair Transplant
Gurgaon,Manesar,ZONE,General Dermatology
Gurgaon,DLFPhaseI,ZONE,Neurologist
Gurgaon,Gurgaon-Cityinventory,SUPERZONE,Sexologist
Gurgaon,DLFPhaseI,ZONE,Urologist
Gurgaon,Gurgaon-Cityinventory,SUPERZONE,General Dentistry
Gurgaon,Gurgaon-Cityinventory,SUPERZONE,Dietitian
Gurgaon,DLFPhaseI,ZONE,Orthopaedics
Gurgaon,Badsharpur,ZONE,General Pediatrics
Gurgaon,Badsharpur,ZONE,Gastroenterologist
Gurgaon,DLFPhaseI,ZONE,General Ophthalmology
Gurgaon,CivilLines,ZONE,Orthopaedics
Gurgaon,Gurgaon-Cityinventory,SUPERZONE,General Psychiatry
Gurgaon,Sector10,ZONE,Orthopaedics
Gurgaon,Sector43,ZONE,Urologist
Gurgaon,Gurgaon-Cityinventory,SUPERZONE,General Dermatology
Gurgaon,DLFPhaseI,ZONE,Hair Transplant
Gurgaon,Sector10,ZONE,General Dermatology
Gurgaon,DLFPhaseI,ZONE,General Dermatology
Gurgaon,Manesar,ZONE,Urologist
Gurgaon,Sector43,ZONE,Gastroenterologist
Gurgaon,Badsharpur,ZONE,Physiotherapist
Gurgaon,Gurgaon-Cityinventory,SUPERZONE,Cosmetic/Plastic Surgeon
Gurgaon,Gurgaon-Cityinventory,SUPERZONE,Cardiologist
Gurgaon,Manesar,ZONE,Physiotherapist
Gurgaon,CivilLines,ZONE,Homeopathy
Gurgaon,Gurgaon-Cityinventory,SUPERZONE,Radiology
Gurgaon,Badsharpur,ZONE,General Surgeon
Gurgaon,Badsharpur,ZONE,Orthopaedics
Gurgaon,Gurgaon-Cityinventory,SUPERZONE,Audiologist
Gurgaon,Sector43,ZONE,Endocrinologist
Gurgaon,Gurgaon-Cityinventory,SUPERZONE,Vascular Surgeon
Gurgaon,Badsharpur,ZONE,Neurologist
Gurgaon,Manesar,ZONE,Gastroenterologist
Gurgaon,CivilLines,ZONE,Endocrinologist
Gurgaon,Badsharpur,ZONE,Homeopathy
Gurgaon,CivilLines,ZONE,General Psychiatry
Gurgaon,CivilLines,ZONE,Gastroenterologist
Gurgaon,DLFPhaseI,ZONE,ENT
Gurgaon,DLFPhaseI,ZONE,Cardiologist
Gurgaon,Gurgaon-Cityinventory,SUPERZONE,Homeopathy
Gurgaon,Sector10,ZONE,Urologist
Gurgaon,Sector43,ZONE,General Surgeon
Gurgaon,Badsharpur,ZONE,General Dentistry
Gurgaon,Badsharpur,ZONE,Cardiologist
Gurgaon,Badsharpur,ZONE,Urologist
Gurgaon,Sector10,ZONE,General Ophthalmology
Gurgaon,DLFPhaseI,ZONE,General Alt Medicine
Gurgaon,Manesar,ZONE,General Pediatrics
Gurgaon,DLFPhaseI,ZONE,Homeopathy
Gurgaon,DLFPhaseI,ZONE,Gastroenterologist
Gurgaon,Sector43,ZONE,General Alt Medicine
Gurgaon,Gurgaon-Cityinventory,SUPERZONE,Hematologist
Gurgaon,Sector43,ZONE,Cardiologist
Gurgaon,DLFPhaseI,ZONE,General Pediatrics
Gurgaon,Badsharpur,ZONE,General Gynecology
Gurgaon,Manesar,ZONE,Sexologist
Gurgaon,Manesar,ZONE,Homeopathy
Gurgaon,Sector43,ZONE,ENT
Gurgaon,Gurgaon-Cityinventory,SUPERZONE,Endocrinologist
Gurgaon,CivilLines,ZONE,Hair Transplant
Gurgaon,CivilLines,ZONE,General Dentistry
Gurgaon,Sector43,ZONE,Sexologist
Gurgaon,Badsharpur,ZONE,General Physician
Gurgaon,Sector43,ZONE,Homeopathy
Gurgaon,Gurgaon-Cityinventory,SUPERZONE,General Alt Medicine
Gurgaon,DLFPhaseI,ZONE,Sexologist
Gurgaon,Sector10,ZONE,ENT
Gurgaon,Gurgaon-Cityinventory,SUPERZONE,Gastroenterologist
Gurgaon,CivilLines,ZONE,General Alt Medicine
Gurgaon,Sector43,ZONE,Oncologist
Gurgaon,DLFPhaseI,ZONE,General Gynecology
Gurgaon,DLFPhaseI,ZONE,General Physician
Gurgaon,DLFPhaseI,ZONE,General Dentistry
Gurgaon,Sector43,ZONE,Orthopaedics
Gurgaon,CivilLines,ZONE,General Pediatrics
Gurgaon,Badsharpur,ZONE,General Ophthalmology
Gurgaon,Sector43,ZONE,Neurologist
Gurgaon,CivilLines,ZONE,General Gynecology
Gurgaon,Gurgaon-Cityinventory,SUPERZONE,Occupational Therapist
Gurgaon,Gurgaon-Cityinventory,SUPERZONE,Oncologist
Gurgaon,Manesar,ZONE,General Gynecology
Gurgaon,Gurgaon-Cityinventory,SUPERZONE,Urologist
Gurgaon,Sector43,ZONE,General Dermatology
Gurgaon,Gurgaon-Cityinventory,SUPERZONE,General Gynecology
Gurgaon,Sector10,ZONE,General Physician
Gurgaon,CivilLines,ZONE,General Ophthalmology
Gurgaon,Sector43,ZONE,General Pediatrics
Gurgaon,Sohna,ZONE,Sexologist
Gurgaon,Gurgaon-Cityinventory,SUPERZONE,Veterinarian
Gurgaon,Sector43,ZONE,General Gynecology
Gurgaon,Gurgaon-Cityinventory,SUPERZONE,General Ophthalmology
Gurgaon,Manesar,ZONE,General Physician
Gurgaon,Badsharpur,ZONE,Sexologist
Gurgaon,CivilLines,ZONE,Cardiologist
Gurgaon,Gurgaon-Cityinventory,SUPERZONE,General Physician
Gurgaon,Gurgaon-Cityinventory,SUPERZONE,Hair Transplant
Gurgaon,Manesar,ZONE,ENT
Gurgaon,DLFPhaseI,ZONE,Physiotherapist
Gurgaon,Sector10,ZONE,General Gynecology
Gurgaon,Gurgaon-Cityinventory,SUPERZONE,Neurologist
Gurgaon,DLFPhaseI,ZONE,General Psychiatry
Gurgaon,Manesar,ZONE,General Psychiatry
Gurgaon,CivilLines,ZONE,Neurologist
Gurgaon,Manesar,ZONE,General Dentistry
Gurgaon,Gurgaon-Cityinventory,SUPERZONE,Nephrologist
Gurgaon,Sector10,ZONE,Gastroenterologist
Gurgaon,Manesar,ZONE,General Ophthalmology
Gurgaon,Manesar,ZONE,General Gynecology
Gurgaon,Gurgaon-Cityinventory,SUPERZONE,General Surgeon
Gurgaon,Sector43,ZONE,Dietitian
Gurgaon,CivilLines,ZONE,ENT
Gurgaon,CivilLines,ZONE,General Dentistry
Gurgaon,Manesar,ZONE,General Dentistry
Gurgaon,Sector10,ZONE,General Dentistry
Gurgaon,Badsharpur,ZONE,Gastroenterologist
Gurgaon,Sector43,ZONE,Hair Transplant
Gurgaon,CivilLines,ZONE,General Alt Medicine
Gurgaon,Sector43,ZONE,General Gynecology
Gurgaon,DLFPhaseI,ZONE,General Ophthalmology
Gurgaon,CivilLines,ZONE,Urologist
Gurgaon,Badsharpur,ZONE,General Pediatrics
Gurgaon,Sector43,ZONE,Sexologist
Gurgaon,DLFPhaseI,ZONE,Urologist
Gurgaon,DLFPhaseI,ZONE,Hair Transplant
Gurgaon,Sector43,ZONE,General Physician
Gurgaon,CivilLines,ZONE,General Dermatology
Gurgaon,Gurgaon-Cityinventory,SUPERZONE,Sexologist
Gurgaon,DLFPhaseI,ZONE,General Dentistry
Gurgaon,CivilLines,ZONE,Orthopaedics
Gurgaon,Gurgaon-Cityinventory,SUPERZONE,Endocrinologist
Gurgaon,Badsharpur,ZONE,General Ophthalmology
Gurgaon,Gurgaon-Cityinventory,SUPERZONE,Neurologist
Gurgaon,Manesar,ZONE,Hair Transplant
Gurgaon,Gurgaon-Cityinventory,SUPERZONE,Speech Therapist
Gurgaon,Sector10,ZONE,General Pediatrics
Gurgaon,Manesar,ZONE,Homeopathy
Gurgaon,CivilLines,ZONE,General Pediatrics
Gurgaon,Sector43,ZONE,ENT
Gurgaon,Sector43,ZONE,Cardiologist
Gurgaon,DLFPhaseI,ZONE,General Alt Medicine
Gurgaon,Gurgaon-Cityinventory,SUPERZONE,Veterinarian
Gurgaon,Badsharpur,ZONE,Orthopaedics
Gurgaon,Gurgaon-Cityinventory,SUPERZONE,Cosmetic/Plastic Surgeon
Gurgaon,Manesar,ZONE,General Physician
Gurgaon,Sector10,ZONE,General Dermatology
Gurgaon,Sector10,ZONE,General Physician
Gurgaon,DLFPhaseI,ZONE,Homeopathy
Gurgaon,DLFPhaseI,ZONE,Physiotherapist
Gurgaon,CivilLines,ZONE,General Physician
Gurgaon,Badsharpur,ZONE,Cardiologist
Gurgaon,Manesar,ZONE,General Dermatology
Gurgaon,DLFPhaseI,ZONE,General Psychiatry
Gurgaon,CivilLines,ZONE,Gastroenterologist
Gurgaon,Gurgaon-Cityinventory,SUPERZONE,ENT
Gurgaon,Sector10,ZONE,Urologist
Gurgaon,Sector43,ZONE,General Surgeon
Gurgaon,Gurgaon-Cityinventory,SUPERZONE,Radiology
Gurgaon,Sector43,ZONE,Gastroenterologist
Gurgaon,Sector43,ZONE,Orthopaedics
Gurgaon,Gurgaon-Cityinventory,SUPERZONE,Dietitian
Gurgaon,CivilLines,ZONE,Sexologist
Gurgaon,Badsharpur,ZONE,ENT
Gurgaon,Badsharpur,ZONE,Hair Transplant
Gurgaon,Gurgaon-Cityinventory,SUPERZONE,Physiotherapist
Gurgaon,Gurgaon-Cityinventory,SUPERZONE,General Physician
Gurgaon,Gurgaon-Cityinventory,SUPERZONE,Orthopaedics
Gurgaon,Gurgaon-Cityinventory,SUPERZONE,Vascular Surgeon
Gurgaon,Gurgaon-Cityinventory,SUPERZONE,General Pediatrics
Gurgaon,Manesar,ZONE,Sexologist
Gurgaon,Sector10,ZONE,Gastroenterologist
Gurgaon,Badsharpur,ZONE,General Surgeon
Gurgaon,CivilLines,ZONE,Cardiologist
Gurgaon,CivilLines,ZONE,General Psychiatry
Gurgaon,DLFPhaseI,ZONE,General Physician
Gurgaon,CivilLines,ZONE,Neurologist
Gurgaon,Gurgaon-Cityinventory,SUPERZONE,Gastroenterologist
Gurgaon,Manesar,ZONE,General Pediatrics
Gurgaon,Gurgaon-Cityinventory,SUPERZONE,Occupational Therapist
Gurgaon,Sector43,ZONE,Physiotherapist
Gurgaon,Sector43,ZONE,General Pediatrics
Gurgaon,Gurgaon-Cityinventory,SUPERZONE,Hematologist
Gurgaon,Gurgaon-Cityinventory,SUPERZONE,Pulmonologist
Gurgaon,Badsharpur,ZONE,General Dermatology
Gurgaon,Manesar,ZONE,Orthopaedics
Gurgaon,Gurgaon-Cityinventory,SUPERZONE,Oncologist
Gurgaon,Badsharpur,ZONE,General Gynecology
Gurgaon,DLFPhaseI,ZONE,Sexologist
Gurgaon,Gurgaon-Cityinventory,SUPERZONE,Hair Transplant
Gurgaon,DLFPhaseI,ZONE,General Dermatology
Gurgaon,Sector43,ZONE,General Psychiatry
Gurgaon,CivilLines,ZONE,Endocrinologist
Gurgaon,Sector43,ZONE,Homeopathy
Gurgaon,CivilLines,ZONE,General Ophthalmology
Gurgaon,DLFPhaseI,ZONE,Orthopaedics
Gurgaon,CivilLines,ZONE,Hair Transplant
Gurgaon,Sector43,ZONE,Neurologist
Gurgaon,Gurgaon-Cityinventory,SUPERZONE,General Dentistry
Gurgaon,Badsharpur,ZONE,Physiotherapist
Gurgaon,Gurgaon-Cityinventory,SUPERZONE,Urologist
Gurgaon,Sector10,ZONE,Sexologist
Gurgaon,Badsharpur,ZONE,General Physician
Gurgaon,Sector43,ZONE,General Ophthalmology
Gurgaon,Sector43,ZONE,Urologist
Gurgaon,Gurgaon-Cityinventory,SUPERZONE,General Dermatology
Gurgaon,Gurgaon-Cityinventory,SUPERZONE,General Psychiatry
Gurgaon,Manesar,ZONE,Urologist
Gurgaon,Gurgaon-Cityinventory,SUPERZONE,General Ophthalmology
Gurgaon,Badsharpur,ZONE,Neurologist
Gurgaon,DLFPhaseI,ZONE,Dietitian
Gurgaon,Manesar,ZONE,ENT
Gurgaon,Manesar,ZONE,General Psychiatry
Gurgaon,Gurgaon-Cityinventory,SUPERZONE,General Gynecology
Gurgaon,Sector43,ZONE,General Dermatology
Gurgaon,Badsharpur,ZONE,Homeopathy
Gurgaon,Manesar,ZONE,Gastroenterologist
Gurgaon,Gurgaon-Cityinventory,SUPERZONE,Cardiologist
Gurgaon,DLFPhaseI,ZONE,ENT
Gurgaon,Sector10,ZONE,General Psychiatry
Gurgaon,Gurgaon-Cityinventory,SUPERZONE,Audiologist
Gurgaon,Manesar,ZONE,Physiotherapist
Gurgaon,Sector43,ZONE,General Dentistry
Gurgaon,Badsharpur,ZONE,General Psychiatry
Gurgaon,CivilLines,ZONE,General Gynecology
Gurgaon,Sector10,ZONE,ENT
Gurgaon,DLFPhaseI,ZONE,General Pediatrics
Gurgaon,Gurgaon-Cityinventory,SUPERZONE,Homeopathy
Gurgaon,Sector43,ZONE,General Alt Medicine
Gurgaon,Gurgaon-Cityinventory,SUPERZONE,General Alt Medicine
Gurgaon,Sector43,ZONE,Oncologist
Gurgaon,DLFPhaseI,ZONE,General Gynecology
Gurgaon,Sector10,ZONE,Hair Transplant
Gurgaon,Badsharpur,ZONE,General Dentistry
Gurgaon,CivilLines,ZONE,Pulmonologist
Gurgaon,Manesar,ZONE,General Ophthalmology
Gurgaon,Badsharpur,ZONE,Sexologist
Gurgaon,Sector10,ZONE,Orthopaedics
Gurgaon,Badsharpur,ZONE,Dietitian
Gurgaon,Sohna,ZONE,Sexologist
Gurgaon,CivilLines,ZONE,Physiotherapist
Gurgaon,Sector10,ZONE,General Gynecology
Gurgaon,CivilLines,ZONE,Homeopathy
Gurgaon,Gurgaon-Cityinventory,SUPERZONE,Nephrologist
Guwahati,Guwahati-Cityinventory,SUPERZONE,Endocrinologist
Guwahati,Guwahati-Cityinventory,SUPERZONE,Orthopaedics
Guwahati,Guwahati-Cityinventory,SUPERZONE,Nephrologist
Guwahati,Guwahati-Cityinventory,SUPERZONE,Pulmonologist
Guwahati,Guwahati-Cityinventory,SUPERZONE,General Gynecology
Guwahati,Guwahati-Cityinventory,SUPERZONE,Sexologist
Guwahati,Guwahati-Cityinventory,SUPERZONE,General Surgeon
Guwahati,Guwahati-Cityinventory,SUPERZONE,Cosmetic/Plastic Surgeon
Guwahati,Guwahati-Cityinventory,SUPERZONE,Neurologist
Guwahati,Guwahati-Cityinventory,SUPERZONE,General Physician
Guwahati,Guwahati-Cityinventory,SUPERZONE,Cardiologist
Guwahati,Guwahati-Cityinventory,SUPERZONE,Physiotherapist
Guwahati,Guwahati-Cityinventory,SUPERZONE,Hair Transplant
Guwahati,Guwahati-Cityinventory,SUPERZONE,General Ophthalmology
Guwahati,Guwahati-Cityinventory,SUPERZONE,General Dermatology
Guwahati,Guwahati-Cityinventory,SUPERZONE,ENT
Guwahati,Guwahati-Cityinventory,SUPERZONE,General Alt Medicine
Guwahati,Guwahati-Cityinventory,SUPERZONE,General Psychiatry
Guwahati,Guwahati-Cityinventory,SUPERZONE,Urologist
Guwahati,Guwahati-Cityinventory,SUPERZONE,General Dentistry
Guwahati,Guwahati-Cityinventory,SUPERZONE,Gastroenterologist
Guwahati,Guwahati-Cityinventory,SUPERZONE,Homeopathy
Guwahati,Guwahati-Cityinventory,SUPERZONE,General Pediatrics
Guwahati,Guwahati,ZONE,General Dentistry
Guwahati,Guwahati-Cityinventory,SUPERZONE,Oncologist
Guwahati,Guwahati-Cityinventory,SUPERZONE,General Dermatology
Guwahati,Guwahati,ZONE,General Gynecology
Guwahati,Guwahati-Cityinventory,SUPERZONE,Endocrinologist
Guwahati,Guwahati-Cityinventory,SUPERZONE,Oncologist
Guwahati,Guwahati-Cityinventory,SUPERZONE,General Physician
Guwahati,Guwahati-Cityinventory,SUPERZONE,Cardiologist
Guwahati,Guwahati-Cityinventory,SUPERZONE,ENT
Guwahati,Guwahati-Cityinventory,SUPERZONE,General Ophthalmology
Guwahati,Guwahati-Cityinventory,SUPERZONE,Hair Transplant
Guwahati,Guwahati-Cityinventory,SUPERZONE,General Gynecology
Guwahati,Guwahati-Cityinventory,SUPERZONE,General Pediatrics
Guwahati,Guwahati-Cityinventory,SUPERZONE,Pulmonologist
Guwahati,Guwahati,ZONE,General Dentistry
Guwahati,Guwahati-Cityinventory,SUPERZONE,Orthopaedics
Guwahati,Guwahati-Cityinventory,SUPERZONE,Homeopathy
Guwahati,Guwahati-Cityinventory,SUPERZONE,Sexologist
Guwahati,Guwahati-Cityinventory,SUPERZONE,Neurologist
Guwahati,Guwahati-Cityinventory,SUPERZONE,Urologist
Guwahati,Guwahati-Cityinventory,SUPERZONE,General Alt Medicine
Guwahati,Guwahati-Cityinventory,SUPERZONE,General Psychiatry
Guwahati,Guwahati-Cityinventory,SUPERZONE,Cosmetic/Plastic Surgeon
Guwahati,Guwahati-Cityinventory,SUPERZONE,Nephrologist
Guwahati,Guwahati,ZONE,General Physician
Guwahati,Guwahati-Cityinventory,SUPERZONE,General Surgeon
Guwahati,Guwahati,ZONE,ENT
Guwahati,Guwahati-Cityinventory,SUPERZONE,Gastroenterologist
Guwahati,Guwahati-Cityinventory,SUPERZONE,General Dentistry
Guwahati,Guwahati-Cityinventory,SUPERZONE,Physiotherapist
Gwalior,Gwalior-Cityinventory,SUPERZONE,General Gynecology
Gwalior,Gwalior-Cityinventory,SUPERZONE,Neurologist
Gwalior,Gwalior-Cityinventory,SUPERZONE,General Psychiatry
Gwalior,Gwalior-Cityinventory,SUPERZONE,Pulmonologist
Gwalior,Gwalior-Cityinventory,SUPERZONE,General Pediatrics
Gwalior,Gwalior-Cityinventory,SUPERZONE,General Ophthalmology
Gwalior,Gwalior-Cityinventory,SUPERZONE,Hair Transplant
Gwalior,Gwalior-Cityinventory,SUPERZONE,Sexologist
Gwalior,Gwalior-Cityinventory,SUPERZONE,General Physician
Gwalior,Gwalior-Cityinventory,SUPERZONE,Urologist
Gwalior,Gwalior-Cityinventory,SUPERZONE,General Dentistry
Gwalior,Gwalior-Cityinventory,SUPERZONE,ENT
Gwalior,Gwalior-Cityinventory,SUPERZONE,Cardiologist
Gwalior,Gwalior-Cityinventory,SUPERZONE,Physiotherapist
Gwalior,Gwalior-Cityinventory,SUPERZONE,Gastroenterologist
Gwalior,Gwalior-Cityinventory,SUPERZONE,General Dermatology
Gwalior,Gwalior-Cityinventory,SUPERZONE,Orthopaedics
Gwalior,Gwalior-Cityinventory,SUPERZONE,Cosmetic/Plastic Surgeon
Gwalior,Gwalior-Cityinventory,SUPERZONE,Oncologist
Gwalior,Gwalior-Cityinventory,SUPERZONE,General Dentistry
Gwalior,Gwalior-Cityinventory,SUPERZONE,Gastroenterologist
Gwalior,Gwalior-Cityinventory,SUPERZONE,General Pediatrics
Gwalior,Gwalior-Cityinventory,SUPERZONE,General Physician
Gwalior,Gwalior-Cityinventory,SUPERZONE,Sexologist
Gwalior,Gwalior-Cityinventory,SUPERZONE,Cosmetic/Plastic Surgeon
Gwalior,Gwalior-Cityinventory,SUPERZONE,General Dermatology
Gwalior,Gwalior-Cityinventory,SUPERZONE,Orthopaedics
Gwalior,Gwalior-Cityinventory,SUPERZONE,ENT
Gwalior,Gwalior-Cityinventory,SUPERZONE,Physiotherapist
Gwalior,Gwalior-Cityinventory,SUPERZONE,Oncologist
Gwalior,Gwalior-Cityinventory,SUPERZONE,Pulmonologist
Gwalior,Gwalior-Cityinventory,SUPERZONE,General Ophthalmology
Gwalior,Gwalior-Cityinventory,SUPERZONE,General Gynecology
Gwalior,Gwalior-Cityinventory,SUPERZONE,Urologist
Gwalior,Gwalior-Cityinventory,SUPERZONE,Cardiologist
Gwalior,Gwalior-Cityinventory,SUPERZONE,Neurologist
Gwalior,Gwalior-Cityinventory,SUPERZONE,Hair Transplant
Gwalior,Gwalior-Cityinventory,SUPERZONE,General Psychiatry
Haridwar,Haridwar-Cityinventory,SUPERZONE,General Alt Medicine
Haridwar,Haridwar-Cityinventory,SUPERZONE,Gastroenterologist
Haridwar,Haridwar-Cityinventory,SUPERZONE,General Gynecology
Haridwar,Haridwar-Cityinventory,SUPERZONE,Sexologist
Haridwar,Haridwar-Cityinventory,SUPERZONE,General Dentistry
Haridwar,Haridwar-Cityinventory,SUPERZONE,Orthopaedics
Haridwar,Haridwar-Cityinventory,SUPERZONE,General Physician
Haridwar,Haridwar-Cityinventory,SUPERZONE,General Dermatology
Haridwar,Haridwar-Cityinventory,SUPERZONE,General Dermatology
Haridwar,Haridwar-Cityinventory,SUPERZONE,General Physician
Haridwar,Haridwar-Cityinventory,SUPERZONE,General Alt Medicine
Haridwar,Haridwar-Cityinventory,SUPERZONE,General Dentistry
Haridwar,Haridwar-Cityinventory,SUPERZONE,Sexologist
Haridwar,Haridwar-Cityinventory,SUPERZONE,General Gynecology
Haridwar,Haridwar-Cityinventory,SUPERZONE,Orthopaedics
Haridwar,Haridwar-Cityinventory,SUPERZONE,Gastroenterologist
Hazaribag,Hazaribag-Cityinventory,SUPERZONE,General Physician
Hazaribag,Hazaribag-Cityinventory,SUPERZONE,General Physician
Hisar,Hisar-Cityinventory,SUPERZONE,Gastroenterologist
Hisar,Hisar-Cityinventory,SUPERZONE,General Gynecology
Hisar,Hisar-Cityinventory,SUPERZONE,General Dentistry
Hisar,Hisar-Cityinventory,SUPERZONE,Orthopaedics
Hisar,Hisar-Cityinventory,SUPERZONE,General Physician
Hisar,Hisar-Cityinventory,SUPERZONE,General Dermatology
Hisar,Hisar-Cityinventory,SUPERZONE,General Dermatology
Hisar,Hisar-Cityinventory,SUPERZONE,General Dentistry
Hisar,Hisar-Cityinventory,SUPERZONE,General Gynecology
Hisar,Hisar-Cityinventory,SUPERZONE,Gastroenterologist
Hisar,Hisar-Cityinventory,SUPERZONE,General Physician
Hisar,Hisar-Cityinventory,SUPERZONE,Orthopaedics
Hooghly,Hooghly-Cityinventory,SUPERZONE,General Dentistry
Hooghly,Hooghly,ZONE,General Physician
Hooghly,Hooghly-Cityinventory,SUPERZONE,General Gynecology
Hooghly,Hooghly-Cityinventory,SUPERZONE,General Psychiatry
Hooghly,Hooghly,ZONE,General Dentistry
Hooghly,Hooghly-Cityinventory,SUPERZONE,General Physician
Hooghly,Hooghly,ZONE,General Physician
Hooghly,Hooghly-Cityinventory,SUPERZONE,General Psychiatry
Hooghly,Hooghly-Cityinventory,SUPERZONE,General Dentistry
Hooghly,Hooghly,ZONE,General Psychiatry
Hooghly,Hooghly,ZONE,General Gynecology
Hooghly,Hooghly,ZONE,General Dentistry
Hooghly,Hooghly-Cityinventory,SUPERZONE,General Physician
Hooghly,Hooghly-Cityinventory,SUPERZONE,General Gynecology
Howrah,Howrah-Cityinventory,SUPERZONE,General Ophthalmology
Howrah,Howrah-Cityinventory,SUPERZONE,Orthopaedics
Howrah,Howrah-Cityinventory,SUPERZONE,General Psychiatry
Howrah,Howrah-Cityinventory,SUPERZONE,General Physician
Howrah,Howrah-Cityinventory,SUPERZONE,Gastroenterologist
Howrah,Howrah-Cityinventory,SUPERZONE,General Gynecology
Howrah,Howrah-Cityinventory,SUPERZONE,General Dentistry
Howrah,Howrah-Cityinventory,SUPERZONE,Neurologist
Howrah,Howrah-Cityinventory,SUPERZONE,Orthopaedics
Howrah,Howrah-Cityinventory,SUPERZONE,Neurologist
Howrah,Howrah-Cityinventory,SUPERZONE,General Gynecology
Howrah,Howrah-Cityinventory,SUPERZONE,Gastroenterologist
Howrah,Howrah-Cityinventory,SUPERZONE,General Dentistry
Howrah,Howrah-Cityinventory,SUPERZONE,General Psychiatry
Howrah,Howrah-Cityinventory,SUPERZONE,General Ophthalmology
Howrah,Howrah-Cityinventory,SUPERZONE,General Physician
Hubli,Hubli-Cityinventory,SUPERZONE,General Dentistry
Hubli,Hubli-Cityinventory,SUPERZONE,Sexologist
Hubli,Hubli-Cityinventory,SUPERZONE,General Physician
Hubli,Hubli-Cityinventory,SUPERZONE,Orthopaedics
Hubli,Hubli-Cityinventory,SUPERZONE,General Dermatology
Hubli,Hubli-Cityinventory,SUPERZONE,Gastroenterologist
Hubli,Hubli-Cityinventory,SUPERZONE,General Gynecology
Hubli,Hubli-Cityinventory,SUPERZONE,General Gynecology
Hubli,Hubli-Cityinventory,SUPERZONE,Gastroenterologist
Hubli,Hubli-Cityinventory,SUPERZONE,General Dentistry
Hubli,Hubli-Cityinventory,SUPERZONE,Sexologist
Hubli,Hubli-Cityinventory,SUPERZONE,Orthopaedics
Hubli,Hubli-Cityinventory,SUPERZONE,General Dermatology
Hubli,Hubli-Cityinventory,SUPERZONE,General Physician
Hyderabad,Kukatpally,ZONE,Cosmetic/Plastic Surgeon
Hyderabad,Hitech city,ZONE,Hair Transplant
Hyderabad,Kachiguda,ZONE,Orthopaedics
Hyderabad,Sanath nagar,ZONE,General Psychiatry
Hyderabad,Habsiguda,ZONE,General Surgeon
Hyderabad,Bolarum,ZONE,General Physician
Hyderabad,Banjara hills,ZONE,Gastroenterologist
Hyderabad,Bolarum,ZONE,General Dentistry
Hyderabad,Hyderabad-Cityinventory,SUPERZONE,General Physician
Hyderabad,Lb nagar,ZONE,Sexologist
Hyderabad,Afzal gunj,ZONE,General Dermatology
Hyderabad,Dilsukh nagar,ZONE,General Gynecology
Hyderabad,Trimulgherry,ZONE,General Psychiatry
Hyderabad,Bolarum,ZONE,Gastroenterologist
Hyderabad,Dilsukh nagar,ZONE,General Dermatology
Hyderabad,Langer house,ZONE,Gastroenterologist
Hyderabad,Kukatpally,ZONE,General Gynecology
Hyderabad,Kachiguda,ZONE,General Gynecology
Hyderabad,Kukatpally,ZONE,Hair Transplant
Hyderabad,Hitech city,ZONE,Dietitian
Hyderabad,Hyderabad-Cityinventory,SUPERZONE,Oncologist
Hyderabad,Himayat nagar,ZONE,General Psychiatry
Hyderabad,Sanath nagar,ZONE,General Pediatrics
Hyderabad,Marredpally,ZONE,Orthopaedics
Hyderabad,Bolarum,ZONE,Cardiologist
Hyderabad,Banjara hills,ZONE,Endocrinologist
Hyderabad,Punjagutta,ZONE,General Psychiatry
Hyderabad,Marredpally,ZONE,General Ophthalmology
Hyderabad,Lb nagar,ZONE,Gastroenterologist
Hyderabad,Kachiguda,ZONE,ENT
Hyderabad,Hyderabad-Cityinventory,SUPERZONE,General Dermatology
Hyderabad,Banjara hills,ZONE,General Gynecology
Hyderabad,Trimulgherry,ZONE,Pulmonologist
Hyderabad,Himayat nagar,ZONE,Endocrinologist
Hyderabad,Lb nagar,ZONE,ENT
Hyderabad,Mehdipatnam,ZONE,General Pediatrics
Hyderabad,Bolarum,ZONE,Neurologist
Hyderabad,Hyderabad-Cityinventory,SUPERZONE,ENT
Hyderabad,Habsiguda,ZONE,General Ophthalmology
Hyderabad,Punjagutta,ZONE,Gastroenterologist
Hyderabad,Bolarum,ZONE,ENT
Hyderabad,Banjara hills,ZONE,Sexologist
Hyderabad,Banjara hills,ZONE,General Ophthalmology
Hyderabad,Langer house,ZONE,Hair Transplant
Hyderabad,Lb nagar,ZONE,Cardiologist
Hyderabad,Punjagutta,ZONE,Urologist
Hyderabad,Trimulgherry,ZONE,General Surgeon
Hyderabad,Begumpet,ZONE,General Dentistry
Hyderabad,Dilsukh nagar,ZONE,Sexologist
Hyderabad,Habsiguda,ZONE,Cardiologist
Hyderabad,Afzal gunj,ZONE,General Gynecology
Hyderabad,Hyderabad-Cityinventory,SUPERZONE,Radiology
Hyderabad,Dilsukh nagar,ZONE,General Physician
Hyderabad,Hitech city,ZONE,Homeopathy
Hyderabad,Afzal gunj,ZONE,Endocrinologist
Hyderabad,Hyderabad-Cityinventory,SUPERZONE,General Surgeon
Hyderabad,Lb nagar,ZONE,General Physician
Hyderabad,Kukatpally,ZONE,Speech Therapist
Hyderabad,Hitech city,ZONE,General Dentistry
Hyderabad,Kukatpally,ZONE,Dietitian
Hyderabad,Marredpally,ZONE,ENT
Hyderabad,Habsiguda,ZONE,Gastroenterologist
Hyderabad,Lb nagar,ZONE,General Gynecology
Hyderabad,Himayat nagar,ZONE,Neurologist
Hyderabad,Trimulgherry,ZONE,Cosmetic/Plastic Surgeon
Hyderabad,Trimulgherry,ZONE,General Ophthalmology
Hyderabad,Dilsukh nagar,ZONE,General Psychiatry
Hyderabad,Marredpally,ZONE,Physiotherapist
Hyderabad,Nallakunta,ZONE,General Gynecology
Hyderabad,Lb nagar,ZONE,Endocrinologist
Hyderabad,Kukatpally,ZONE,Oncologist
Hyderabad,Hitech city,ZONE,Gastroenterologist
Hyderabad,Banjara hills,ZONE,ENT
Hyderabad,Begumpet,ZONE,General Physician
Hyderabad,Banjara hills,ZONE,Orthopaedics
Hyderabad,Marredpally,ZONE,Cardiologist
Hyderabad,Trimulgherry,ZONE,ENT
Hyderabad,Hyderabad-Cityinventory,SUPERZONE,Physiotherapist
Hyderabad,Lb nagar,ZONE,Neurologist
Hyderabad,Dilsukh nagar,ZONE,Urologist
Hyderabad,Punjagutta,ZONE,Orthopaedics
Hyderabad,Nallakunta,ZONE,Gastroenterologist
Hyderabad,Sanath nagar,ZONE,Gastroenterologist
Hyderabad,Banjara hills,ZONE,General Pediatrics
Hyderabad,Langer house,ZONE,General Dentistry
Hyderabad,Sanath nagar,ZONE,General Dermatology
Hyderabad,Hyderabad-Cityinventory,SUPERZONE,Gastroenterologist
Hyderabad,Punjagutta,ZONE,ENT
Hyderabad,Bolarum,ZONE,Pulmonologist
Hyderabad,Lb nagar,ZONE,General Pediatrics
Hyderabad,Habsiguda,ZONE,Neurologist
Hyderabad,Hitech city,ZONE,ENT
Hyderabad,Habsiguda,ZONE,ENT
Hyderabad,Punjagutta,ZONE,Cardiologist
Hyderabad,Habsiguda,ZONE,General Psychiatry
Hyderabad,Lb nagar,ZONE,Orthopaedics
Hyderabad,Banjara hills,ZONE,Neurologist
Hyderabad,Kukatpally,ZONE,General Dentistry
Hyderabad,Mehdipatnam,ZONE,General Dentistry
Hyderabad,Kukatpally,ZONE,Endocrinologist
Hyderabad,Langer house,ZONE,Orthopaedics
Hyderabad,Hitech city,ZONE,Sexologist
Hyderabad,Marredpally,ZONE,Hair Transplant
Hyderabad,Banjara hills,ZONE,General Dermatology
Hyderabad,Banjara hills,ZONE,General Psychiatry
Hyderabad,Langer house,ZONE,Neurologist
Hyderabad,Hyderabad-Cityinventory,SUPERZONE,Dietitian
Hyderabad,Kukatpally,ZONE,Gastroenterologist
Hyderabad,Punjagutta,ZONE,General Gynecology
Hyderabad,Sanath nagar,ZONE,ENT
Hyderabad,Hitech city,ZONE,Urologist
Hyderabad,Dilsukh nagar,ZONE,Orthopaedics
Hyderabad,Kukatpally,ZONE,General Dermatology
Hyderabad,Hyderabad-Cityinventory,SUPERZONE,Neurologist
Hyderabad,Trimulgherry,ZONE,Gastroenterologist
Hyderabad,Habsiguda,ZONE,Pulmonologist
Hyderabad,Dilsukh nagar,ZONE,Cardiologist
Hyderabad,Punjagutta,ZONE,General Dentistry
Hyderabad,Hyderabad-Cityinventory,SUPERZONE,Audiologist
Hyderabad,Marredpally,ZONE,General Pediatrics
Hyderabad,Banjara hills,ZONE,Physiotherapist
Hyderabad,Langer house,ZONE,General Dermatology
Hyderabad,Sanath nagar,ZONE,Urologist
Hyderabad,Kachiguda,ZONE,General Dermatology
Hyderabad,Langer house,ZONE,Endocrinologist
Hyderabad,Kukatpally,ZONE,Physiotherapist
Hyderabad,Begumpet,ZONE,General Gynecology
Hyderabad,Mehdipatnam,ZONE,Endocrinologist
Hyderabad,Sanath nagar,ZONE,General Dentistry
Hyderabad,Sanath nagar,ZONE,Cardiologist
Hyderabad,Punjagutta,ZONE,General Physician
Hyderabad,Hyderabad-Cityinventory,SUPERZONE,Endocrinologist
Hyderabad,Himayat nagar,ZONE,General Pediatrics
Hyderabad,Dilsukh nagar,ZONE,General Pediatrics
Hyderabad,Habsiguda,ZONE,Audiologist
Hyderabad,Kukatpally,ZONE,General Surgeon
Hyderabad,Himayat nagar,ZONE,Orthopaedics
Hyderabad,Lb nagar,ZONE,Physiotherapist
Hyderabad,Hitech city,ZONE,General Gynecology
Hyderabad,Bolarum,ZONE,Endocrinologist
Hyderabad,Marredpally,ZONE,Urologist
Hyderabad,Trimulgherry,ZONE,Urologist
Hyderabad,Trimulgherry,ZONE,General Gynecology
Hyderabad,Sanath nagar,ZONE,Homeopathy
Hyderabad,Hitech city,ZONE,General Alt Medicine
Hyderabad,Habsiguda,ZONE,General Physician
Hyderabad,Hyderabad-Cityinventory,SUPERZONE,Speech Therapist
Hyderabad,Punjagutta,ZONE,General Dermatology
Hyderabad,Hyderabad-Cityinventory,SUPERZONE,General Pediatrics
Hyderabad,Trimulgherry,ZONE,Neurologist
Hyderabad,Hitech city,ZONE,Pulmonologist
Hyderabad,Kukatpally,ZONE,Orthopaedics
Hyderabad,Hitech city,ZONE,Orthopaedics
Hyderabad,Hitech city,ZONE,General Ophthalmology
Hyderabad,Marredpally,ZONE,General Physician
Hyderabad,Marredpally,ZONE,Nephrologist
Hyderabad,Nallakunta,ZONE,Neurologist
Hyderabad,Habsiguda,ZONE,Dietitian
Hyderabad,Sanath nagar,ZONE,Pulmonologist
Hyderabad,Hyderabad-Cityinventory,SUPERZONE,General Ophthalmology
Hyderabad,Marredpally,ZONE,Sexologist
Hyderabad,Hitech city,ZONE,General Physician
Hyderabad,Bolarum,ZONE,General Dermatology
Hyderabad,Kukatpally,ZONE,General Ophthalmology
Hyderabad,Himayat nagar,ZONE,General Gynecology
Hyderabad,Kukatpally,ZONE,Cardiologist
Hyderabad,Hyderabad-Cityinventory,SUPERZONE,Cardiologist
Hyderabad,Kukatpally,ZONE,Nephrologist
Hyderabad,Kukatpally,ZONE,General Physician
Hyderabad,Punjagutta,ZONE,Pulmonologist
Hyderabad,Hyderabad-Cityinventory,SUPERZONE,Nephrologist
Hyderabad,Afzal gunj,ZONE,General Psychiatry
Hyderabad,Punjagutta,ZONE,Neurologist
Hyderabad,Banjara hills,ZONE,General Dentistry
Hyderabad,Trimulgherry,ZONE,Orthopaedics
Hyderabad,Bolarum,ZONE,Urologist
Hyderabad,Marredpally,ZONE,General Dentistry
Hyderabad,Bolarum,ZONE,Orthopaedics
Hyderabad,Marredpally,ZONE,General Alt Medicine
Hyderabad,Langer house,ZONE,General Physician
Hyderabad,Hyderabad-Cityinventory,SUPERZONE,Cosmetic/Plastic Surgeon
Hyderabad,Lb nagar,ZONE,General Dentistry
Hyderabad,Hitech city,ZONE,Nephrologist
Hyderabad,Kukatpally,ZONE,Urologist
Hyderabad,Kukatpally,ZONE,Sexologist
Hyderabad,Bolarum,ZONE,General Psychiatry
Hyderabad,Bolarum,ZONE,General Pediatrics
Hyderabad,Afzal gunj,ZONE,Neurologist
Hyderabad,Hyderabad-Cityinventory,SUPERZONE,Sexologist
Hyderabad,Himayat nagar,ZONE,General Dermatology
Hyderabad,Afzal gunj,ZONE,General Physician
Hyderabad,Hyderabad-Cityinventory,SUPERZONE,Allergist/Immunologist
Hyderabad,Banjara hills,ZONE,Cardiologist
Hyderabad,Kukatpally,ZONE,Homeopathy
Hyderabad,Punjagutta,ZONE,Physiotherapist
Hyderabad,Lb nagar,ZONE,Pulmonologist
Hyderabad,Kukatpally,ZONE,ENT
Hyderabad,Trimulgherry,ZONE,General Physician
Hyderabad,Dilsukh nagar,ZONE,Nephrologist
Hyderabad,Habsiguda,ZONE,Physiotherapist
Hyderabad,Dilsukh nagar,ZONE,Neurologist
Hyderabad,Hyderabad-Cityinventory,SUPERZONE,General Alt Medicine
Hyderabad,Mehdipatnam,ZONE,General Physician
Hyderabad,Lb nagar,ZONE,Urologist
Hyderabad,Habsiguda,ZONE,General Gynecology
Hyderabad,Hyderabad-Cityinventory,SUPERZONE,Homeopathy
Hyderabad,Banjara hills,ZONE,Urologist
Hyderabad,Kukatpally,ZONE,Neurologist
Hyderabad,Marredpally,ZONE,Pulmonologist
Hyderabad,Langer house,ZONE,General Gynecology
Hyderabad,Hyderabad-Cityinventory,SUPERZONE,Occupational Therapist
Hyderabad,Marredpally,ZONE,Homeopathy
Hyderabad,Hyderabad-Cityinventory,SUPERZONE,Orthopaedics
Hyderabad,Banjara hills,ZONE,General Physician
Hyderabad,Marredpally,ZONE,Neurologist
Hyderabad,Dilsukh nagar,ZONE,General Alt Medicine
Hyderabad,Himayat nagar,ZONE,ENT
Hyderabad,Hitech city,ZONE,General Surgeon
Hyderabad,Nallakunta,ZONE,General Physician
Hyderabad,Nallakunta,ZONE,General Pediatrics
Hyderabad,Nallakunta,ZONE,General Dermatology
Hyderabad,Afzal gunj,ZONE,Orthopaedics
Hyderabad,Begumpet,ZONE,General Dermatology
Hyderabad,Hyderabad-Cityinventory,SUPERZONE,General Gynecology
Hyderabad,Punjagutta,ZONE,Endocrinologist
Hyderabad,Kukatpally,ZONE,General Psychiatry
Hyderabad,Hitech city,ZONE,Cardiologist
Hyderabad,Sanath nagar,ZONE,General Physician
Hyderabad,Kachiguda,ZONE,General Physician
Hyderabad,Mehdipatnam,ZONE,Gastroenterologist
Hyderabad,Dilsukh nagar,ZONE,ENT
Hyderabad,Marredpally,ZONE,General Dermatology
Hyderabad,Sanath nagar,ZONE,Orthopaedics
Hyderabad,Habsiguda,ZONE,Allergist/Immunologist
Hyderabad,Langer house,ZONE,General Pediatrics
Hyderabad,Marredpally,ZONE,Gastroenterologist
Hyderabad,Kachiguda,ZONE,General Dentistry
Hyderabad,Dilsukh nagar,ZONE,Homeopathy
Hyderabad,Banjara hills,ZONE,Cosmetic/Plastic Surgeon
Hyderabad,Habsiguda,ZONE,Nephrologist
Hyderabad,Afzal gunj,ZONE,Gastroenterologist
Hyderabad,Mehdipatnam,ZONE,General Dermatology
Hyderabad,Punjagutta,ZONE,Sexologist
Hyderabad,Marredpally,ZONE,General Psychiatry
Hyderabad,Hyderabad-Cityinventory,SUPERZONE,Hematologist
Hyderabad,Hyderabad-Cityinventory,SUPERZONE,Hair Transplant
Hyderabad,Mehdipatnam,ZONE,Orthopaedics
Hyderabad,Mehdipatnam,ZONE,General Gynecology
Hyderabad,Habsiguda,ZONE,Urologist
Hyderabad,Kukatpally,ZONE,Pulmonologist
Hyderabad,Habsiguda,ZONE,General Alt Medicine
Hyderabad,Trimulgherry,ZONE,Cardiologist
Hyderabad,Afzal gunj,ZONE,ENT
Hyderabad,Nallakunta,ZONE,General Dentistry
Hyderabad,Marredpally,ZONE,General Gynecology
Hyderabad,Mehdipatnam,ZONE,ENT
Hyderabad,Dilsukh nagar,ZONE,Pulmonologist
Hyderabad,Kukatpally,ZONE,General Alt Medicine
Hyderabad,Sanath nagar,ZONE,General Alt Medicine
Hyderabad,Afzal gunj,ZONE,General Pediatrics
Hyderabad,Hitech city,ZONE,Neurologist
Hyderabad,Habsiguda,ZONE,Orthopaedics
Hyderabad,Hitech city,ZONE,General Psychiatry
Hyderabad,Hitech city,ZONE,Cosmetic/Plastic Surgeon
Hyderabad,Lb nagar,ZONE,Homeopathy
Hyderabad,Himayat nagar,ZONE,General Dentistry
Hyderabad,Sanath nagar,ZONE,Endocrinologist
Hyderabad,Habsiguda,ZONE,Sexologist
Hyderabad,Habsiguda,ZONE,General Pediatrics
Hyderabad,Trimulgherry,ZONE,General Dermatology
Hyderabad,Lb nagar,ZONE,General Psychiatry
Hyderabad,Mehdipatnam,ZONE,Neurologist
Hyderabad,Sanath nagar,ZONE,General Gynecology
Hyderabad,Lb nagar,ZONE,General Dermatology
Hyderabad,Banjara hills,ZONE,Pulmonologist
Hyderabad,Habsiguda,ZONE,Endocrinologist
Hyderabad,Langer house,ZONE,ENT
Hyderabad,Kachiguda,ZONE,Neurologist
Hyderabad,Hyderabad-Cityinventory,SUPERZONE,Pulmonologist
Hyderabad,Kukatpally,ZONE,General Pediatrics
Hyderabad,Afzal gunj,ZONE,General Dentistry
Hyderabad,Nallakunta,ZONE,Orthopaedics
Hyderabad,Hyderabad-Cityinventory,SUPERZONE,General Dentistry
Hyderabad,Trimulgherry,ZONE,General Dentistry
Hyderabad,Marredpally,ZONE,Dietitian
Hyderabad,Himayat nagar,ZONE,General Physician
Hyderabad,Lb nagar,ZONE,General Alt Medicine
Hyderabad,Hyderabad-Cityinventory,SUPERZONE,Urologist
Hyderabad,Bolarum,ZONE,General Ophthalmology
Hyderabad,Mehdipatnam,ZONE,Urologist
Hyderabad,Mehdipatnam,ZONE,Sexologist
Hyderabad,Mehdipatnam,ZONE,Physiotherapist
Hyderabad,Dilsukh nagar,ZONE,Endocrinologist
Hyderabad,Hyderabad-Cityinventory,SUPERZONE,Veterinarian
Hyderabad,Dilsukh nagar,ZONE,General Dentistry
Hyderabad,Habsiguda,ZONE,General Dentistry
Hyderabad,Hitech city,ZONE,General Dermatology
Hyderabad,Mehdipatnam,ZONE,General Psychiatry
Hyderabad,Hyderabad-Cityinventory,SUPERZONE,Vascular Surgeon
Hyderabad,Hyderabad-Cityinventory,SUPERZONE,General Psychiatry
Hyderabad,Habsiguda,ZONE,General Dermatology
Hyderabad,Begumpet,ZONE,Homeopathy
Hyderabad,Hitech city,ZONE,General Pediatrics
Hyderabad,Marredpally,ZONE,Endocrinologist
Hyderabad,Hitech city,ZONE,Physiotherapist
Hyderabad,Sanath nagar,ZONE,Neurologist
Hyderabad,Lb nagar,ZONE,General Ophthalmology
Hyderabad,Bolarum,ZONE,General Gynecology
Hyderabad,Trimulgherry,ZONE,Endocrinologist
Hyderabad,Hitech city,ZONE,Endocrinologist
Hyderabad,Dilsukh nagar,ZONE,Gastroenterologist
Hyderabad,Habsiguda,ZONE,General Psychiatry
Hyderabad,Hyderabad-Cityinventory,SUPERZONE,Allergist/Immunologist
Hyderabad,Afzal gunj,ZONE,General Dentistry
Hyderabad,Lb nagar,ZONE,Neurologist
Hyderabad,Hitech city,ZONE,Cosmetic/Plastic Surgeon
Hyderabad,Dilsukh nagar,ZONE,General Psychiatry
Hyderabad,Habsiguda,ZONE,General Dentistry
Hyderabad,Banjara hills,ZONE,General Physician
Hyderabad,Dilsukh nagar,ZONE,General Gynecology
Hyderabad,Kukatpally,ZONE,General Psychiatry
Hyderabad,Kukatpally,ZONE,General Alt Medicine
Hyderabad,Marredpally,ZONE,General Ophthalmology
Hyderabad,Lb nagar,ZONE,General Physician
Hyderabad,Lb nagar,ZONE,Physiotherapist
Hyderabad,Begumpet,ZONE,General Gynecology
Hyderabad,Sanath nagar,ZONE,General Dermatology
Hyderabad,Punjagutta,ZONE,ENT
Hyderabad,Kukatpally,ZONE,Pulmonologist
Hyderabad,Trimulgherry,ZONE,Gastroenterologist
Hyderabad,Mehdipatnam,ZONE,General Psychiatry
Hyderabad,Dilsukh nagar,ZONE,General Dentistry
Hyderabad,Marredpally,ZONE,Hair Transplant
Hyderabad,Mehdipatnam,ZONE,Neurologist
Hyderabad,Habsiguda,ZONE,Gastroenterologist
Hyderabad,Kukatpally,ZONE,General Pediatrics
Hyderabad,Marredpally,ZONE,Sexologist
Hyderabad,Kukatpally,ZONE,Cardiologist
Hyderabad,Habsiguda,ZONE,Dietitian
Hyderabad,Sanath nagar,ZONE,General Dentistry
Hyderabad,Hitech city,ZONE,Homeopathy
Hyderabad,Habsiguda,ZONE,Allergist/Immunologist
Hyderabad,Langer house,ZONE,Hair Transplant
Hyderabad,Nallakunta,ZONE,Orthopaedics
Hyderabad,Marredpally,ZONE,General Gynecology
Hyderabad,Langer house,ZONE,Gastroenterologist
Hyderabad,Hitech city,ZONE,General Dentistry
Hyderabad,Habsiguda,ZONE,Pulmonologist
Hyderabad,Lb nagar,ZONE,General Pediatrics
Hyderabad,Lb nagar,ZONE,Pulmonologist
Hyderabad,Marredpally,ZONE,General Psychiatry
Hyderabad,Dilsukh nagar,ZONE,Homeopathy
Hyderabad,Trimulgherry,ZONE,General Gynecology
Hyderabad,Hitech city,ZONE,Endocrinologist
Hyderabad,Hyderabad-Cityinventory,SUPERZONE,General Gynecology
Hyderabad,Sanath nagar,ZONE,ENT
Hyderabad,Hyderabad-Cityinventory,SUPERZONE,Vascular Surgeon
Hyderabad,Nallakunta,ZONE,General Physician
Hyderabad,Lb nagar,ZONE,General Dentistry
Hyderabad,Hyderabad-Cityinventory,SUPERZONE,Cardiologist
Hyderabad,Kukatpally,ZONE,Oncologist
Hyderabad,Banjara hills,ZONE,Sexologist
Hyderabad,Lb nagar,ZONE,General Gynecology
Hyderabad,Nallakunta,ZONE,Gastroenterologist
Hyderabad,Hyderabad-Cityinventory,SUPERZONE,Occupational Therapist
Hyderabad,Hyderabad-Cityinventory,SUPERZONE,General Psychiatry
Hyderabad,Nallakunta,ZONE,Neurologist
Hyderabad,Mehdipatnam,ZONE,General Dentistry
Hyderabad,Dilsukh nagar,ZONE,Urologist
Hyderabad,Hitech city,ZONE,General Pediatrics
Hyderabad,Hyderabad-Cityinventory,SUPERZONE,Sexologist
Hyderabad,Bolarum,ZONE,Neurologist
Hyderabad,Marredpally,ZONE,Orthopaedics
Hyderabad,Hyderabad-Cityinventory,SUPERZONE,Veterinarian
Hyderabad,Trimulgherry,ZONE,General Physician
Hyderabad,Mehdipatnam,ZONE,Gastroenterologist
Hyderabad,Kukatpally,ZONE,Dietitian
Hyderabad,Hyderabad-Cityinventory,SUPERZONE,Urologist
Hyderabad,Hyderabad-Cityinventory,SUPERZONE,General Ophthalmology
Hyderabad,Sanath nagar,ZONE,Endocrinologist
Hyderabad,Marredpally,ZONE,Neurologist
Hyderabad,Habsiguda,ZONE,Endocrinologist
Hyderabad,Habsiguda,ZONE,General Gynecology
Hyderabad,Trimulgherry,ZONE,General Surgeon
Hyderabad,Hyderabad-Cityinventory,SUPERZONE,Gastroenterologist
Hyderabad,Himayat nagar,ZONE,Neurologist
Hyderabad,Hitech city,ZONE,General Physician
Hyderabad,Habsiguda,ZONE,ENT
Hyderabad,Hyderabad-Cityinventory,SUPERZONE,Pulmonologist
Hyderabad,Hyderabad-Cityinventory,SUPERZONE,Hair Transplant
Hyderabad,Afzal gunj,ZONE,Orthopaedics
Hyderabad,Hitech city,ZONE,Gastroenterologist
Hyderabad,Hitech city,ZONE,Neurologist
Hyderabad,Trimulgherry,ZONE,Cardiologist
Hyderabad,Marredpally,ZONE,General Alt Medicine
Hyderabad,Afzal gunj,ZONE,General Gynecology
Hyderabad,Sanath nagar,ZONE,Urologist
Hyderabad,Afzal gunj,ZONE,General Pediatrics
Hyderabad,Himayat nagar,ZONE,Endocrinologist
Hyderabad,Mehdipatnam,ZONE,Endocrinologist
Hyderabad,Lb nagar,ZONE,Homeopathy
Hyderabad,Hyderabad-Cityinventory,SUPERZONE,Radiology
Hyderabad,Hyderabad-Cityinventory,SUPERZONE,Orthopaedics
Hyderabad,Lb nagar,ZONE,Endocrinologist
Hyderabad,Bolarum,ZONE,General Gynecology
Hyderabad,Kukatpally,ZONE,General Gynecology
Hyderabad,Marredpally,ZONE,Endocrinologist
Hyderabad,Habsiguda,ZONE,Urologist
Hyderabad,Langer house,ZONE,General Pediatrics
Hyderabad,Hyderabad-Cityinventory,SUPERZONE,General Surgeon
Hyderabad,Langer house,ZONE,Neurologist
Hyderabad,Dilsukh nagar,ZONE,Pulmonologist
Hyderabad,Lb nagar,ZONE,General Ophthalmology
Hyderabad,Hyderabad-Cityinventory,SUPERZONE,Nephrologist
Hyderabad,Lb nagar,ZONE,ENT
Hyderabad,Marredpally,ZONE,Homeopathy
Hyderabad,Punjagutta,ZONE,Sexologist
Hyderabad,Bolarum,ZONE,Orthopaedics
Hyderabad,Sanath nagar,ZONE,Orthopaedics
Hyderabad,Hitech city,ZONE,Dietitian
Hyderabad,Marredpally,ZONE,Urologist
Hyderabad,Habsiguda,ZONE,Physiotherapist
Hyderabad,Lb nagar,ZONE,Sexologist
Hyderabad,Dilsukh nagar,ZONE,Orthopaedics
Hyderabad,Punjagutta,ZONE,General Psychiatry
Hyderabad,Punjagutta,ZONE,General Gynecology
Hyderabad,Lb nagar,ZONE,Urologist
Hyderabad,Hyderabad-Cityinventory,SUPERZONE,Physiotherapist
Hyderabad,Habsiguda,ZONE,General Ophthalmology
Hyderabad,Hyderabad-Cityinventory,SUPERZONE,Hematologist
Hyderabad,Mehdipatnam,ZONE,General Gynecology
Hyderabad,Kachiguda,ZONE,ENT
Hyderabad,Hyderabad-Cityinventory,SUPERZONE,General Alt Medicine
Hyderabad,Marredpally,ZONE,Physiotherapist
Hyderabad,Habsiguda,ZONE,General Physician
Hyderabad,Hyderabad-Cityinventory,SUPERZONE,General Dermatology
Hyderabad,Langer house,ZONE,ENT
Hyderabad,Hitech city,ZONE,Hair Transplant
Hyderabad,Habsiguda,ZONE,Orthopaedics
Hyderabad,Mehdipatnam,ZONE,Sexologist
Hyderabad,Kachiguda,ZONE,General Dentistry
Hyderabad,Kukatpally,ZONE,Gastroenterologist
Hyderabad,Mehdipatnam,ZONE,General Physician
Hyderabad,Punjagutta,ZONE,General Dermatology
Hyderabad,Marredpally,ZONE,Gastroenterologist
Hyderabad,Dilsukh nagar,ZONE,Neurologist
Hyderabad,Kukatpally,ZONE,General Physician
Hyderabad,Hyderabad-Cityinventory,SUPERZONE,Oncologist
Hyderabad,Banjara hills,ZONE,Gastroenterologist
Hyderabad,Kukatpally,ZONE,General Surgeon
Hyderabad,Banjara hills,ZONE,Orthopaedics
Hyderabad,Mehdipatnam,ZONE,Urologist
Hyderabad,Habsiguda,ZONE,Nephrologist
Hyderabad,Dilsukh nagar,ZONE,General Dermatology
Hyderabad,Langer house,ZONE,Endocrinologist
Hyderabad,Bolarum,ZONE,General Psychiatry
Hyderabad,Bolarum,ZONE,Cardiologist
Hyderabad,Hyderabad-Cityinventory,SUPERZONE,Endocrinologist
Hyderabad,Banjara hills,ZONE,General Ophthalmology
Hyderabad,Kukatpally,ZONE,General Dentistry
Hyderabad,Marredpally,ZONE,Pulmonologist
Hyderabad,Kukatpally,ZONE,Nephrologist
Hyderabad,Himayat nagar,ZONE,General Dermatology
Hyderabad,Kukatpally,ZONE,Hair Transplant
Hyderabad,Hyderabad-Cityinventory,SUPERZONE,General Pediatrics
Hyderabad,Dilsukh nagar,ZONE,ENT
Hyderabad,Afzal gunj,ZONE,ENT
Hyderabad,Trimulgherry,ZONE,General Dermatology
Hyderabad,Marredpally,ZONE,Dietitian
Hyderabad,Afzal gunj,ZONE,Gastroenterologist
Hyderabad,Bolarum,ZONE,Pulmonologist
Hyderabad,Banjara hills,ZONE,Endocrinologist
Hyderabad,Mehdipatnam,ZONE,General Pediatrics
Hyderabad,Sanath nagar,ZONE,General Alt Medicine
Hyderabad,Langer house,ZONE,General Dermatology
Hyderabad,Kachiguda,ZONE,Orthopaedics
Hyderabad,Punjagutta,ZONE,General Dentistry
Hyderabad,Habsiguda,ZONE,General Dermatology
Hyderabad,Habsiguda,ZONE,General Surgeon
Hyderabad,Marredpally,ZONE,ENT
Hyderabad,Nallakunta,ZONE,General Dentistry
Hyderabad,Kukatpally,ZONE,Orthopaedics
Hyderabad,Hitech city,ZONE,Nephrologist
Hyderabad,Hitech city,ZONE,General Gynecology
Hyderabad,Hitech city,ZONE,Cardiologist
Hyderabad,Banjara hills,ZONE,General Pediatrics
Hyderabad,Kukatpally,ZONE,General Dermatology
Hyderabad,Marredpally,ZONE,Cardiologist
Hyderabad,Punjagutta,ZONE,Urologist
Hyderabad,Hitech city,ZONE,General Surgeon
Hyderabad,Himayat nagar,ZONE,General Physician
Hyderabad,Hyderabad-Cityinventory,SUPERZONE,Audiologist
Hyderabad,Punjagutta,ZONE,Endocrinologist
Hyderabad,Banjara hills,ZONE,General Psychiatry
Hyderabad,Hitech city,ZONE,General Ophthalmology
Hyderabad,Dilsukh nagar,ZONE,General Pediatrics
Hyderabad,Trimulgherry,ZONE,Orthopaedics
Hyderabad,Trimulgherry,ZONE,Endocrinologist
Hyderabad,Hitech city,ZONE,General Alt Medicine
Hyderabad,Marredpally,ZONE,Nephrologist
Hyderabad,Himayat nagar,ZONE,General Gynecology
Hyderabad,Langer house,ZONE,Orthopaedics
Hyderabad,Banjara hills,ZONE,Urologist
Hyderabad,Afzal gunj,ZONE,General Physician
Hyderabad,Kukatpally,ZONE,Endocrinologist
Hyderabad,Banjara hills,ZONE,General Dermatology
Hyderabad,Banjara hills,ZONE,General Gynecology
Hyderabad,Kukatpally,ZONE,Cosmetic/Plastic Surgeon
Hyderabad,Banjara hills,ZONE,Neurologist
Hyderabad,Langer house,ZONE,General Gynecology
Hyderabad,Banjara hills,ZONE,Cardiologist
Hyderabad,Bolarum,ZONE,ENT
Hyderabad,Punjagutta,ZONE,Cardiologist
Hyderabad,Nallakunta,ZONE,General Gynecology
Hyderabad,Hitech city,ZONE,General Dermatology
Hyderabad,Punjagutta,ZONE,Gastroenterologist
Hyderabad,Banjara hills,ZONE,Pulmonologist
Hyderabad,Hyderabad-Cityinventory,SUPERZONE,General Physician
Hyderabad,Afzal gunj,ZONE,Neurologist
Hyderabad,Hitech city,ZONE,Pulmonologist
Hyderabad,Hitech city,ZONE,Sexologist
Hyderabad,Bolarum,ZONE,Urologist
Hyderabad,Langer house,ZONE,General Dentistry
Hyderabad,Nallakunta,ZONE,General Dermatology
Hyderabad,Kukatpally,ZONE,Sexologist
Hyderabad,Dilsukh nagar,ZONE,Gastroenterologist
Hyderabad,Habsiguda,ZONE,Neurologist
Hyderabad,Dilsukh nagar,ZONE,General Physician
Hyderabad,Punjagutta,ZONE,General Physician
Hyderabad,Marredpally,ZONE,General Pediatrics
Hyderabad,Sanath nagar,ZONE,General Gynecology
Hyderabad,Habsiguda,ZONE,Sexologist
Hyderabad,Hyderabad-Cityinventory,SUPERZONE,ENT
Hyderabad,Sanath nagar,ZONE,Gastroenterologist
Hyderabad,Habsiguda,ZONE,General Alt Medicine
Hyderabad,Mehdipatnam,ZONE,General Dermatology
Hyderabad,Begumpet,ZONE,General Dentistry
Hyderabad,Trimulgherry,ZONE,General Dentistry
Hyderabad,Habsiguda,ZONE,General Pediatrics
Hyderabad,Kukatpally,ZONE,Neurologist
Hyderabad,Afzal gunj,ZONE,General Psychiatry
Hyderabad,Lb nagar,ZONE,General Dermatology
Hyderabad,Kachiguda,ZONE,General Gynecology
Hyderabad,Himayat nagar,ZONE,ENT
Hyderabad,Bolarum,ZONE,General Dermatology
Hyderabad,Lb nagar,ZONE,Orthopaedics
Hyderabad,Sanath nagar,ZONE,General Physician
Hyderabad,Kukatpally,ZONE,General Ophthalmology
Hyderabad,Kukatpally,ZONE,Speech Therapist
Hyderabad,Punjagutta,ZONE,Neurologist
Hyderabad,Hyderabad-Cityinventory,SUPERZONE,Speech Therapist
Hyderabad,Bolarum,ZONE,Endocrinologist
Hyderabad,Sanath nagar,ZONE,General Psychiatry
Hyderabad,Trimulgherry,ZONE,General Psychiatry
Hyderabad,Habsiguda,ZONE,Cardiologist
Hyderabad,Mehdipatnam,ZONE,Orthopaedics
Hyderabad,Hitech city,ZONE,General Psychiatry
Hyderabad,Hitech city,ZONE,ENT
Hyderabad,Sanath nagar,ZONE,Neurologist
Hyderabad,Mehdipatnam,ZONE,ENT
Hyderabad,Hitech city,ZONE,Orthopaedics
Hyderabad,Himayat nagar,ZONE,General Psychiatry
Hyderabad,Hitech city,ZONE,Urologist
Hyderabad,Kukatpally,ZONE,ENT
Hyderabad,Trimulgherry,ZONE,Pulmonologist
Hyderabad,Lb nagar,ZONE,General Psychiatry
Hyderabad,Hyderabad-Cityinventory,SUPERZONE,Neurologist
Hyderabad,Punjagutta,ZONE,Physiotherapist
Hyderabad,Langer house,ZONE,General Physician
Hyderabad,Kukatpally,ZONE,Urologist
Hyderabad,Banjara hills,ZONE,General Dentistry
Hyderabad,Hyderabad-Cityinventory,SUPERZONE,Dietitian
Hyderabad,Dilsukh nagar,ZONE,Sexologist
Hyderabad,Hyderabad-Cityinventory,SUPERZONE,General Dentistry
Hyderabad,Hyderabad-Cityinventory,SUPERZONE,Homeopathy
Hyderabad,Himayat nagar,ZONE,General Dentistry
Hyderabad,Kukatpally,ZONE,Homeopathy
Hyderabad,Marredpally,ZONE,General Dermatology
Hyderabad,Trimulgherry,ZONE,Urologist
Hyderabad,Dilsukh nagar,ZONE,Endocrinologist
Hyderabad,Bolarum,ZONE,General Ophthalmology
Hyderabad,Afzal gunj,ZONE,General Dermatology
Hyderabad,Marredpally,ZONE,General Physician
Hyderabad,Marredpally,ZONE,General Dentistry
Hyderabad,Bolarum,ZONE,General Physician
Hyderabad,Banjara hills,ZONE,ENT
Hyderabad,Hitech city,ZONE,Physiotherapist
Hyderabad,Begumpet,ZONE,General Dermatology
Hyderabad,Sanath nagar,ZONE,General Pediatrics
Hyderabad,Kachiguda,ZONE,General Dermatology
Hyderabad,Bolarum,ZONE,Gastroenterologist
Hyderabad,Punjagutta,ZONE,Orthopaedics
Hyderabad,Dilsukh nagar,ZONE,Cardiologist
Hyderabad,Trimulgherry,ZONE,ENT
Hyderabad,Banjara hills,ZONE,Cosmetic/Plastic Surgeon
Hyderabad,Lb nagar,ZONE,Cardiologist
Hyderabad,Lb nagar,ZONE,Gastroenterologist
Hyderabad,Hyderabad-Cityinventory,SUPERZONE,Cosmetic/Plastic Surgeon
Hyderabad,Trimulgherry,ZONE,General Ophthalmology
Hyderabad,Begumpet,ZONE,General Physician
Hyderabad,Kukatpally,ZONE,Physiotherapist
Hyderabad,Himayat nagar,ZONE,Orthopaedics
Hyderabad,Trimulgherry,ZONE,Neurologist
Hyderabad,Banjara hills,ZONE,Physiotherapist
Hyderabad,Bolarum,ZONE,General Dentistry
Indore,Indore-Cityinventory,SUPERZONE,Physiotherapist
Indore,Indore-Cityinventory,SUPERZONE,Nephrologist
Indore,Sapna Sangeeta,ZONE,General Physician
Indore,Old Indore,ZONE,Orthopaedics
Indore,Indore-Cityinventory,SUPERZONE,Orthopaedics
Indore,Old Indore,ZONE,General Dermatology
Indore,Indore-Cityinventory,SUPERZONE,General Dermatology
Indore,Indore-Cityinventory,SUPERZONE,General Ophthalmology
Indore,Indore-Cityinventory,SUPERZONE,General Gynecology
Indore,Indore-Cityinventory,SUPERZONE,Pulmonologist
Indore,Vijaynagar,ZONE,General Psychiatry
Indore,Indore-Cityinventory,SUPERZONE,Veterinarian
Indore,Indore-Cityinventory,SUPERZONE,Gastroenterologist
Indore,Indore-Cityinventory,SUPERZONE,ENT
Indore,Indore-Cityinventory,SUPERZONE,Dietitian
Indore,Indore-Cityinventory,SUPERZONE,Urologist
Indore,Indore-Cityinventory,SUPERZONE,General Pediatrics
Indore,Sapna Sangeeta,ZONE,General Ophthalmology
Indore,Palasia,ZONE,General Ophthalmology
Indore,Indore-Cityinventory,SUPERZONE,Oncologist
Indore,Palasia,ZONE,General Physician
Indore,Indore-Cityinventory,SUPERZONE,General Psychiatry
Indore,Indore-Cityinventory,SUPERZONE,Speech Therapist
Indore,Sapna Sangeeta,ZONE,General Dermatology
Indore,Indore-Cityinventory,SUPERZONE,Endocrinologist
Indore,Indore-Cityinventory,SUPERZONE,Cardiologist
Indore,Sapna Sangeeta,ZONE,General Psychiatry
Indore,Palasia,ZONE,General Dermatology
Indore,Vijaynagar,ZONE,General Ophthalmology
Indore,Old Indore,ZONE,General Psychiatry
Indore,Indore-Cityinventory,SUPERZONE,General Dentistry
Indore,Indore-Cityinventory,SUPERZONE,Sexologist
Indore,Vijaynagar,ZONE,General Dentistry
Indore,Vijaynagar,ZONE,Neurologist
Indore,Sapna Sangeeta,ZONE,General Gynecology
Indore,Vijaynagar,ZONE,General Pediatrics
Indore,Palasia,ZONE,General Gynecology
Indore,Vijaynagar,ZONE,General Gynecology
Indore,Palasia,ZONE,General Dentistry
Indore,Vijaynagar,ZONE,ENT
Indore,Sapna Sangeeta,ZONE,General Pediatrics
Indore,Vijaynagar,ZONE,Orthopaedics
Indore,Old Indore,ZONE,General Physician
Indore,Sapna Sangeeta,ZONE,General Dentistry
Indore,Vijaynagar,ZONE,Physiotherapist
Indore,Indore-Cityinventory,SUPERZONE,Neurologist
Indore,Indore-Cityinventory,SUPERZONE,General Physician
Indore,Old Indore,ZONE,General Dentistry
Indore,Palasia,ZONE,Orthopaedics
Indore,Palasia,ZONE,General Pediatrics
Indore,Vijaynagar,ZONE,General Physician
Indore,Vijaynagar,ZONE,General Dermatology
Indore,Sapna Sangeeta,ZONE,ENT
Indore,Indore-Cityinventory,SUPERZONE,General Surgeon
Indore,Indore-Cityinventory,SUPERZONE,General Alt Medicine
Indore,Palasia,ZONE,General Psychiatry
Indore,Indore-Cityinventory,SUPERZONE,Hair Transplant
Indore,Sapna Sangeeta,ZONE,Orthopaedics
Indore,Indore-Cityinventory,SUPERZONE,Homeopathy
Indore,Indore-Cityinventory,SUPERZONE,Cosmetic/Plastic Surgeon
Indore,Sapna Sangeeta,ZONE,Gastroenterologist
Indore,Indore-Cityinventory,SUPERZONE,General Surgeon
Indore,Sapna Sangeeta,ZONE,Gastroenterologist
Indore,Indore-Cityinventory,SUPERZONE,Endocrinologist
Indore,Sapna Sangeeta,ZONE,General Dentistry
Indore,Indore-Cityinventory,SUPERZONE,Neurologist
Indore,Indore-Cityinventory,SUPERZONE,Cardiologist
Indore,Vijaynagar,ZONE,General Pediatrics
Indore,Indore-Cityinventory,SUPERZONE,General Psychiatry
Indore,Indore-Cityinventory,SUPERZONE,General Dermatology
Indore,Sapna Sangeeta,ZONE,General Gynecology
Indore,Indore-Cityinventory,SUPERZONE,Dietitian
Indore,Indore-Cityinventory,SUPERZONE,Oncologist
Indore,Indore-Cityinventory,SUPERZONE,Sexologist
Indore,Indore-Cityinventory,SUPERZONE,Speech Therapist
Indore,Sapna Sangeeta,ZONE,General Physician
Indore,Indore-Cityinventory,SUPERZONE,Physiotherapist
Indore,Indore-Cityinventory,SUPERZONE,General Gynecology
Indore,Old Indore,ZONE,General Dermatology
Indore,Indore-Cityinventory,SUPERZONE,General Alt Medicine
Indore,Indore-Cityinventory,SUPERZONE,Cosmetic/Plastic Surgeon
Indore,Indore-Cityinventory,SUPERZONE,Homeopathy
Indore,Sapna Sangeeta,ZONE,Orthopaedics
Indore,Indore-Cityinventory,SUPERZONE,General Physician
Indore,Palasia,ZONE,General Psychiatry
Indore,Vijaynagar,ZONE,General Physician
Indore,Sapna Sangeeta,ZONE,ENT
Indore,Vijaynagar,ZONE,General Dentistry
Indore,Vijaynagar,ZONE,General Psychiatry
Indore,Indore-Cityinventory,SUPERZONE,General Dentistry
Indore,Sapna Sangeeta,ZONE,General Pediatrics
Indore,Palasia,ZONE,General Dermatology
Indore,Indore-Cityinventory,SUPERZONE,General Ophthalmology
Indore,Old Indore,ZONE,General Physician
Indore,Sapna Sangeeta,ZONE,General Dermatology
Indore,Sapna Sangeeta,ZONE,General Psychiatry
Indore,Indore-Cityinventory,SUPERZONE,Orthopaedics
Indore,Palasia,ZONE,General Physician
Indore,Indore-Cityinventory,SUPERZONE,Pulmonologist
Indore,Indore-Cityinventory,SUPERZONE,Gastroenterologist
Indore,Vijaynagar,ZONE,Neurologist
Indore,Vijaynagar,ZONE,ENT
Indore,Vijaynagar,ZONE,General Ophthalmology
Indore,Indore-Cityinventory,SUPERZONE,General Pediatrics
Indore,Palasia,ZONE,General Dentistry
Indore,Vijaynagar,ZONE,General Dermatology
Indore,Vijaynagar,ZONE,General Gynecology
Indore,Vijaynagar,ZONE,Orthopaedics
Indore,Indore-Cityinventory,SUPERZONE,Nephrologist
Indore,Indore-Cityinventory,SUPERZONE,Veterinarian
Indore,Indore-Cityinventory,SUPERZONE,ENT
Indore,Sapna Sangeeta,ZONE,General Ophthalmology
Indore,Indore-Cityinventory,SUPERZONE,Urologist
Indore,Palasia,ZONE,General Gynecology
Indore,Indore-Cityinventory,SUPERZONE,Hair Transplant
Jabalpur,Jabalpur-Cityinventory,SUPERZONE,General Dermatology
Jabalpur,Jabalpur-Cityinventory,SUPERZONE,General Physician
Jabalpur,Jabalpur-Cityinventory,SUPERZONE,General Dermatology
Jabalpur,Jabalpur-Cityinventory,SUPERZONE,Orthopaedics
Jabalpur,Jabalpur-Cityinventory,SUPERZONE,ENT
Jabalpur,Jabalpur-Cityinventory,SUPERZONE,General Gynecology
Jabalpur,Jabalpur-Cityinventory,SUPERZONE,General Dentistry
Jabalpur,Jabalpur-Cityinventory,SUPERZONE,General Psychiatry
Jabalpur,Jabalpur-Cityinventory,SUPERZONE,Gastroenterologist
Jabalpur,Jabalpur-Cityinventory,SUPERZONE,General Psychiatry
Jabalpur,Jabalpur-Cityinventory,SUPERZONE,General Dermatology
Jabalpur,Jabalpur-Cityinventory,SUPERZONE,Gastroenterologist
Jabalpur,Jabalpur-Cityinventory,SUPERZONE,General Dentistry
Jabalpur,Jabalpur-Cityinventory,SUPERZONE,General Gynecology
Jabalpur,Jabalpur-Cityinventory,SUPERZONE,General Physician
Jabalpur,Jabalpur-Cityinventory,SUPERZONE,Orthopaedics
Jabalpur,Jabalpur-Cityinventory,SUPERZONE,ENT
Jaipur,C Scheme,ZONE,Physiotherapist
Jaipur,Mansarovar,ZONE,Orthopaedics
Jaipur,Vaishali Nagar,ZONE,General Ophthalmology
Jaipur,Vaishali Nagar,ZONE,ENT
Jaipur,C Scheme,ZONE,Pulmonologist
Jaipur,Vidhyadhar Nagar,ZONE,General Dentistry
Jaipur,C Scheme,ZONE,General Physician
Jaipur,Jaipur-Cityinventory,SUPERZONE,Nephrologist
Jaipur,C Scheme,ZONE,General Pediatrics
Jaipur,C Scheme,ZONE,General Gynecology
Jaipur,Jaipur-Cityinventory,SUPERZONE,Cardiologist
Jaipur,Jaipur-Cityinventory,SUPERZONE,General Psychiatry
Jaipur,C Scheme,ZONE,General Ophthalmology
Jaipur,C Scheme,ZONE,General Psychiatry
Jaipur,Malviya Nagar,ZONE,Orthopaedics
Jaipur,Jaipur-Cityinventory,SUPERZONE,General Alt Medicine
Jaipur,Jaipur-Cityinventory,SUPERZONE,General Surgeon
Jaipur,Jaipur-Cityinventory,SUPERZONE,Sexologist
Jaipur,Mansarovar,ZONE,General Gynecology
Jaipur,Malviya Nagar,ZONE,Neurologist
Jaipur,Raja Park,ZONE,General Physician
Jaipur,Raja Park,ZONE,Gastroenterologist
Jaipur,Jaipur-Cityinventory,SUPERZONE,ENT
Jaipur,Durgapura,ZONE,General Gynecology
Jaipur,C Scheme,ZONE,Speech Therapist
Jaipur,Jaipur-Cityinventory,SUPERZONE,Veterinarian
Jaipur,Jaipur-Cityinventory,SUPERZONE,Gastroenterologist
Jaipur,Jaipur-Cityinventory,SUPERZONE,Homeopathy
Jaipur,Vidhyadhar Nagar,ZONE,Neurologist
Jaipur,C Scheme,ZONE,Cosmetic/Plastic Surgeon
Jaipur,Raja Park,ZONE,General Dermatology
Jaipur,Malviya Nagar,ZONE,General Dermatology
Jaipur,Mansarovar,ZONE,Sexologist
Jaipur,Mansarovar,ZONE,ENT
Jaipur,Mansarovar,ZONE,General Ophthalmology
Jaipur,Vaishali Nagar,ZONE,Urologist
Jaipur,Jaipur-Cityinventory,SUPERZONE,General Gynecology
Jaipur,Vaishali Nagar,ZONE,Neurologist
Jaipur,Jaipur-Cityinventory,SUPERZONE,Speech Therapist
Jaipur,Durgapura,ZONE,General Dentistry
Jaipur,Vidhyadhar Nagar,ZONE,ENT
Jaipur,Vaishali Nagar,ZONE,Gastroenterologist
Jaipur,Raja Park,ZONE,General Psychiatry
Jaipur,Jaipur-Cityinventory,SUPERZONE,Urologist
Jaipur,Jaipur-Cityinventory,SUPERZONE,Cosmetic/Plastic Surgeon
Jaipur,C Scheme,ZONE,General Surgeon
Jaipur,Malviya Nagar,ZONE,General Dentistry
Jaipur,Malviya Nagar,ZONE,General Ophthalmology
Jaipur,C Scheme,ZONE,Urologist
Jaipur,Vaishali Nagar,ZONE,General Physician
Jaipur,Vaishali Nagar,ZONE,Orthopaedics
Jaipur,Malviya Nagar,ZONE,General Physician
Jaipur,Vaishali Nagar,ZONE,General Dentistry
Jaipur,Mansarovar,ZONE,General Pediatrics
Jaipur,Mansarovar,ZONE,General Dentistry
Jaipur,Mansarovar,ZONE,General Physician
Jaipur,C Scheme,ZONE,Neurologist
Jaipur,Malviya Nagar,ZONE,Physiotherapist
Jaipur,Jaipur-Cityinventory,SUPERZONE,Oncologist
Jaipur,Raja Park,ZONE,ENT
Jaipur,Vidhyadhar Nagar,ZONE,Orthopaedics
Jaipur,C Scheme,ZONE,Gastroenterologist
Jaipur,Raja Park,ZONE,General Dentistry
Jaipur,Vaishali Nagar,ZONE,General Dermatology
Jaipur,Vaishali Nagar,ZONE,Sexologist
Jaipur,Raja Park,ZONE,Urologist
Jaipur,Jhotwara,ZONE,Neurologist
Jaipur,Jaipur-Cityinventory,SUPERZONE,Dietitian
Jaipur,Jaipur-Cityinventory,SUPERZONE,Hair Transplant
Jaipur,Jhotwara,ZONE,General Dentistry
Jaipur,C Scheme,ZONE,General Dentistry
Jaipur,Jaipur-Cityinventory,SUPERZONE,Physiotherapist
Jaipur,Mansarovar,ZONE,Neurologist
Jaipur,C Scheme,ZONE,Nephrologist
Jaipur,Raja Park,ZONE,General Gynecology
Jaipur,Jaipur-Cityinventory,SUPERZONE,Pulmonologist
Jaipur,Malviya Nagar,ZONE,General Psychiatry
Jaipur,C Scheme,ZONE,Homeopathy
Jaipur,Vidhyadhar Nagar,ZONE,General Gynecology
Jaipur,Vaishali Nagar,ZONE,General Gynecology
Jaipur,Mansarovar,ZONE,General Dermatology
Jaipur,Jaipur-Cityinventory,SUPERZONE,Endocrinologist
Jaipur,Malviya Nagar,ZONE,General Gynecology
Jaipur,Jaipur-Cityinventory,SUPERZONE,Orthopaedics
Jaipur,C Scheme,ZONE,General Alt Medicine
Jaipur,C Scheme,ZONE,Endocrinologist
Jaipur,C Scheme,ZONE,ENT
Jaipur,Vaishali Nagar,ZONE,Physiotherapist
Jaipur,C Scheme,ZONE,Cardiologist
Jaipur,Raja Park,ZONE,Neurologist
Jaipur,Jaipur-Cityinventory,SUPERZONE,Neurologist
Jaipur,Raja Park,ZONE,Orthopaedics
Jaipur,Durgapura,ZONE,General Physician
Jaipur,C Scheme,ZONE,Hair Transplant
Jaipur,Malviya Nagar,ZONE,Gastroenterologist
Jaipur,C Scheme,ZONE,Hematologist
Jaipur,Jaipur-Cityinventory,SUPERZONE,General Physician
Jaipur,Vaishali Nagar,ZONE,General Psychiatry
Jaipur,C Scheme,ZONE,Oncologist
Jaipur,Jaipur-Cityinventory,SUPERZONE,General Dermatology
Jaipur,Jaipur-Cityinventory,SUPERZONE,General Dentistry
Jaipur,Vidhyadhar Nagar,ZONE,General Ophthalmology
Jaipur,Jhotwara,ZONE,General Physician
Jaipur,Raja Park,ZONE,General Ophthalmology
Jaipur,Jaipur-Cityinventory,SUPERZONE,General Ophthalmology
Jaipur,C Scheme,ZONE,Sexologist
Jaipur,C Scheme,ZONE,General Dermatology
Jaipur,C Scheme,ZONE,Orthopaedics
Jaipur,Vaishali Nagar,ZONE,General Pediatrics
Jaipur,Malviya Nagar,ZONE,ENT
Jaipur,Vidhyadhar Nagar,ZONE,General Dermatology
Jaipur,Vidhyadhar Nagar,ZONE,General Physician
Jaipur,Jaipur-Cityinventory,SUPERZONE,General Pediatrics
Jaipur,C Scheme,ZONE,Cardiologist
Jaipur,C Scheme,ZONE,Neurologist
Jaipur,C Scheme,ZONE,Pulmonologist
Jaipur,Raja Park,ZONE,General Dermatology
Jaipur,Vidhyadhar Nagar,ZONE,General Dermatology
Jaipur,Jaipur-Cityinventory,SUPERZONE,Cosmetic/Plastic Surgeon
Jaipur,C Scheme,ZONE,Gastroenterologist
Jaipur,Jaipur-Cityinventory,SUPERZONE,General Surgeon
Jaipur,Mansarovar,ZONE,Sexologist
Jaipur,C Scheme,ZONE,Physiotherapist
Jaipur,Jaipur-Cityinventory,SUPERZONE,Orthopaedics
Jaipur,C Scheme,ZONE,Orthopaedics
Jaipur,Vaishali Nagar,ZONE,General Dentistry
Jaipur,C Scheme,ZONE,Sexologist
Jaipur,Raja Park,ZONE,Gastroenterologist
Jaipur,Vidhyadhar Nagar,ZONE,General Gynecology
Jaipur,C Scheme,ZONE,General Physician
Jaipur,Jaipur-Cityinventory,SUPERZONE,Neurologist
Jaipur,Jaipur-Cityinventory,SUPERZONE,General Pediatrics
Jaipur,Jaipur-Cityinventory,SUPERZONE,Nephrologist
Jaipur,Jaipur-Cityinventory,SUPERZONE,Physiotherapist
Jaipur,C Scheme,ZONE,General Gynecology
Jaipur,C Scheme,ZONE,ENT
Jaipur,Vaishali Nagar,ZONE,General Gynecology
Jaipur,C Scheme,ZONE,General Ophthalmology
Jaipur,Jaipur-Cityinventory,SUPERZONE,General Ophthalmology
Jaipur,Mansarovar,ZONE,General Dentistry
Jaipur,Raja Park,ZONE,General Dentistry
Jaipur,C Scheme,ZONE,General Psychiatry
Jaipur,Jaipur-Cityinventory,SUPERZONE,Endocrinologist
Jaipur,Vaishali Nagar,ZONE,General Dermatology
Jaipur,Jaipur-Cityinventory,SUPERZONE,Speech Therapist
Jaipur,Malviya Nagar,ZONE,General Physician
Jaipur,Vaishali Nagar,ZONE,General Psychiatry
Jaipur,Jaipur-Cityinventory,SUPERZONE,Urologist
Jaipur,Jaipur-Cityinventory,SUPERZONE,Cardiologist
Jaipur,C Scheme,ZONE,General Alt Medicine
Jaipur,Malviya Nagar,ZONE,General Psychiatry
Jaipur,Malviya Nagar,ZONE,General Ophthalmology
Jaipur,Malviya Nagar,ZONE,ENT
Jaipur,Vaishali Nagar,ZONE,ENT
Jaipur,C Scheme,ZONE,Urologist
Jaipur,Jaipur-Cityinventory,SUPERZONE,General Physician
Jaipur,C Scheme,ZONE,Cosmetic/Plastic Surgeon
Jaipur,Jaipur-Cityinventory,SUPERZONE,General Gynecology
Jaipur,C Scheme,ZONE,Nephrologist
Jaipur,Malviya Nagar,ZONE,General Dermatology
Jaipur,C Scheme,ZONE,Hematologist
Jaipur,Jaipur-Cityinventory,SUPERZONE,Pulmonologist
Jaipur,Jaipur-Cityinventory,SUPERZONE,Gastroenterologist
Jaipur,C Scheme,ZONE,Homeopathy
Jaipur,Raja Park,ZONE,Neurologist
Jaipur,Malviya Nagar,ZONE,Orthopaedics
Jaipur,C Scheme,ZONE,General Dermatology
Jaipur,Raja Park,ZONE,General Gynecology
Jaipur,Jaipur-Cityinventory,SUPERZONE,General Dermatology
Jaipur,Jaipur-Cityinventory,SUPERZONE,Sexologist
Jaipur,Jaipur-Cityinventory,SUPERZONE,ENT
Jaipur,Durgapura,ZONE,General Dentistry
Jaipur,Raja Park,ZONE,General Psychiatry
Jaipur,Jaipur-Cityinventory,SUPERZONE,Veterinarian
Jaipur,C Scheme,ZONE,Oncologist
Jaipur,C Scheme,ZONE,Endocrinologist
Jaipur,Vidhyadhar Nagar,ZONE,General Physician
Jaipur,C Scheme,ZONE,General Surgeon
Jaipur,Vaishali Nagar,ZONE,General Physician
Jaipur,Jhotwara,ZONE,General Dentistry
Jaipur,Jaipur-Cityinventory,SUPERZONE,General Alt Medicine
Jaipur,Raja Park,ZONE,ENT
Jaipur,C Scheme,ZONE,General Pediatrics
Jaipur,Mansarovar,ZONE,General Dermatology
Jaipur,Jaipur-Cityinventory,SUPERZONE,General Dentistry
Jaipur,Mansarovar,ZONE,General Physician
Jaipur,Malviya Nagar,ZONE,Neurologist
Jaipur,Malviya Nagar,ZONE,General Gynecology
Jaipur,Malviya Nagar,ZONE,Physiotherapist
Jaipur,C Scheme,ZONE,Speech Therapist
Jaipur,Malviya Nagar,ZONE,General Dentistry
Jaipur,Vaishali Nagar,ZONE,Orthopaedics
Jaipur,Jaipur-Cityinventory,SUPERZONE,Dietitian
Jaipur,Jaipur-Cityinventory,SUPERZONE,Homeopathy
Jaipur,Raja Park,ZONE,General Physician
Jaipur,Jaipur-Cityinventory,SUPERZONE,Hair Transplant
Jaipur,Vaishali Nagar,ZONE,Gastroenterologist
Jaipur,Jaipur-Cityinventory,SUPERZONE,Oncologist
Jaipur,Vaishali Nagar,ZONE,General Ophthalmology
Jaipur,C Scheme,ZONE,Hair Transplant
Jaipur,Vidhyadhar Nagar,ZONE,General Dentistry
Jaipur,Malviya Nagar,ZONE,Gastroenterologist
Jaipur,Jaipur-Cityinventory,SUPERZONE,General Psychiatry
Jaipur,Vaishali Nagar,ZONE,Sexologist
Jaipur,C Scheme,ZONE,General Dentistry
Jaipur,Mansarovar,ZONE,General Gynecology
Jalandhar,Jalandhar-Cityinventory,SUPERZONE,Cosmetic/Plastic Surgeon
Jalandhar,Jalandhar-Cityinventory,SUPERZONE,Orthopaedics
Jalandhar,Jalandhar-Cityinventory,SUPERZONE,General Psychiatry
Jalandhar,Jalandhar-Cityinventory,SUPERZONE,General Pediatrics
Jalandhar,Jalandhar-Cityinventory,SUPERZONE,Gastroenterologist
Jalandhar,Jalandhar-Cityinventory,SUPERZONE,General Ophthalmology
Jalandhar,Jalandhar-Cityinventory,SUPERZONE,General Physician
Jalandhar,Jalandhar-Cityinventory,SUPERZONE,Endocrinologist
Jalandhar,Jalandhar-Cityinventory,SUPERZONE,General Alt Medicine
Jalandhar,Jalandhar-Cityinventory,SUPERZONE,Dietitian
Jalandhar,Jalandhar-Cityinventory,SUPERZONE,Sexologist
Jalandhar,Jalandhar-Cityinventory,SUPERZONE,General Dentistry
Jalandhar,Jalandhar-Cityinventory,SUPERZONE,ENT
Jalandhar,Jalandhar-Cityinventory,SUPERZONE,General Gynecology
Jalandhar,Jalandhar-Cityinventory,SUPERZONE,Urologist
Jalandhar,Jalandhar-Cityinventory,SUPERZONE,General Dermatology
Jalandhar,Jalandhar-Cityinventory,SUPERZONE,General Dermatology
Jalandhar,Jalandhar-Cityinventory,SUPERZONE,Sexologist
Jalandhar,Jalandhar-Cityinventory,SUPERZONE,Urologist
Jalandhar,Jalandhar-Cityinventory,SUPERZONE,General Pediatrics
Jalandhar,Jalandhar-Cityinventory,SUPERZONE,Orthopaedics
Jalandhar,Jalandhar-Cityinventory,SUPERZONE,ENT
Jalandhar,Jalandhar-Cityinventory,SUPERZONE,General Gynecology
Jalandhar,Jalandhar-Cityinventory,SUPERZONE,General Dentistry
Jalandhar,Jalandhar-Cityinventory,SUPERZONE,General Psychiatry
Jalandhar,Jalandhar-Cityinventory,SUPERZONE,Dietitian
Jalandhar,Jalandhar-Cityinventory,SUPERZONE,Cosmetic/Plastic Surgeon
Jalandhar,Jalandhar-Cityinventory,SUPERZONE,General Ophthalmology
Jalandhar,Jalandhar-Cityinventory,SUPERZONE,General Physician
Jalandhar,Jalandhar-Cityinventory,SUPERZONE,General Alt Medicine
Jalandhar,Jalandhar-Cityinventory,SUPERZONE,Gastroenterologist
Jalandhar,Jalandhar-Cityinventory,SUPERZONE,Endocrinologist
Jalgaon,Jalgaon-Cityinventory,SUPERZONE,General Physician
Jalgaon,Jalgaon-Cityinventory,SUPERZONE,General Physician
Jammu,Jammu-Cityinventory,SUPERZONE,Hair Transplant
Jammu,Jammu-Cityinventory,SUPERZONE,Gastroenterologist
Jammu,Jammu-Cityinventory,SUPERZONE,General Psychiatry
Jammu,Jammu-Cityinventory,SUPERZONE,General Physician
Jammu,Jammu-Cityinventory,SUPERZONE,ENT
Jammu,Jammu-Cityinventory,SUPERZONE,Sexologist
Jammu,Jammu-Cityinventory,SUPERZONE,General Dermatology
Jammu,Jammu-Cityinventory,SUPERZONE,General Dentistry
Jammu,Jammu-Cityinventory,SUPERZONE,Sexologist
Jammu,Jammu-Cityinventory,SUPERZONE,Hair Transplant
Jammu,Jammu-Cityinventory,SUPERZONE,General Physician
Jammu,Jammu-Cityinventory,SUPERZONE,Gastroenterologist
Jammu,Jammu-Cityinventory,SUPERZONE,General Dermatology
Jammu,Jammu-Cityinventory,SUPERZONE,General Dentistry
Jammu,Jammu-Cityinventory,SUPERZONE,General Psychiatry
Jammu,Jammu-Cityinventory,SUPERZONE,ENT
Jamnagar,Jamnagar-Cityinventory,SUPERZONE,General Physician
Jamnagar,Jamnagar-Cityinventory,SUPERZONE,General Physician
Jamshedpur,Jamshedpur-Cityinventory,SUPERZONE,General Dentistry
Jamshedpur,Jamshedpur-Cityinventory,SUPERZONE,General Physician
Jamshedpur,Jamshedpur-Cityinventory,SUPERZONE,General Dermatology
Jamshedpur,Jamshedpur-Cityinventory,SUPERZONE,Gastroenterologist
Jamshedpur,Jamshedpur-Cityinventory,SUPERZONE,General Gynecology
Jamshedpur,Jamshedpur-Cityinventory,SUPERZONE,General Ophthalmology
Jamshedpur,Jamshedpur,ZONE,General Physician
Jamshedpur,Jamshedpur-Cityinventory,SUPERZONE,Gastroenterologist
Jamshedpur,Jamshedpur-Cityinventory,SUPERZONE,General Gynecology
Jamshedpur,Jamshedpur-Cityinventory,SUPERZONE,General Dentistry
Jamshedpur,Jamshedpur,ZONE,General Dentistry
Jamshedpur,Jamshedpur-Cityinventory,SUPERZONE,General Physician
Jamshedpur,Jamshedpur-Cityinventory,SUPERZONE,General Ophthalmology
Jamshedpur,Jamshedpur-Cityinventory,SUPERZONE,General Dermatology
Jhansi,Jhansi-Cityinventory,SUPERZONE,General Physician
Jhansi,Jhansi-Cityinventory,SUPERZONE,General Dermatology
Jhansi,Jhansi-Cityinventory,SUPERZONE,Gastroenterologist
Jhansi,Jhansi-Cityinventory,SUPERZONE,General Physician
Jhansi,Jhansi-Cityinventory,SUPERZONE,General Dermatology
Jhansi,Jhansi-Cityinventory,SUPERZONE,Gastroenterologist
Jodhpur,Jodhpur-Cityinventory,SUPERZONE,Hair Transplant
Jodhpur,Jodhpur-Cityinventory,SUPERZONE,Physiotherapist
Jodhpur,Jodhpur-Cityinventory,SUPERZONE,Cosmetic/Plastic Surgeon
Jodhpur,Jodhpur-Cityinventory,SUPERZONE,ENT
Jodhpur,Jodhpur-Cityinventory,SUPERZONE,General Physician
Jodhpur,Jodhpur-Cityinventory,SUPERZONE,General Psychiatry
Jodhpur,Jodhpur-Cityinventory,SUPERZONE,General Gynecology
Jodhpur,Jodhpur-Cityinventory,SUPERZONE,Orthopaedics
Jodhpur,Jodhpur-Cityinventory,SUPERZONE,General Ophthalmology
Jodhpur,Jodhpur-Cityinventory,SUPERZONE,General Dentistry
Jodhpur,Jodhpur-Cityinventory,SUPERZONE,General Surgeon
Jodhpur,Jodhpur-Cityinventory,SUPERZONE,General Dermatology
Jodhpur,Jodhpur-Cityinventory,SUPERZONE,General Pediatrics
Jodhpur,Jodhpur-Cityinventory,SUPERZONE,Gastroenterologist
Jodhpur,Jodhpur-Cityinventory,SUPERZONE,Sexologist
Jodhpur,Jodhpur-Cityinventory,SUPERZONE,General Alt Medicine
Jodhpur,Jodhpur-Cityinventory,SUPERZONE,Orthopaedics
Jodhpur,Jodhpur-Cityinventory,SUPERZONE,Cosmetic/Plastic Surgeon
Jodhpur,Jodhpur-Cityinventory,SUPERZONE,Hair Transplant
Jodhpur,Jodhpur-Cityinventory,SUPERZONE,General Pediatrics
Jodhpur,Jodhpur-Cityinventory,SUPERZONE,General Ophthalmology
Jodhpur,Jodhpur-Cityinventory,SUPERZONE,General Dentistry
Jodhpur,Jodhpur-Cityinventory,SUPERZONE,Sexologist
Jodhpur,Jodhpur-Cityinventory,SUPERZONE,General Surgeon
Jodhpur,Jodhpur-Cityinventory,SUPERZONE,General Psychiatry
Jodhpur,Jodhpur-Cityinventory,SUPERZONE,Gastroenterologist
Jodhpur,Jodhpur-Cityinventory,SUPERZONE,ENT
Jodhpur,Jodhpur-Cityinventory,SUPERZONE,General Alt Medicine
Jodhpur,Jodhpur-Cityinventory,SUPERZONE,Physiotherapist
Jodhpur,Jodhpur-Cityinventory,SUPERZONE,General Dermatology
Jodhpur,Jodhpur-Cityinventory,SUPERZONE,General Gynecology
Jodhpur,Jodhpur-Cityinventory,SUPERZONE,General Physician
Jorhat,Jorhat-Cityinventory,SUPERZONE,General Physician
Jorhat,Jorhat-Cityinventory,SUPERZONE,General Physician
Kakinada,Kakinada-Cityinventory,SUPERZONE,Orthopaedics
Kakinada,Kakinada-Cityinventory,SUPERZONE,General Dermatology
Kakinada,Kakinada-Cityinventory,SUPERZONE,Urologist
Kakinada,Kakinada-Cityinventory,SUPERZONE,General Dentistry
Kakinada,Kakinada-Cityinventory,SUPERZONE,Sexologist
Kakinada,Kakinada-Cityinventory,SUPERZONE,Gastroenterologist
Kakinada,Kakinada-Cityinventory,SUPERZONE,General Physician
Kakinada,Kakinada-Cityinventory,SUPERZONE,General Gynecology
Kakinada,Kakinada-Cityinventory,SUPERZONE,General Dermatology
Kakinada,Kakinada-Cityinventory,SUPERZONE,Orthopaedics
Kakinada,Kakinada-Cityinventory,SUPERZONE,Gastroenterologist
Kakinada,Kakinada-Cityinventory,SUPERZONE,Sexologist
Kakinada,Kakinada-Cityinventory,SUPERZONE,Urologist
Kakinada,Kakinada-Cityinventory,SUPERZONE,General Physician
Kakinada,Kakinada-Cityinventory,SUPERZONE,General Gynecology
Kakinada,Kakinada-Cityinventory,SUPERZONE,General Dentistry
Kakinada,Kakinada,ZONE,General Physician
Kanchipuram,Kanchipuram-Cityinventory,SUPERZONE,General Physician
Kanchipuram,Kanchipuram-Cityinventory,SUPERZONE,General Physician
Kannur,Kannur-Cityinventory,SUPERZONE,Sexologist
Kannur,Kannur-Cityinventory,SUPERZONE,General Dentistry
Kannur,Kannur-Cityinventory,SUPERZONE,Gastroenterologist
Kannur,Kannur-Cityinventory,SUPERZONE,General Dermatology
Kannur,Kannur-Cityinventory,SUPERZONE,General Physician
Kannur,Kannur-Cityinventory,SUPERZONE,Sexologist
Kannur,Kannur,ZONE,General Physician
Kannur,Kannur-Cityinventory,SUPERZONE,General Physician
Kannur,Kannur-Cityinventory,SUPERZONE,General Dermatology
Kannur,Kannur-Cityinventory,SUPERZONE,Gastroenterologist
Kannur,Kannur-Cityinventory,SUPERZONE,General Dentistry
Kanpur,Swaroop Nagar,ZONE,General Pediatrics
Kanpur,Swaroop Nagar,ZONE,ENT
Kanpur,Kidwai Nagar,ZONE,General Dermatology
Kanpur,Kanpur-Cityinventory,SUPERZONE,ENT
Kanpur,Kanpur-Cityinventory,SUPERZONE,Cardiologist
Kanpur,Swaroop Nagar,ZONE,General Psychiatry
Kanpur,Kidwai Nagar,ZONE,Orthopaedics
Kanpur,Swaroop Nagar,ZONE,Veterinarian
Kanpur,Kakadeo,ZONE,General Ophthalmology
Kanpur,Kakadeo,ZONE,General Physician
Kanpur,Kanpur-Cityinventory,SUPERZONE,Neurologist
Kanpur,Kakadeo,ZONE,Gastroenterologist
Kanpur,Kanpur-Cityinventory,SUPERZONE,General Physician
Kanpur,Kidwai Nagar,ZONE,General Gynecology
Kanpur,Kakadeo,ZONE,General Dentistry
Kanpur,Swaroop Nagar,ZONE,Pulmonologist
Kanpur,Swaroop Nagar,ZONE,Gastroenterologist
Kanpur,Kakadeo,ZONE,General Dermatology
Kanpur,Kidwai Nagar,ZONE,ENT
Kanpur,Swaroop Nagar,ZONE,Endocrinologist
Kanpur,Chunniganj,ZONE,General Gynecology
Kanpur,Swaroop Nagar,ZONE,Hair Transplant
Kanpur,Kanpur-Cityinventory,SUPERZONE,Homeopathy
Kanpur,Kanpur-Cityinventory,SUPERZONE,Hair Transplant
Kanpur,Swaroop Nagar,ZONE,Nephrologist
Kanpur,Swaroop Nagar,ZONE,Neurologist
Kanpur,Kanpur-Cityinventory,SUPERZONE,Oncologist
Kanpur,Kanpur-Cityinventory,SUPERZONE,General Dermatology
Kanpur,Kidwai Nagar,ZONE,General Pediatrics
Kanpur,Swaroop Nagar,ZONE,General Alt Medicine
Kanpur,Kanpur-Cityinventory,SUPERZONE,General Surgeon
Kanpur,Kanpur-Cityinventory,SUPERZONE,Nephrologist
Kanpur,Swaroop Nagar,ZONE,Orthopaedics
Kanpur,Swaroop Nagar,ZONE,Dietitian
Kanpur,Kidwai Nagar,ZONE,Urologist
Kanpur,Kanpur-Cityinventory,SUPERZONE,Sexologist
Kanpur,Kakadeo,ZONE,General Gynecology
Kanpur,Kidwai Nagar,ZONE,Pulmonologist
Kanpur,Kanpur-Cityinventory,SUPERZONE,Gastroenterologist
Kanpur,Swaroop Nagar,ZONE,Physiotherapist
Kanpur,Kanpur-Cityinventory,SUPERZONE,Endocrinologist
Kanpur,Swaroop Nagar,ZONE,Cosmetic/Plastic Surgeon
Kanpur,Kanpur-Cityinventory,SUPERZONE,Orthopaedics
Kanpur,Swaroop Nagar,ZONE,General Physician
Kanpur,Kidwai Nagar,ZONE,Gastroenterologist
Kanpur,Kakadeo,ZONE,Homeopathy
Kanpur,Swaroop Nagar,ZONE,General Ophthalmology
Kanpur,Swaroop Nagar,ZONE,Homeopathy
Kanpur,Kanpur-Cityinventory,SUPERZONE,Pulmonologist
Kanpur,Kanpur-Cityinventory,SUPERZONE,Urologist
Kanpur,Swaroop Nagar,ZONE,Cardiologist
Kanpur,Swaroop Nagar,ZONE,General Dermatology
Kanpur,Swaroop Nagar,ZONE,General Gynecology
Kanpur,Kanpur-Cityinventory,SUPERZONE,Physiotherapist
Kanpur,Kidwai Nagar,ZONE,General Dentistry
Kanpur,Swaroop Nagar,ZONE,Urologist
Kanpur,Kanpur-Cityinventory,SUPERZONE,General Psychiatry
Kanpur,Kakadeo,ZONE,Orthopaedics
Kanpur,Kanpur-Cityinventory,SUPERZONE,Cosmetic/Plastic Surgeon
Kanpur,Kanpur-Cityinventory,SUPERZONE,Veterinarian
Kanpur,Kanpur-Cityinventory,SUPERZONE,General Gynecology
Kanpur,Kanpur-Cityinventory,SUPERZONE,General Pediatrics
Kanpur,Kakadeo,ZONE,ENT
Kanpur,Swaroop Nagar,ZONE,General Surgeon
Kanpur,Kanpur-Cityinventory,SUPERZONE,General Alt Medicine
Kanpur,Swaroop Nagar,ZONE,Oncologist
Kanpur,Kanpur-Cityinventory,SUPERZONE,Dietitian
Kanpur,Swaroop Nagar,ZONE,General Dentistry
Kanpur,Kakadeo,ZONE,Urologist
Kanpur,Chunniganj,ZONE,General Dentistry
Kanpur,Kidwai Nagar,ZONE,General Physician
Kanpur,Kanpur-Cityinventory,SUPERZONE,General Ophthalmology
Kanpur,Swaroop Nagar,ZONE,Sexologist
Kanpur,Kanpur-Cityinventory,SUPERZONE,General Dentistry
Kanpur,Kidwai Nagar,ZONE,General Ophthalmology
Kanpur,Swaroop Nagar,ZONE,Dietitian
Kanpur,Kanpur-Cityinventory,SUPERZONE,Cosmetic/Plastic Surgeon
Kanpur,Kanpur-Cityinventory,SUPERZONE,General Gynecology
Kanpur,Swaroop Nagar,ZONE,Homeopathy
Kanpur,Kakadeo,ZONE,Homeopathy
Kanpur,Swaroop Nagar,ZONE,Hair Transplant
Kanpur,Swaroop Nagar,ZONE,General Dentistry
Kanpur,Kakadeo,ZONE,ENT
Kanpur,Kidwai Nagar,ZONE,Pulmonologist
Kanpur,Kidwai Nagar,ZONE,General Gynecology
Kanpur,Kakadeo,ZONE,Urologist
Kanpur,Kanpur-Cityinventory,SUPERZONE,General Ophthalmology
Kanpur,Swaroop Nagar,ZONE,Physiotherapist
Kanpur,Swaroop Nagar,ZONE,Veterinarian
Kanpur,Swaroop Nagar,ZONE,General Pediatrics
Kanpur,Kanpur-Cityinventory,SUPERZONE,General Psychiatry
Kanpur,Kanpur-Cityinventory,SUPERZONE,Endocrinologist
Kanpur,Swaroop Nagar,ZONE,Cardiologist
Kanpur,Swaroop Nagar,ZONE,Sexologist
Kanpur,Kidwai Nagar,ZONE,Orthopaedics
Kanpur,Swaroop Nagar,ZONE,Cosmetic/Plastic Surgeon
Kanpur,Swaroop Nagar,ZONE,Pulmonologist
Kanpur,Swaroop Nagar,ZONE,Nephrologist
Kanpur,Kakadeo,ZONE,Gastroenterologist
Kanpur,Kanpur-Cityinventory,SUPERZONE,Neurologist
Kanpur,Kidwai Nagar,ZONE,Gastroenterologist
Kanpur,Chunniganj,ZONE,General Gynecology
Kanpur,Kanpur-Cityinventory,SUPERZONE,Homeopathy
Kanpur,Kidwai Nagar,ZONE,Urologist
Kanpur,Kidwai Nagar,ZONE,General Pediatrics
Kanpur,Kanpur-Cityinventory,SUPERZONE,General Dentistry
Kanpur,Swaroop Nagar,ZONE,Urologist
Kanpur,Kidwai Nagar,ZONE,General Dermatology
Kanpur,Kanpur-Cityinventory,SUPERZONE,Pulmonologist
Kanpur,Swaroop Nagar,ZONE,General Alt Medicine
Kanpur,Kanpur-Cityinventory,SUPERZONE,General Dermatology
Kanpur,Kakadeo,ZONE,General Ophthalmology
Kanpur,Kakadeo,ZONE,General Dermatology
Kanpur,Kakadeo,ZONE,Orthopaedics
Kanpur,Kanpur-Cityinventory,SUPERZONE,Veterinarian
Kanpur,Kakadeo,ZONE,General Dentistry
Kanpur,Kanpur-Cityinventory,SUPERZONE,Hair Transplant
Kanpur,Swaroop Nagar,ZONE,General Dermatology
Kanpur,Swaroop Nagar,ZONE,Neurologist
Kanpur,Kakadeo,ZONE,General Physician
Kanpur,Swaroop Nagar,ZONE,General Psychiatry
Kanpur,Kanpur-Cityinventory,SUPERZONE,General Pediatrics
Kanpur,Kanpur-Cityinventory,SUPERZONE,Dietitian
Kanpur,Swaroop Nagar,ZONE,Endocrinologist
Kanpur,Kidwai Nagar,ZONE,General Physician
Kanpur,Swaroop Nagar,ZONE,General Gynecology
Kanpur,Kanpur-Cityinventory,SUPERZONE,ENT
Kanpur,Kidwai Nagar,ZONE,General Dentistry
Kanpur,Kanpur-Cityinventory,SUPERZONE,Oncologist
Kanpur,Kidwai Nagar,ZONE,ENT
Kanpur,Kanpur-Cityinventory,SUPERZONE,Urologist
Kanpur,Kanpur-Cityinventory,SUPERZONE,Sexologist
Kanpur,Kanpur-Cityinventory,SUPERZONE,Cardiologist
Kanpur,Kanpur-Cityinventory,SUPERZONE,Physiotherapist
Kanpur,Swaroop Nagar,ZONE,General Surgeon
Kanpur,Kanpur-Cityinventory,SUPERZONE,Nephrologist
Kanpur,Kakadeo,ZONE,General Gynecology
Kanpur,Kanpur-Cityinventory,SUPERZONE,Gastroenterologist
Kanpur,Swaroop Nagar,ZONE,Gastroenterologist
Kanpur,Kanpur-Cityinventory,SUPERZONE,General Surgeon
Kanpur,Chunniganj,ZONE,General Dentistry
Kanpur,Kanpur-Cityinventory,SUPERZONE,Orthopaedics
Kanpur,Swaroop Nagar,ZONE,General Ophthalmology
Kanpur,Swaroop Nagar,ZONE,ENT
Kanpur,Kanpur-Cityinventory,SUPERZONE,General Alt Medicine
Kanpur,Swaroop Nagar,ZONE,Orthopaedics
Kanpur,Swaroop Nagar,ZONE,Oncologist
Kanpur,Kidwai Nagar,ZONE,General Ophthalmology
Kanpur,Swaroop Nagar,ZONE,General Physician
Kanpur,Kanpur-Cityinventory,SUPERZONE,General Physician
Karimganj,Karimganj-Cityinventory,SUPERZONE,General Physician
Karimganj,Karimganj-Cityinventory,SUPERZONE,General Physician
Karimnagar,Karimnagar-Cityinventory,SUPERZONE,General Dermatology
Karimnagar,Karimnagar-Cityinventory,SUPERZONE,Orthopaedics
Karimnagar,Karimnagar-Cityinventory,SUPERZONE,General Physician
Karimnagar,Karimnagar-Cityinventory,SUPERZONE,General Dermatology
Karimnagar,Karimnagar-Cityinventory,SUPERZONE,General Physician
Karimnagar,Karimnagar-Cityinventory,SUPERZONE,Orthopaedics
Karnal,Karnal-Cityinventory,SUPERZONE,Gastroenterologist
Karnal,Karnal-Cityinventory,SUPERZONE,General Physician
Karnal,Karnal-Cityinventory,SUPERZONE,General Dermatology
Karnal,Karnal-Cityinventory,SUPERZONE,General Physician
Karnal,Karnal-Cityinventory,SUPERZONE,General Dermatology
Karnal,Karnal-Cityinventory,SUPERZONE,Gastroenterologist
Karur,Karur-Cityinventory,SUPERZONE,General Physician
Karur,Karur-Cityinventory,SUPERZONE,General Physician
Khammam,Khammam-Cityinventory,SUPERZONE,General Dermatology
Khammam,Khammam-Cityinventory,SUPERZONE,General Physician
Khammam,Khammam-Cityinventory,SUPERZONE,General Dermatology
Khammam,Khammam-Cityinventory,SUPERZONE,General Physician
Kolhapur,Kolhapur-Cityinventory,SUPERZONE,Sexologist
Kolhapur,Kolhapur-Cityinventory,SUPERZONE,Hair Transplant
Kolhapur,Kolhapur-Cityinventory,SUPERZONE,General Ophthalmology
Kolhapur,Kolhapur-Cityinventory,SUPERZONE,General Dentistry
Kolhapur,Kolhapur-Cityinventory,SUPERZONE,ENT
Kolhapur,Kolhapur-Cityinventory,SUPERZONE,General Gynecology
Kolhapur,Kolhapur-Cityinventory,SUPERZONE,General Psychiatry
Kolhapur,Kolhapur-Cityinventory,SUPERZONE,General Physician
Kolhapur,Kolhapur-Cityinventory,SUPERZONE,General Dermatology
Kolhapur,Kolhapur-Cityinventory,SUPERZONE,General Alt Medicine
Kolhapur,Kolhapur-Cityinventory,SUPERZONE,General Dentistry
Kolhapur,Kolhapur-Cityinventory,SUPERZONE,General Psychiatry
Kolhapur,Kolhapur-Cityinventory,SUPERZONE,Sexologist
Kolhapur,Kolhapur-Cityinventory,SUPERZONE,General Dermatology
Kolhapur,Kolhapur-Cityinventory,SUPERZONE,Hair Transplant
Kolhapur,Kolhapur-Cityinventory,SUPERZONE,ENT
Kolhapur,Kolhapur-Cityinventory,SUPERZONE,General Physician
Kolhapur,Kolhapur-Cityinventory,SUPERZONE,General Ophthalmology
Kolhapur,Kolhapur-Cityinventory,SUPERZONE,General Gynecology
Kolkata,Kolkata-Cityinventory,SUPERZONE,General Dermatology
Kolkata,Santoshpur,ZONE,Nephrologist
Kolkata,Park street,ZONE,General Physician
Kolkata,Gariahat,ZONE,Orthopaedics
Kolkata,Bhowanipore,ZONE,Sexologist
Kolkata,Gariahat,ZONE,General Dermatology
Kolkata,Jadavpur,ZONE,Orthopaedics
Kolkata,Dum dum,ZONE,Cardiologist
Kolkata,Tollygunge,ZONE,General Psychiatry
Kolkata,Kolkata-Cityinventory,SUPERZONE,Orthopaedics
Kolkata,Bhowanipore,ZONE,Orthopaedics
Kolkata,Bhowanipore,ZONE,Cardiologist
Kolkata,Salt lake,ZONE,Pulmonologist
Kolkata,Dum dum,ZONE,Gastroenterologist
Kolkata,Tollygunge,ZONE,General Ophthalmology
Kolkata,Dum dum,ZONE,Urologist
Kolkata,Salt lake,ZONE,Nephrologist
Kolkata,Central,ZONE,General Dermatology
Kolkata,Kolkata-Cityinventory,SUPERZONE,General Dermatology
Kolkata,Tollygunge,ZONE,General Gynecology
Kolkata,Salt lake,ZONE,General Dentistry
Kolkata,Jadavpur,ZONE,General Gynecology
Kolkata,Tollygunge,ZONE,Homeopathy
Kolkata,Tollygunge,ZONE,ENT
Kolkata,Kolkata-Cityinventory,SUPERZONE,Oncologist
Kolkata,Salt lake,ZONE,Cardiologist
Kolkata,Central,ZONE,General Alt Medicine
Kolkata,Dum dum,ZONE,Physiotherapist
Kolkata,Kolkata-Cityinventory,SUPERZONE,Gastroenterologist
Kolkata,Gariahat,ZONE,General Gynecology
Kolkata,Dum dum,ZONE,Hair Transplant
Kolkata,Jadavpur,ZONE,Sexologist
Kolkata,Kolkata-Cityinventory,SUPERZONE,General Dentistry
Kolkata,Santoshpur,ZONE,General Psychiatry
Kolkata,Gariahat,ZONE,General Pediatrics
Kolkata,Bhowanipore,ZONE,Homeopathy
Kolkata,Jadavpur,ZONE,Neurologist
Kolkata,Santoshpur,ZONE,Oncologist
Kolkata,Bhowanipore,ZONE,General Alt Medicine
Kolkata,Jadavpur,ZONE,Gastroenterologist
Kolkata,Dum dum,ZONE,General Physician
Kolkata,Tollygunge,ZONE,Urologist
Kolkata,Salt lake,ZONE,Oncologist
Kolkata,Jadavpur,ZONE,General Dermatology
Kolkata,Kolkata-Cityinventory,SUPERZONE,Physiotherapist
Kolkata,Bhowanipore,ZONE,Hair Transplant
Kolkata,Jadavpur,ZONE,General Ophthalmology
Kolkata,Tollygunge,ZONE,General Physician
Kolkata,Gariahat,ZONE,General Alt Medicine
Kolkata,Santoshpur,ZONE,General Gynecology
Kolkata,Park street,ZONE,General Psychiatry
Kolkata,Santoshpur,ZONE,General Ophthalmology
Kolkata,Gariahat,ZONE,Gastroenterologist
Kolkata,Tollygunge,ZONE,General Dentistry
Kolkata,Salt lake,ZONE,General Alt Medicine
Kolkata,Bhowanipore,ZONE,General Gynecology
Kolkata,Jadavpur,ZONE,Cardiologist
Kolkata,Salt lake,ZONE,Neurologist
Kolkata,Gariahat,ZONE,General Psychiatry
Kolkata,Tollygunge,ZONE,Endocrinologist
Kolkata,Kolkata-Cityinventory,SUPERZONE,General Physician
Kolkata,Salt lake,ZONE,General Ophthalmology
Kolkata,Santoshpur,ZONE,General Dermatology
Kolkata,Kolkata-Cityinventory,SUPERZONE,General Psychiatry
Kolkata,Kolkata-Cityinventory,SUPERZONE,Hair Transplant
Kolkata,Kolkata-Cityinventory,SUPERZONE,Allergist/Immunologist
Kolkata,Salt lake,ZONE,Endocrinologist
Kolkata,Kolkata-Cityinventory,SUPERZONE,General Surgeon
Kolkata,Dum dum,ZONE,Endocrinologist
Kolkata,Salt lake,ZONE,Cosmetic/Plastic Surgeon
Kolkata,Kolkata-Cityinventory,SUPERZONE,General Alt Medicine
Kolkata,Santoshpur,ZONE,Sexologist
Kolkata,Central,ZONE,Orthopaedics
Kolkata,Santoshpur,ZONE,General Physician
Kolkata,Jadavpur,ZONE,General Physician
Kolkata,Park street,ZONE,General Pediatrics
Kolkata,Salt lake,ZONE,ENT
Kolkata,Kolkata-Cityinventory,SUPERZONE,Cardiologist
Kolkata,Salt lake,ZONE,Homeopathy
Kolkata,Santoshpur,ZONE,General Alt Medicine
Kolkata,Tollygunge,ZONE,Orthopaedics
Kolkata,Central,ZONE,General Dentistry
Kolkata,Bhowanipore,ZONE,General Dentistry
Kolkata,Jadavpur,ZONE,Urologist
Kolkata,Salt lake,ZONE,General Physician
Kolkata,Dum dum,ZONE,Orthopaedics
Kolkata,Santoshpur,ZONE,Endocrinologist
Kolkata,Kolkata-Cityinventory,SUPERZONE,Dietitian
Kolkata,Park street,ZONE,General Alt Medicine
Kolkata,Kolkata-Cityinventory,SUPERZONE,Hematologist
Kolkata,Park street,ZONE,ENT
Kolkata,Dum dum,ZONE,Pulmonologist
Kolkata,Dum dum,ZONE,Nephrologist
Kolkata,Kolkata-Cityinventory,SUPERZONE,Radiology
Kolkata,Santoshpur,ZONE,Cosmetic/Plastic Surgeon
Kolkata,Tollygunge,ZONE,Gastroenterologist
Kolkata,Santoshpur,ZONE,Urologist
Kolkata,Central,ZONE,General Physician
Kolkata,Gariahat,ZONE,General Physician
Kolkata,Central,ZONE,Endocrinologist
Kolkata,Bhowanipore,ZONE,General Psychiatry
Kolkata,Park street,ZONE,General Dentistry
Kolkata,Central,ZONE,Sexologist
Kolkata,Gariahat,ZONE,Sexologist
Kolkata,Park street,ZONE,Sexologist
Kolkata,Kolkata-Cityinventory,SUPERZONE,Cosmetic/Plastic Surgeon
Kolkata,Salt lake,ZONE,General Pediatrics
Kolkata,Tollygunge,ZONE,General Pediatrics
Kolkata,Santoshpur,ZONE,Cardiologist
Kolkata,Santoshpur,ZONE,General Pediatrics
Kolkata,Salt lake,ZONE,Sexologist
Kolkata,Dum dum,ZONE,General Gynecology
Kolkata,Santoshpur,ZONE,Neurologist
Kolkata,Gariahat,ZONE,General Dentistry
Kolkata,Gariahat,ZONE,General Ophthalmology
Kolkata,Gariahat,ZONE,Urologist
Kolkata,Gariahat,ZONE,Homeopathy
Kolkata,Gariahat,ZONE,Endocrinologist
Kolkata,Bhowanipore,ZONE,Gastroenterologist
Kolkata,Bhowanipore,ZONE,General Dermatology
Kolkata,Salt lake,ZONE,Gastroenterologist
Kolkata,Park street,ZONE,Orthopaedics
Kolkata,Bhowanipore,ZONE,Urologist
Kolkata,Tollygunge,ZONE,Dietitian
Kolkata,Santoshpur,ZONE,Orthopaedics
Kolkata,Salt lake,ZONE,General Dermatology
Kolkata,Bhowanipore,ZONE,Neurologist
Kolkata,Santoshpur,ZONE,General Dentistry
Kolkata,Dum dum,ZONE,Dietitian
Kolkata,Gariahat,ZONE,ENT
Kolkata,Jadavpur,ZONE,General Psychiatry
Kolkata,Salt lake,ZONE,General Psychiatry
Kolkata,Kolkata-Cityinventory,SUPERZONE,General Ophthalmology
Kolkata,Kolkata-Cityinventory,SUPERZONE,Homeopathy
Kolkata,Kolkata-Cityinventory,SUPERZONE,Pulmonologist
Kolkata,Tollygunge,ZONE,General Alt Medicine
Kolkata,Dum dum,ZONE,General Dentistry
Kolkata,Dum dum,ZONE,General Pediatrics
Kolkata,Park street,ZONE,General Gynecology
Kolkata,Kolkata-Cityinventory,SUPERZONE,ENT
Kolkata,Jadavpur,ZONE,General Dentistry
Kolkata,Dum dum,ZONE,Sexologist
Kolkata,Kolkata-Cityinventory,SUPERZONE,Sexologist
Kolkata,Park street,ZONE,Neurologist
Kolkata,Bhowanipore,ZONE,General Physician
Kolkata,Dum dum,ZONE,Neurologist
Kolkata,Kolkata-Cityinventory,SUPERZONE,Veterinarian
Kolkata,Tollygunge,ZONE,General Dermatology
Kolkata,Jadavpur,ZONE,Endocrinologist
Kolkata,Kolkata-Cityinventory,SUPERZONE,Endocrinologist
Kolkata,Central,ZONE,General Psychiatry
Kolkata,Kolkata-Cityinventory,SUPERZONE,General Pediatrics
Kolkata,Santoshpur,ZONE,ENT
Kolkata,Bhowanipore,ZONE,General Ophthalmology
Kolkata,Central,ZONE,ENT
Kolkata,Kolkata-Cityinventory,SUPERZONE,Speech Therapist
Kolkata,Salt lake,ZONE,Urologist
Kolkata,Salt lake,ZONE,General Gynecology
Kolkata,Central,ZONE,General Gynecology
Kolkata,Dum dum,ZONE,General Psychiatry
Kolkata,Tollygunge,ZONE,Sexologist
Kolkata,Santoshpur,ZONE,Pulmonologist
Kolkata,Salt lake,ZONE,Orthopaedics
Kolkata,Dum dum,ZONE,General Ophthalmology
Kolkata,Santoshpur,ZONE,Gastroenterologist
Kolkata,Jadavpur,ZONE,ENT
Kolkata,Dum dum,ZONE,Homeopathy
Kolkata,Jadavpur,ZONE,General Alt Medicine
Kolkata,Kolkata-Cityinventory,SUPERZONE,Nephrologist
Kolkata,Bhowanipore,ZONE,ENT
Kolkata,Dum dum,ZONE,ENT
Kolkata,Kolkata-Cityinventory,SUPERZONE,General Gynecology
Kolkata,Dum dum,ZONE,General Dermatology
Kolkata,Park street,ZONE,General Dermatology
Kolkata,Bhowanipore,ZONE,General Pediatrics
Kolkata,Kolkata-Cityinventory,SUPERZONE,Neurologist
Kolkata,Santoshpur,ZONE,Hematologist
Kolkata,Kolkata-Cityinventory,SUPERZONE,Urologist
Kolkata,Dum dum,ZONE,General Alt Medicine
Kolkata,Kolkata-Cityinventory,SUPERZONE,Cosmetic/Plastic Surgeon
Kolkata,Gariahat,ZONE,Gastroenterologist
Kolkata,Bhowanipore,ZONE,General Dentistry
Kolkata,Dum dum,ZONE,General Pediatrics
Kolkata,Salt lake,ZONE,ENT
Kolkata,Central,ZONE,General Dentistry
Kolkata,Gariahat,ZONE,General Physician
Kolkata,Kolkata-Cityinventory,SUPERZONE,General Dermatology
Kolkata,Kolkata-Cityinventory,SUPERZONE,Sexologist
Kolkata,Santoshpur,ZONE,ENT
Kolkata,Central,ZONE,General Gynecology
Kolkata,Dum dum,ZONE,Hair Transplant
Kolkata,Santoshpur,ZONE,Cardiologist
Kolkata,Bhowanipore,ZONE,General Gynecology
Kolkata,Tollygunge,ZONE,General Physician
Kolkata,Santoshpur,ZONE,Oncologist
Kolkata,Dum dum,ZONE,Pulmonologist
Kolkata,Jadavpur,ZONE,Urologist
Kolkata,Park street,ZONE,General Dentistry
Kolkata,Kolkata-Cityinventory,SUPERZONE,Cardiologist
Kolkata,Central,ZONE,Sexologist
Kolkata,Jadavpur,ZONE,Cardiologist
Kolkata,Santoshpur,ZONE,Urologist
Kolkata,Park street,ZONE,General Pediatrics
Kolkata,Kolkata-Cityinventory,SUPERZONE,Dietitian
Kolkata,Kolkata-Cityinventory,SUPERZONE,Speech Therapist
Kolkata,Santoshpur,ZONE,General Ophthalmology
Kolkata,Bhowanipore,ZONE,General Dermatology
Kolkata,Gariahat,ZONE,Homeopathy
Kolkata,Santoshpur,ZONE,General Psychiatry
Kolkata,Santoshpur,ZONE,General Gynecology
Kolkata,Kolkata-Cityinventory,SUPERZONE,Hair Transplant
Kolkata,Jadavpur,ZONE,Neurologist
Kolkata,Salt lake,ZONE,General Alt Medicine
Kolkata,Tollygunge,ZONE,General Ophthalmology
Kolkata,Park street,ZONE,General Alt Medicine
Kolkata,Park street,ZONE,General Gynecology
Kolkata,Salt lake,ZONE,Oncologist
Kolkata,Kolkata-Cityinventory,SUPERZONE,Allergist/Immunologist
Kolkata,Santoshpur,ZONE,Orthopaedics
Kolkata,Park street,ZONE,Sexologist
Kolkata,Kolkata-Cityinventory,SUPERZONE,Homeopathy
Kolkata,Dum dum,ZONE,General Physician
Kolkata,Tollygunge,ZONE,General Psychiatry
Kolkata,Dum dum,ZONE,Homeopathy
Kolkata,Salt lake,ZONE,Sexologist
Kolkata,Salt lake,ZONE,General Dermatology
Kolkata,Kolkata-Cityinventory,SUPERZONE,Orthopaedics
Kolkata,Bhowanipore,ZONE,General Physician
Kolkata,Kolkata-Cityinventory,SUPERZONE,Veterinarian
Kolkata,Bhowanipore,ZONE,Urologist
Kolkata,Dum dum,ZONE,Physiotherapist
Kolkata,Dum dum,ZONE,General Psychiatry
Kolkata,Salt lake,ZONE,General Pediatrics
Kolkata,Central,ZONE,ENT
Kolkata,Salt lake,ZONE,Pulmonologist
Kolkata,Santoshpur,ZONE,General Alt Medicine
Kolkata,Jadavpur,ZONE,Sexologist
Kolkata,Kolkata-Cityinventory,SUPERZONE,General Dentistry
Kolkata,Santoshpur,ZONE,General Dermatology
Kolkata,Dum dum,ZONE,General Alt Medicine
Kolkata,Gariahat,ZONE,General Psychiatry
Kolkata,Central,ZONE,General Alt Medicine
Kolkata,Central,ZONE,General Psychiatry
Kolkata,Tollygunge,ZONE,General Dermatology
Kolkata,Tollygunge,ZONE,General Dentistry
Kolkata,Salt lake,ZONE,Gastroenterologist
Kolkata,Jadavpur,ZONE,General Psychiatry
Kolkata,Jadavpur,ZONE,Orthopaedics
Kolkata,Kolkata-Cityinventory,SUPERZONE,General Pediatrics
Kolkata,Santoshpur,ZONE,Cosmetic/Plastic Surgeon
Kolkata,Tollygunge,ZONE,Orthopaedics
Kolkata,Salt lake,ZONE,Nephrologist
Kolkata,Salt lake,ZONE,General Dentistry
Kolkata,Santoshpur,ZONE,Neurologist
Kolkata,Kolkata-Cityinventory,SUPERZONE,Endocrinologist
Kolkata,Jadavpur,ZONE,ENT
Kolkata,Dum dum,ZONE,General Dermatology
Kolkata,Dum dum,ZONE,Cardiologist
Kolkata,Gariahat,ZONE,General Dermatology
Kolkata,Central,ZONE,Orthopaedics
Kolkata,Santoshpur,ZONE,General Physician
Kolkata,Tollygunge,ZONE,Sexologist
Kolkata,Kolkata-Cityinventory,SUPERZONE,ENT
Kolkata,Gariahat,ZONE,ENT
Kolkata,Kolkata-Cityinventory,SUPERZONE,General Ophthalmology
Kolkata,Park street,ZONE,General Dermatology
Kolkata,Bhowanipore,ZONE,General Alt Medicine
Kolkata,Tollygunge,ZONE,ENT
Kolkata,Dum dum,ZONE,ENT
Kolkata,Jadavpur,ZONE,Endocrinologist
Kolkata,Tollygunge,ZONE,General Pediatrics
Kolkata,Central,ZONE,General Dermatology
Kolkata,Salt lake,ZONE,General Physician
Kolkata,Bhowanipore,ZONE,Homeopathy
Kolkata,Santoshpur,ZONE,Endocrinologist
Kolkata,Dum dum,ZONE,Orthopaedics
Kolkata,Santoshpur,ZONE,Pulmonologist
Kolkata,Kolkata-Cityinventory,SUPERZONE,General Surgeon
Kolkata,Gariahat,ZONE,Sexologist
Kolkata,Tollygunge,ZONE,Homeopathy
Kolkata,Bhowanipore,ZONE,Hair Transplant
Kolkata,Tollygunge,ZONE,Endocrinologist
Kolkata,Dum dum,ZONE,Sexologist
Kolkata,Jadavpur,ZONE,General Alt Medicine
Kolkata,Salt lake,ZONE,Urologist
Kolkata,Tollygunge,ZONE,Urologist
Kolkata,Tollygunge,ZONE,General Gynecology
Kolkata,Gariahat,ZONE,General Pediatrics
Kolkata,Gariahat,ZONE,General Gynecology
Kolkata,Gariahat,ZONE,General Alt Medicine
Kolkata,Bhowanipore,ZONE,Cardiologist
Kolkata,Gariahat,ZONE,Urologist
Kolkata,Jadavpur,ZONE,General Gynecology
Kolkata,Salt lake,ZONE,Orthopaedics
Kolkata,Dum dum,ZONE,General Gynecology
Kolkata,Kolkata-Cityinventory,SUPERZONE,Physiotherapist
Kolkata,Dum dum,ZONE,Dietitian
Kolkata,Gariahat,ZONE,Orthopaedics
Kolkata,Kolkata-Cityinventory,SUPERZONE,General Physician
Kolkata,Jadavpur,ZONE,General Dermatology
Kolkata,Salt lake,ZONE,Neurologist
Kolkata,Dum dum,ZONE,General Dentistry
Kolkata,Santoshpur,ZONE,General Dentistry
Kolkata,Santoshpur,ZONE,General Pediatrics
Kolkata,Dum dum,ZONE,General Ophthalmology
Kolkata,Dum dum,ZONE,Nephrologist
Kolkata,Park street,ZONE,General Physician
Kolkata,Central,ZONE,General Physician
Kolkata,Jadavpur,ZONE,General Dentistry
Kolkata,Kolkata-Cityinventory,SUPERZONE,Hematologist
Kolkata,Santoshpur,ZONE,Sexologist
Kolkata,Tollygunge,ZONE,Gastroenterologist
Kolkata,Kolkata-Cityinventory,SUPERZONE,General Gynecology
Kolkata,Jadavpur,ZONE,General Physician
Kolkata,Santoshpur,ZONE,Hematologist
Kolkata,Bhowanipore,ZONE,Sexologist
Kolkata,Kolkata-Cityinventory,SUPERZONE,Nephrologist
Kolkata,Jadavpur,ZONE,Gastroenterologist
Kolkata,Santoshpur,ZONE,Gastroenterologist
Kolkata,Salt lake,ZONE,General Psychiatry
Kolkata,Park street,ZONE,General Psychiatry
Kolkata,Dum dum,ZONE,Urologist
Kolkata,Kolkata-Cityinventory,SUPERZONE,Neurologist
Kolkata,Dum dum,ZONE,Gastroenterologist
Kolkata,Bhowanipore,ZONE,ENT
Kolkata,Kolkata-Cityinventory,SUPERZONE,Radiology
Kolkata,Tollygunge,ZONE,Dietitian
Kolkata,Salt lake,ZONE,Cosmetic/Plastic Surgeon
Kolkata,Kolkata-Cityinventory,SUPERZONE,General Psychiatry
Kolkata,Salt lake,ZONE,General Gynecology
Kolkata,Kolkata-Cityinventory,SUPERZONE,Urologist
Kolkata,Kolkata-Cityinventory,SUPERZONE,Gastroenterologist
Kolkata,Bhowanipore,ZONE,Orthopaedics
Kolkata,Bhowanipore,ZONE,General Pediatrics
Kolkata,Dum dum,ZONE,Endocrinologist
Kolkata,Kolkata-Cityinventory,SUPERZONE,Pulmonologist
Kolkata,Dum dum,ZONE,Neurologist
Kolkata,Central,ZONE,Endocrinologist
Kolkata,Bhowanipore,ZONE,Gastroenterologist
Kolkata,Salt lake,ZONE,Cardiologist
Kolkata,Gariahat,ZONE,General Dentistry
Kolkata,Salt lake,ZONE,General Ophthalmology
Kolkata,Kolkata-Cityinventory,SUPERZONE,General Alt Medicine
Kolkata,Bhowanipore,ZONE,General Psychiatry
Kolkata,Tollygunge,ZONE,General Alt Medicine
Kolkata,Salt lake,ZONE,Endocrinologist
Kolkata,Santoshpur,ZONE,Nephrologist
Kolkata,Kolkata-Cityinventory,SUPERZONE,Oncologist
Kolkata,Gariahat,ZONE,Endocrinologist
Kollam,Kollam-Cityinventory,SUPERZONE,General Physician
Kollam,Kollam-Cityinventory,SUPERZONE,General Physician
Kota,Kota-Cityinventory,SUPERZONE,General Gynecology
Kota,Kota-Cityinventory,SUPERZONE,General Surgeon
Kota,Kota-Cityinventory,SUPERZONE,General Psychiatry
Kota,Kota-Cityinventory,SUPERZONE,Hair Transplant
Kota,Kota-Cityinventory,SUPERZONE,General Alt Medicine
Kota,Kota-Cityinventory,SUPERZONE,General Dentistry
Kota,Kota-Cityinventory,SUPERZONE,Cosmetic/Plastic Surgeon
Kota,Kota-Cityinventory,SUPERZONE,General Physician
Kota,Kota-Cityinventory,SUPERZONE,General Dermatology
Kota,Kota-Cityinventory,SUPERZONE,Gastroenterologist
Kota,Kota-Cityinventory,SUPERZONE,Pulmonologist
Kota,Kota-Cityinventory,SUPERZONE,General Ophthalmology
Kota,Kota-Cityinventory,SUPERZONE,Orthopaedics
Kota,Kota-Cityinventory,SUPERZONE,ENT
Kota,Kota-Cityinventory,SUPERZONE,Sexologist
Kota,Kota-Cityinventory,SUPERZONE,Orthopaedics
Kota,Kota-Cityinventory,SUPERZONE,Hair Transplant
Kota,Kota-Cityinventory,SUPERZONE,Sexologist
Kota,Kota-Cityinventory,SUPERZONE,Cosmetic/Plastic Surgeon
Kota,Kota-Cityinventory,SUPERZONE,General Alt Medicine
Kota,Kota-Cityinventory,SUPERZONE,General Surgeon
Kota,Kota-Cityinventory,SUPERZONE,Gastroenterologist
Kota,Kota-Cityinventory,SUPERZONE,ENT
Kota,Kota-Cityinventory,SUPERZONE,General Dermatology
Kota,Kota-Cityinventory,SUPERZONE,General Ophthalmology
Kota,Kota-Cityinventory,SUPERZONE,Pulmonologist
Kota,Kota-Cityinventory,SUPERZONE,General Psychiatry
Kota,Kota-Cityinventory,SUPERZONE,General Dentistry
Kota,Kota-Cityinventory,SUPERZONE,General Physician
Kota,Kota-Cityinventory,SUPERZONE,General Gynecology
Kottayam,Kottayam-Cityinventory,SUPERZONE,General Dentistry
Kottayam,Kottayam-Cityinventory,SUPERZONE,Hair Transplant
Kottayam,Kottayam-Cityinventory,SUPERZONE,General Physician
Kottayam,Kottayam-Cityinventory,SUPERZONE,General Dermatology
Kottayam,Kottayam-Cityinventory,SUPERZONE,Hair Transplant
Kottayam,Kottayam-Cityinventory,SUPERZONE,General Dentistry
Kottayam,Kottayam-Cityinventory,SUPERZONE,General Physician
Kottayam,Kottayam-Cityinventory,SUPERZONE,General Dermatology
Kottayam,Kottayam,ZONE,General Physician
Kottayam,Kottayam,ZONE,General Dermatology
Kozhikode,Kozhikode,ZONE,General Dentistry
Kozhikode,Kozhikode-Cityinventory,SUPERZONE,Sexologist
Kozhikode,Kozhikode-Cityinventory,SUPERZONE,General Dentistry
Kozhikode,Kozhikode-Cityinventory,SUPERZONE,General Psychiatry
Kozhikode,Kozhikode-Cityinventory,SUPERZONE,General Dermatology
Kozhikode,Kozhikode-Cityinventory,SUPERZONE,General Physician
Kozhikode,Kozhikode-Cityinventory,SUPERZONE,Gastroenterologist
Kozhikode,Kozhikode,ZONE,General Physician
Kozhikode,Kozhikode,ZONE,General Dermatology
Kozhikode,Kozhikode-Cityinventory,SUPERZONE,Hair Transplant
Kozhikode,Kozhikode-Cityinventory,SUPERZONE,Gastroenterologist
Kozhikode,Kozhikode-Cityinventory,SUPERZONE,General Physician
Kozhikode,Kozhikode-Cityinventory,SUPERZONE,Hair Transplant
Kozhikode,Kozhikode-Cityinventory,SUPERZONE,Sexologist
Kozhikode,Kozhikode-Cityinventory,SUPERZONE,General Psychiatry
Kozhikode,Kozhikode,ZONE,General Dentistry
Kozhikode,Kozhikode-Cityinventory,SUPERZONE,General Dermatology
Kozhikode,Kozhikode-Cityinventory,SUPERZONE,General Dentistry
Kozhikode,Kozhikode,ZONE,General Dermatology
Kozhikode,Kozhikode,ZONE,General Physician
Kurnool,Kurnool-Cityinventory,SUPERZONE,Urologist
Kurnool,Kurnool-Cityinventory,SUPERZONE,Gastroenterologist
Kurnool,Kurnool-Cityinventory,SUPERZONE,Sexologist
Kurnool,Kurnool-Cityinventory,SUPERZONE,General Gynecology
Kurnool,Kurnool-Cityinventory,SUPERZONE,General Pediatrics
Kurnool,Kurnool-Cityinventory,SUPERZONE,ENT
Kurnool,Kurnool-Cityinventory,SUPERZONE,General Dentistry
Kurnool,Kurnool-Cityinventory,SUPERZONE,Orthopaedics
Kurnool,Kurnool-Cityinventory,SUPERZONE,General Physician
Kurnool,Kurnool-Cityinventory,SUPERZONE,ENT
Kurnool,Kurnool-Cityinventory,SUPERZONE,Gastroenterologist
Kurnool,Kurnool-Cityinventory,SUPERZONE,Sexologist
Kurnool,Kurnool-Cityinventory,SUPERZONE,General Dentistry
Kurnool,Kurnool-Cityinventory,SUPERZONE,General Physician
Kurnool,Kurnool-Cityinventory,SUPERZONE,General Gynecology
Kurnool,Kurnool-Cityinventory,SUPERZONE,General Pediatrics
Kurnool,Kurnool-Cityinventory,SUPERZONE,Urologist
Kurnool,Kurnool-Cityinventory,SUPERZONE,Orthopaedics
Lucknow,Hazratganj,ZONE,General Dermatology
Lucknow,Vikas Nagar,ZONE,General Dermatology
Lucknow,Gomtinagar,ZONE,General Physician
Lucknow,Lucknow-Cityinventory,SUPERZONE,General Surgeon
Lucknow,Aliganj,ZONE,General Dermatology
Lucknow,Gomtinagar,ZONE,General Gynecology
Lucknow,Vikas Nagar,ZONE,General Dentistry
Lucknow,Lucknow-Cityinventory,SUPERZONE,Nephrologist
Lucknow,Hazratganj,ZONE,General Physician
Lucknow,Aliganj,ZONE,General Dentistry
Lucknow,Gomtinagar,ZONE,Pulmonologist
Lucknow,Indranagar,ZONE,ENT
Lucknow,Hazratganj,ZONE,General Pediatrics
Lucknow,Ashiyana,ZONE,Cardiologist
Lucknow,Gomtinagar,ZONE,Sexologist
Lucknow,Indranagar,ZONE,General Pediatrics
Lucknow,Ashiyana,ZONE,General Gynecology
Lucknow,Gomtinagar,ZONE,General Alt Medicine
Lucknow,Hazratganj,ZONE,Urologist
Lucknow,Lucknow-Cityinventory,SUPERZONE,General Alt Medicine
Lucknow,Aliganj,ZONE,Urologist
Lucknow,Ashiyana,ZONE,Homeopathy
Lucknow,Ashiyana,ZONE,Orthopaedics
Lucknow,Ashiyana,ZONE,Urologist
Lucknow,Indranagar,ZONE,General Gynecology
Lucknow,Lucknow-Cityinventory,SUPERZONE,General Physician
Lucknow,Gomtinagar,ZONE,General Ophthalmology
Lucknow,Lucknow-Cityinventory,SUPERZONE,General Dentistry
Lucknow,Lucknow-Cityinventory,SUPERZONE,General Pediatrics
Lucknow,Ashiyana,ZONE,ENT
Lucknow,Indranagar,ZONE,Gastroenterologist
Lucknow,Lucknow-Cityinventory,SUPERZONE,Speech Therapist
Lucknow,Indranagar,ZONE,Neurologist
Lucknow,Lucknow-Cityinventory,SUPERZONE,Cardiologist
Lucknow,Lucknow-Cityinventory,SUPERZONE,Dietitian
Lucknow,Gomtinagar,ZONE,General Dentistry
Lucknow,Aliganj,ZONE,General Ophthalmology
Lucknow,Aliganj,ZONE,General Physician
Lucknow,Hazratganj,ZONE,General Psychiatry
Lucknow,Aliganj,ZONE,Sexologist
Lucknow,Ashiyana,ZONE,Nephrologist
Lucknow,Lucknow-Cityinventory,SUPERZONE,Veterinarian
Lucknow,Ashiyana,ZONE,General Dentistry
Lucknow,Lucknow-Cityinventory,SUPERZONE,General Psychiatry
Lucknow,Indranagar,ZONE,General Psychiatry
Lucknow,Indranagar,ZONE,General Surgeon
Lucknow,Indranagar,ZONE,General Physician
Lucknow,Gomtinagar,ZONE,Urologist
Lucknow,Lucknow-Cityinventory,SUPERZONE,General Ophthalmology
Lucknow,Indranagar,ZONE,General Dentistry
Lucknow,Hazratganj,ZONE,Gastroenterologist
Lucknow,Lucknow-Cityinventory,SUPERZONE,Cosmetic/Plastic Surgeon
Lucknow,Ashiyana,ZONE,General Pediatrics
Lucknow,Ashiyana,ZONE,General Ophthalmology
Lucknow,Lucknow-Cityinventory,SUPERZONE,ENT
Lucknow,Ashiyana,ZONE,Neurologist
Lucknow,Lucknow-Cityinventory,SUPERZONE,Hair Transplant
Lucknow,Hazratganj,ZONE,Physiotherapist
Lucknow,Aliganj,ZONE,Neurologist
Lucknow,Hazratganj,ZONE,ENT
Lucknow,Hazratganj,ZONE,Orthopaedics
Lucknow,Aliganj,ZONE,Gastroenterologist
Lucknow,Vikas Nagar,ZONE,ENT
Lucknow,Lucknow-Cityinventory,SUPERZONE,Urologist
Lucknow,Vikas Nagar,ZONE,General Pediatrics
Lucknow,Gomtinagar,ZONE,Orthopaedics
Lucknow,Ashiyana,ZONE,Physiotherapist
Lucknow,Hazratganj,ZONE,General Gynecology
Lucknow,Vikas Nagar,ZONE,General Physician
Lucknow,Gomtinagar,ZONE,Neurologist
Lucknow,Lucknow-Cityinventory,SUPERZONE,Endocrinologist
Lucknow,Lucknow-Cityinventory,SUPERZONE,Orthopaedics
Lucknow,Lucknow-Cityinventory,SUPERZONE,Homeopathy
Lucknow,Lucknow-Cityinventory,SUPERZONE,General Dermatology
Lucknow,Aliganj,ZONE,Orthopaedics
Lucknow,Ashiyana,ZONE,Gastroenterologist
Lucknow,Hazratganj,ZONE,General Alt Medicine
Lucknow,Ashiyana,ZONE,Cosmetic/Plastic Surgeon
Lucknow,Hazratganj,ZONE,Cardiologist
Lucknow,Ashiyana,ZONE,Endocrinologist
Lucknow,Gomtinagar,ZONE,Physiotherapist
Lucknow,Indranagar,ZONE,Orthopaedics
Lucknow,Gomtinagar,ZONE,General Psychiatry
Lucknow,Vikas Nagar,ZONE,General Gynecology
Lucknow,Aliganj,ZONE,Physiotherapist
Lucknow,Lucknow-Cityinventory,SUPERZONE,Sexologist
Lucknow,Lucknow-Cityinventory,SUPERZONE,Oncologist
Lucknow,Aliganj,ZONE,ENT
Lucknow,Aliganj,ZONE,General Surgeon
Lucknow,Ashiyana,ZONE,General Physician
Lucknow,Vikas Nagar,ZONE,General Ophthalmology
Lucknow,Gomtinagar,ZONE,Gastroenterologist
Lucknow,Hazratganj,ZONE,Homeopathy
Lucknow,Gomtinagar,ZONE,ENT
Lucknow,Hazratganj,ZONE,General Dentistry
Lucknow,Ashiyana,ZONE,General Dermatology
Lucknow,Lucknow-Cityinventory,SUPERZONE,Gastroenterologist
Lucknow,Hazratganj,ZONE,General Ophthalmology
Lucknow,Gomtinagar,ZONE,General Pediatrics
Lucknow,Ashiyana,ZONE,Pulmonologist
Lucknow,Lucknow-Cityinventory,SUPERZONE,Pulmonologist
Lucknow,Hazratganj,ZONE,Sexologist
Lucknow,Ashiyana,ZONE,General Psychiatry
Lucknow,Indranagar,ZONE,Sexologist
Lucknow,Hazratganj,ZONE,Pulmonologist
Lucknow,Lucknow-Cityinventory,SUPERZONE,Physiotherapist
Lucknow,Aliganj,ZONE,General Psychiatry
Lucknow,Ashiyana,ZONE,General Alt Medicine
Lucknow,Indranagar,ZONE,General Alt Medicine
Lucknow,Aliganj,ZONE,General Pediatrics
Lucknow,Gomtinagar,ZONE,General Dermatology
Lucknow,Gomtinagar,ZONE,Homeopathy
Lucknow,Indranagar,ZONE,General Ophthalmology
Lucknow,Ashiyana,ZONE,Sexologist
Lucknow,Vikas Nagar,ZONE,Sexologist
Lucknow,Aliganj,ZONE,General Gynecology
Lucknow,Lucknow-Cityinventory,SUPERZONE,Neurologist
Lucknow,Indranagar,ZONE,General Dermatology
Lucknow,Lucknow-Cityinventory,SUPERZONE,General Gynecology
Lucknow,Vikas Nagar,ZONE,Orthopaedics
Lucknow,Ashiyana,ZONE,General Surgeon
Lucknow,Ashiyana,ZONE,Oncologist
Lucknow,Hazratganj,ZONE,Neurologist
Lucknow,Gomtinagar,ZONE,General Physician
Lucknow,Aliganj,ZONE,General Dermatology
Lucknow,Lucknow-Cityinventory,SUPERZONE,Urologist
Lucknow,Gomtinagar,ZONE,General Ophthalmology
Lucknow,Hazratganj,ZONE,Pulmonologist
Lucknow,Aliganj,ZONE,General Ophthalmology
Lucknow,Lucknow-Cityinventory,SUPERZONE,ENT
Lucknow,Ashiyana,ZONE,Physiotherapist
Lucknow,Gomtinagar,ZONE,General Dentistry
Lucknow,Lucknow-Cityinventory,SUPERZONE,Veterinarian
Lucknow,Ashiyana,ZONE,General Dentistry
Lucknow,Lucknow-Cityinventory,SUPERZONE,General Dentistry
Lucknow,Lucknow-Cityinventory,SUPERZONE,General Psychiatry
Lucknow,Aliganj,ZONE,General Surgeon
Lucknow,Hazratganj,ZONE,Sexologist
Lucknow,Lucknow-Cityinventory,SUPERZONE,Pulmonologist
Lucknow,Lucknow-Cityinventory,SUPERZONE,General Dermatology
Lucknow,Hazratganj,ZONE,Cardiologist
Lucknow,Lucknow-Cityinventory,SUPERZONE,Neurologist
Lucknow,Aliganj,ZONE,Sexologist
Lucknow,Ashiyana,ZONE,General Physician
Lucknow,Indranagar,ZONE,General Dentistry
Lucknow,Ashiyana,ZONE,Sexologist
Lucknow,Lucknow-Cityinventory,SUPERZONE,General Physician
Lucknow,Lucknow-Cityinventory,SUPERZONE,General Ophthalmology
Lucknow,Gomtinagar,ZONE,Sexologist
Lucknow,Aliganj,ZONE,General Psychiatry
Lucknow,Hazratganj,ZONE,Gastroenterologist
Lucknow,Hazratganj,ZONE,ENT
Lucknow,Indranagar,ZONE,General Dermatology
Lucknow,Ashiyana,ZONE,Nephrologist
Lucknow,Vikas Nagar,ZONE,General Dentistry
Lucknow,Gomtinagar,ZONE,General Alt Medicine
Lucknow,Aliganj,ZONE,Orthopaedics
Lucknow,Hazratganj,ZONE,General Dentistry
Lucknow,Ashiyana,ZONE,Orthopaedics
Lucknow,Gomtinagar,ZONE,Neurologist
Lucknow,Hazratganj,ZONE,Urologist
Lucknow,Gomtinagar,ZONE,Pulmonologist
Lucknow,Hazratganj,ZONE,Neurologist
Lucknow,Ashiyana,ZONE,ENT
Lucknow,Lucknow-Cityinventory,SUPERZONE,General Alt Medicine
Lucknow,Gomtinagar,ZONE,General Dermatology
Lucknow,Vikas Nagar,ZONE,General Physician
Lucknow,Ashiyana,ZONE,General Psychiatry
Lucknow,Vikas Nagar,ZONE,ENT
Lucknow,Lucknow-Cityinventory,SUPERZONE,Homeopathy
Lucknow,Aliganj,ZONE,Neurologist
Lucknow,Lucknow-Cityinventory,SUPERZONE,Sexologist
Lucknow,Hazratganj,ZONE,Homeopathy
Lucknow,Hazratganj,ZONE,General Ophthalmology
Lucknow,Gomtinagar,ZONE,General Gynecology
Lucknow,Vikas Nagar,ZONE,General Gynecology
Lucknow,Lucknow-Cityinventory,SUPERZONE,Nephrologist
Lucknow,Hazratganj,ZONE,Orthopaedics
Lucknow,Ashiyana,ZONE,Oncologist
Lucknow,Ashiyana,ZONE,Cosmetic/Plastic Surgeon
Lucknow,Ashiyana,ZONE,General Dermatology
Lucknow,Ashiyana,ZONE,Urologist
Lucknow,Indranagar,ZONE,Sexologist
Lucknow,Hazratganj,ZONE,General Physician
Lucknow,Aliganj,ZONE,Gastroenterologist
Lucknow,Gomtinagar,ZONE,Urologist
Lucknow,Ashiyana,ZONE,General Alt Medicine
Lucknow,Lucknow-Cityinventory,SUPERZONE,Cardiologist
Lucknow,Lucknow-Cityinventory,SUPERZONE,Oncologist
Lucknow,Indranagar,ZONE,Orthopaedics
Lucknow,Indranagar,ZONE,ENT
Lucknow,Lucknow-Cityinventory,SUPERZONE,General Gynecology
Lucknow,Indranagar,ZONE,General Physician
Lucknow,Lucknow-Cityinventory,SUPERZONE,General Pediatrics
Lucknow,Vikas Nagar,ZONE,Orthopaedics
Lucknow,Ashiyana,ZONE,Neurologist
Lucknow,Lucknow-Cityinventory,SUPERZONE,Gastroenterologist
Lucknow,Hazratganj,ZONE,General Gynecology
Lucknow,Indranagar,ZONE,General Psychiatry
Lucknow,Ashiyana,ZONE,General Pediatrics
Lucknow,Indranagar,ZONE,General Surgeon
Lucknow,Lucknow-Cityinventory,SUPERZONE,General Surgeon
Lucknow,Ashiyana,ZONE,Gastroenterologist
Lucknow,Lucknow-Cityinventory,SUPERZONE,Cosmetic/Plastic Surgeon
Lucknow,Gomtinagar,ZONE,Orthopaedics
Lucknow,Gomtinagar,ZONE,Gastroenterologist
Lucknow,Lucknow-Cityinventory,SUPERZONE,Speech Therapist
Lucknow,Ashiyana,ZONE,General Gynecology
Lucknow,Ashiyana,ZONE,Pulmonologist
Lucknow,Hazratganj,ZONE,General Dermatology
Lucknow,Vikas Nagar,ZONE,General Dermatology
Lucknow,Aliganj,ZONE,General Gynecology
Lucknow,Lucknow-Cityinventory,SUPERZONE,Dietitian
Lucknow,Aliganj,ZONE,Urologist
Lucknow,Ashiyana,ZONE,Cardiologist
Lucknow,Vikas Nagar,ZONE,Sexologist
Lucknow,Ashiyana,ZONE,General Ophthalmology
Lucknow,Ashiyana,ZONE,Endocrinologist
Lucknow,Gomtinagar,ZONE,General Psychiatry
Lucknow,Lucknow-Cityinventory,SUPERZONE,Hair Transplant
Lucknow,Indranagar,ZONE,Gastroenterologist
Lucknow,Aliganj,ZONE,General Pediatrics
Lucknow,Gomtinagar,ZONE,ENT
Lucknow,Aliganj,ZONE,General Physician
Lucknow,Vikas Nagar,ZONE,General Pediatrics
Lucknow,Gomtinagar,ZONE,General Pediatrics
Lucknow,Aliganj,ZONE,ENT
Lucknow,Lucknow-Cityinventory,SUPERZONE,Endocrinologist
Lucknow,Lucknow-Cityinventory,SUPERZONE,Orthopaedics
Lucknow,Hazratganj,ZONE,General Psychiatry
Lucknow,Indranagar,ZONE,General Alt Medicine
Lucknow,Indranagar,ZONE,General Gynecology
Lucknow,Hazratganj,ZONE,General Pediatrics
Lucknow,Lucknow-Cityinventory,SUPERZONE,Physiotherapist
Lucknow,Gomtinagar,ZONE,Homeopathy
Lucknow,Aliganj,ZONE,General Dentistry
Lucknow,Ashiyana,ZONE,General Surgeon
Ludhiana,Ludhiana Zone 3,ZONE,ENT
Ludhiana,Ludhiana Zone 3,ZONE,Orthopaedics
Ludhiana,Ludhiana Zone 3,ZONE,Urologist
Ludhiana,Ludhiana-Cityinventory,SUPERZONE,Urologist
Ludhiana,Ludhiana-Cityinventory,SUPERZONE,Oncologist
Ludhiana,Ludhiana-Cityinventory,SUPERZONE,Cosmetic/Plastic Surgeon
Ludhiana,Ludhiana Zone 1,ZONE,Sexologist
Ludhiana,Ludhiana-Cityinventory,SUPERZONE,General Psychiatry
Ludhiana,Ludhiana-Cityinventory,SUPERZONE,General Pediatrics
Ludhiana,Ludhiana Zone 3,ZONE,General Dentistry
Ludhiana,Ludhiana-Cityinventory,SUPERZONE,Gastroenterologist
Ludhiana,Ludhiana-Cityinventory,SUPERZONE,Cardiologist
Ludhiana,Ludhiana-Cityinventory,SUPERZONE,General Dentistry
Ludhiana,Ludhiana-Cityinventory,SUPERZONE,General Dermatology
Ludhiana,Ludhiana-Cityinventory,SUPERZONE,ENT
Ludhiana,Ludhiana-Cityinventory,SUPERZONE,General Gynecology
Ludhiana,Ludhiana Zone 3,ZONE,General Psychiatry
Ludhiana,Ludhiana Zone 3,ZONE,Gastroenterologist
Ludhiana,Ludhiana-Cityinventory,SUPERZONE,General Ophthalmology
Ludhiana,Ludhiana-Cityinventory,SUPERZONE,Hair Transplant
Ludhiana,Ludhiana-Cityinventory,SUPERZONE,Homeopathy
Ludhiana,Ludhiana-Cityinventory,SUPERZONE,Endocrinologist
Ludhiana,Ludhiana-Cityinventory,SUPERZONE,General Physician
Ludhiana,Ludhiana Zone 3,ZONE,General Physician
Ludhiana,Ludhiana-Cityinventory,SUPERZONE,Neurologist
Ludhiana,Ludhiana Zone 1,ZONE,General Alt Medicine
Ludhiana,Ludhiana-Cityinventory,SUPERZONE,Sexologist
Ludhiana,Ludhiana Zone 3,ZONE,General Gynecology
Ludhiana,Ludhiana Zone 3,ZONE,General Dermatology
Ludhiana,Ludhiana-Cityinventory,SUPERZONE,General Surgeon
Ludhiana,Ludhiana-Cityinventory,SUPERZONE,General Alt Medicine
Ludhiana,Ludhiana-Cityinventory,SUPERZONE,Orthopaedics
Ludhiana,Ludhiana-Cityinventory,SUPERZONE,Physiotherapist
Ludhiana,Ludhiana-Cityinventory,SUPERZONE,Dietitian
Ludhiana,Ludhiana-Cityinventory,SUPERZONE,Pulmonologist
Ludhiana,Ludhiana Zone 3,ZONE,Urologist
Ludhiana,Ludhiana-Cityinventory,SUPERZONE,Oncologist
Ludhiana,Ludhiana-Cityinventory,SUPERZONE,Urologist
Ludhiana,Ludhiana-Cityinventory,SUPERZONE,General Dermatology
Ludhiana,Ludhiana-Cityinventory,SUPERZONE,General Surgeon
Ludhiana,Ludhiana Zone 3,ZONE,General Dermatology
Ludhiana,Ludhiana Zone 3,ZONE,General Dentistry
Ludhiana,Ludhiana-Cityinventory,SUPERZONE,Homeopathy
Ludhiana,Ludhiana-Cityinventory,SUPERZONE,General Gynecology
Ludhiana,Ludhiana-Cityinventory,SUPERZONE,Gastroenterologist
Ludhiana,Ludhiana Zone 3,ZONE,ENT
Ludhiana,Ludhiana-Cityinventory,SUPERZONE,Cardiologist
Ludhiana,Ludhiana-Cityinventory,SUPERZONE,ENT
Ludhiana,Ludhiana-Cityinventory,SUPERZONE,General Ophthalmology
Ludhiana,Ludhiana-Cityinventory,SUPERZONE,General Pediatrics
Ludhiana,Ludhiana-Cityinventory,SUPERZONE,General Alt Medicine
Ludhiana,Ludhiana-Cityinventory,SUPERZONE,General Psychiatry
Ludhiana,Ludhiana Zone 3,ZONE,Orthopaedics
Ludhiana,Ludhiana-Cityinventory,SUPERZONE,Neurologist
Ludhiana,Ludhiana-Cityinventory,SUPERZONE,Orthopaedics
Ludhiana,Ludhiana-Cityinventory,SUPERZONE,Endocrinologist
Ludhiana,Ludhiana-Cityinventory,SUPERZONE,Sexologist
Ludhiana,Ludhiana Zone 3,ZONE,Gastroenterologist
Ludhiana,Ludhiana-Cityinventory,SUPERZONE,Physiotherapist
Ludhiana,Ludhiana Zone 1,ZONE,General Alt Medicine
Ludhiana,Ludhiana-Cityinventory,SUPERZONE,Pulmonologist
Ludhiana,Ludhiana-Cityinventory,SUPERZONE,General Dentistry
Ludhiana,Ludhiana-Cityinventory,SUPERZONE,Dietitian
Ludhiana,Ludhiana Zone 3,ZONE,General Physician
Ludhiana,Ludhiana Zone 3,ZONE,General Gynecology
Ludhiana,Ludhiana Zone 3,ZONE,General Psychiatry
Ludhiana,Ludhiana-Cityinventory,SUPERZONE,Cosmetic/Plastic Surgeon
Ludhiana,Ludhiana-Cityinventory,SUPERZONE,General Physician
Ludhiana,Ludhiana Zone 1,ZONE,Sexologist
Ludhiana,Ludhiana-Cityinventory,SUPERZONE,Hair Transplant
Madurai,Madurai-Cityinventory,SUPERZONE,Cosmetic/Plastic Surgeon
Madurai,Madurai-Cityinventory,SUPERZONE,Pulmonologist
Madurai,Madurai-Cityinventory,SUPERZONE,General Gynecology
Madurai,Madurai,ZONE,General Dentistry
Madurai,Madurai-Cityinventory,SUPERZONE,Homeopathy
Madurai,Madurai-Cityinventory,SUPERZONE,Nephrologist
Madurai,Madurai-Cityinventory,SUPERZONE,General Physician
Madurai,Madurai-Cityinventory,SUPERZONE,General Dermatology
Madurai,Madurai-Cityinventory,SUPERZONE,General Psychiatry
Madurai,Madurai-Cityinventory,SUPERZONE,Gastroenterologist
Madurai,Madurai-Cityinventory,SUPERZONE,Orthopaedics
Madurai,Madurai-Cityinventory,SUPERZONE,Hair Transplant
Madurai,Madurai-Cityinventory,SUPERZONE,General Dentistry
Madurai,Madurai-Cityinventory,SUPERZONE,Endocrinologist
Madurai,Madurai-Cityinventory,SUPERZONE,General Pediatrics
Madurai,Madurai-Cityinventory,SUPERZONE,Cardiologist
Madurai,Madurai-Cityinventory,SUPERZONE,Urologist
Madurai,Madurai-Cityinventory,SUPERZONE,Sexologist
Madurai,Madurai-Cityinventory,SUPERZONE,Neurologist
Madurai,Madurai-Cityinventory,SUPERZONE,General Surgeon
Madurai,Madurai-Cityinventory,SUPERZONE,ENT
Madurai,Madurai-Cityinventory,SUPERZONE,Oncologist
Madurai,Madurai,ZONE,General Gynecology
Madurai,Madurai-Cityinventory,SUPERZONE,Oncologist
Madurai,Madurai-Cityinventory,SUPERZONE,Pulmonologist
Madurai,Madurai-Cityinventory,SUPERZONE,General Dermatology
Madurai,Madurai-Cityinventory,SUPERZONE,ENT
Madurai,Madurai-Cityinventory,SUPERZONE,General Dentistry
Madurai,Madurai-Cityinventory,SUPERZONE,Urologist
Madurai,Madurai,ZONE,General Dermatology
Madurai,Madurai-Cityinventory,SUPERZONE,Hair Transplant
Madurai,Madurai-Cityinventory,SUPERZONE,Endocrinologist
Madurai,Madurai-Cityinventory,SUPERZONE,General Psychiatry
Madurai,Madurai-Cityinventory,SUPERZONE,General Pediatrics
Madurai,Madurai-Cityinventory,SUPERZONE,General Physician
Madurai,Madurai-Cityinventory,SUPERZONE,Orthopaedics
Madurai,Madurai-Cityinventory,SUPERZONE,General Gynecology
Madurai,Madurai-Cityinventory,SUPERZONE,Gastroenterologist
Madurai,Madurai-Cityinventory,SUPERZONE,Cardiologist
Madurai,Madurai,ZONE,General Physician
Madurai,Madurai-Cityinventory,SUPERZONE,Sexologist
Madurai,Madurai-Cityinventory,SUPERZONE,General Surgeon
Madurai,Madurai-Cityinventory,SUPERZONE,Neurologist
Madurai,Madurai-Cityinventory,SUPERZONE,Homeopathy
Madurai,Madurai-Cityinventory,SUPERZONE,Cosmetic/Plastic Surgeon
Madurai,Madurai,ZONE,General Dentistry
Malappuram,Malappuram-Cityinventory,SUPERZONE,General Physician
Malappuram,Malappuram-Cityinventory,SUPERZONE,General Physician
Malda,Malda-Cityinventory,SUPERZONE,General Physician
Malda,Malda-Cityinventory,SUPERZONE,General Physician
Mangalore,Mangalore,ZONE,Cosmetic/Plastic Surgeon
Mangalore,Mangalore-Cityinventory,SUPERZONE,Gastroenterologist
Mangalore,Mangalore-Cityinventory,SUPERZONE,General Alt Medicine
Mangalore,Mangalore-Cityinventory,SUPERZONE,General Dermatology
Mangalore,Mangalore-Cityinventory,SUPERZONE,General Surgeon
Mangalore,Mangalore,ZONE,General Dentistry
Mangalore,Mangalore-Cityinventory,SUPERZONE,Oncologist
Mangalore,Mangalore-Cityinventory,SUPERZONE,Cosmetic/Plastic Surgeon
Mangalore,Mangalore-Cityinventory,SUPERZONE,Urologist
Mangalore,Mangalore-Cityinventory,SUPERZONE,Sexologist
Mangalore,Mangalore-Cityinventory,SUPERZONE,General Ophthalmology
Mangalore,Mangalore-Cityinventory,SUPERZONE,ENT
Mangalore,Mangalore-Cityinventory,SUPERZONE,General Dentistry
Mangalore,Mangalore-Cityinventory,SUPERZONE,General Gynecology
Mangalore,Mangalore-Cityinventory,SUPERZONE,Neurologist
Mangalore,Mangalore-Cityinventory,SUPERZONE,General Physician
Mangalore,Mangalore-Cityinventory,SUPERZONE,Hair Transplant
Mangalore,Mangalore-Cityinventory,SUPERZONE,Pulmonologist
Mangalore,Mangalore-Cityinventory,SUPERZONE,Orthopaedics
Mangalore,Mangalore-Cityinventory,SUPERZONE,General Psychiatry
Mangalore,Mangalore,ZONE,General Gynecology
Mangalore,Mangalore-Cityinventory,SUPERZONE,Cardiologist
Mangalore,Mangalore-Cityinventory,SUPERZONE,General Pediatrics
Mangalore,Mangalore-Cityinventory,SUPERZONE,Hair Transplant
Mangalore,Mangalore-Cityinventory,SUPERZONE,Pulmonologist
Mangalore,Mangalore-Cityinventory,SUPERZONE,Orthopaedics
Mangalore,Mangalore-Cityinventory,SUPERZONE,General Psychiatry
Mangalore,Mangalore,ZONE,General Physician
Mangalore,Mangalore-Cityinventory,SUPERZONE,General Ophthalmology
Mangalore,Mangalore,ZONE,General Gynecology
Mangalore,Mangalore,ZONE,Gastroenterologist
Mangalore,Mangalore-Cityinventory,SUPERZONE,Cardiologist
Mangalore,Mangalore-Cityinventory,SUPERZONE,General Gynecology
Mangalore,Mangalore-Cityinventory,SUPERZONE,Neurologist
Mangalore,Mangalore-Cityinventory,SUPERZONE,General Pediatrics
Mangalore,Mangalore-Cityinventory,SUPERZONE,Cosmetic/Plastic Surgeon
Mangalore,Mangalore-Cityinventory,SUPERZONE,General Alt Medicine
Mangalore,Mangalore-Cityinventory,SUPERZONE,General Dentistry
Mangalore,Mangalore,ZONE,General Dermatology
Mangalore,Mangalore-Cityinventory,SUPERZONE,General Physician
Mangalore,Mangalore-Cityinventory,SUPERZONE,Gastroenterologist
Mangalore,Mangalore,ZONE,General Dentistry
Mangalore,Mangalore,ZONE,Cosmetic/Plastic Surgeon
Mangalore,Mangalore-Cityinventory,SUPERZONE,Urologist
Mangalore,Mangalore-Cityinventory,SUPERZONE,Sexologist
Mangalore,Mangalore-Cityinventory,SUPERZONE,General Surgeon
Mangalore,Mangalore,ZONE,Orthopaedics
Mangalore,Mangalore-Cityinventory,SUPERZONE,ENT
Mangalore,Mangalore-Cityinventory,SUPERZONE,General Dermatology
Mangalore,Mangalore,ZONE,ENT
Mathura,Mathura-Cityinventory,SUPERZONE,Sexologist
Mathura,Mathura-Cityinventory,SUPERZONE,General Dentistry
Mathura,Mathura-Cityinventory,SUPERZONE,General Gynecology
Mathura,Mathura-Cityinventory,SUPERZONE,Gastroenterologist
Mathura,Mathura-Cityinventory,SUPERZONE,General Physician
Mathura,Mathura-Cityinventory,SUPERZONE,General Gynecology
Mathura,Mathura-Cityinventory,SUPERZONE,Gastroenterologist
Mathura,Mathura-Cityinventory,SUPERZONE,General Dentistry
Mathura,Mathura-Cityinventory,SUPERZONE,General Physician
Mathura,Mathura-Cityinventory,SUPERZONE,Sexologist
Meerut,Meerut-Cityinventory,SUPERZONE,Orthopaedics
Meerut,Meerut-Cityinventory,SUPERZONE,Cardiologist
Meerut,Sadar Bazaar,ZONE,General Dentistry
Meerut,Meerut-Cityinventory,SUPERZONE,General Alt Medicine
Meerut,Meerut-Cityinventory,SUPERZONE,General Gynecology
Meerut,Meerut-Cityinventory,SUPERZONE,Homeopathy
Meerut,Meerut-Cityinventory,SUPERZONE,General Pediatrics
Meerut,Meerut-Cityinventory,SUPERZONE,Oncologist
Meerut,Meerut-Cityinventory,SUPERZONE,General Psychiatry
Meerut,Meerut-Cityinventory,SUPERZONE,Neurologist
Meerut,Meerut-Cityinventory,SUPERZONE,Urologist
Meerut,Sadar Bazaar,ZONE,General Physician
Meerut,Sadar Bazaar,ZONE,General Gynecology
Meerut,Meerut-Cityinventory,SUPERZONE,Hair Transplant
Meerut,Meerut-Cityinventory,SUPERZONE,Sexologist
Meerut,Saket Ganganagar,ZONE,General Gynecology
Meerut,Meerut-Cityinventory,SUPERZONE,General Ophthalmology
Meerut,Meerut-Cityinventory,SUPERZONE,ENT
Meerut,Meerut-Cityinventory,SUPERZONE,Physiotherapist
Meerut,Meerut-Cityinventory,SUPERZONE,Endocrinologist
Meerut,Meerut-Cityinventory,SUPERZONE,Cosmetic/Plastic Surgeon
Meerut,Meerut-Cityinventory,SUPERZONE,General Dermatology
Meerut,Meerut-Cityinventory,SUPERZONE,General Surgeon
Meerut,Meerut-Cityinventory,SUPERZONE,General Dentistry
Meerut,Meerut-Cityinventory,SUPERZONE,Pulmonologist
Meerut,Meerut-Cityinventory,SUPERZONE,Gastroenterologist
Meerut,Meerut-Cityinventory,SUPERZONE,General Physician
Meerut,Shastri Nagar,ZONE,General Physician
Meerut,Meerut-Cityinventory,SUPERZONE,Endocrinologist
Meerut,Saket Ganganagar,ZONE,General Gynecology
Meerut,Meerut-Cityinventory,SUPERZONE,ENT
Meerut,Sadar Bazaar,ZONE,General Physician
Meerut,Meerut-Cityinventory,SUPERZONE,General Gynecology
Meerut,Meerut-Cityinventory,SUPERZONE,Hair Transplant
Meerut,Meerut-Cityinventory,SUPERZONE,Pulmonologist
Meerut,Meerut-Cityinventory,SUPERZONE,General Ophthalmology
Meerut,Meerut-Cityinventory,SUPERZONE,General Pediatrics
Meerut,Meerut-Cityinventory,SUPERZONE,Oncologist
Meerut,Meerut-Cityinventory,SUPERZONE,General Psychiatry
Meerut,Meerut-Cityinventory,SUPERZONE,Sexologist
Meerut,Meerut-Cityinventory,SUPERZONE,Cardiologist
Meerut,Sadar Bazaar,ZONE,General Gynecology
Meerut,Meerut-Cityinventory,SUPERZONE,Orthopaedics
Meerut,Meerut-Cityinventory,SUPERZONE,Physiotherapist
Meerut,Meerut-Cityinventory,SUPERZONE,Gastroenterologist
Meerut,Meerut-Cityinventory,SUPERZONE,General Physician
Meerut,Meerut-Cityinventory,SUPERZONE,Urologist
Meerut,Meerut-Cityinventory,SUPERZONE,General Surgeon
Meerut,Meerut-Cityinventory,SUPERZONE,General Dentistry
Meerut,Meerut-Cityinventory,SUPERZONE,Neurologist
Meerut,Meerut-Cityinventory,SUPERZONE,Homeopathy
Meerut,Meerut-Cityinventory,SUPERZONE,General Dermatology
Meerut,Meerut-Cityinventory,SUPERZONE,Cosmetic/Plastic Surgeon
Meerut,Meerut-Cityinventory,SUPERZONE,General Alt Medicine
Meerut,Sadar Bazaar,ZONE,General Dentistry
Meerut,Shastri Nagar,ZONE,General Physician
Mohali,Mohali,ZONE,Neurologist
Mohali,Mohali,ZONE,Physiotherapist
Mohali,Mohali-Cityinventory,SUPERZONE,General Pediatrics
Mohali,Mohali-Cityinventory,SUPERZONE,Neurologist
Mohali,Mohali,ZONE,General Alt Medicine
Mohali,Mohali-Cityinventory,SUPERZONE,Homeopathy
Mohali,Mohali,ZONE,Sexologist
Mohali,Mohali-Cityinventory,SUPERZONE,General Dermatology
Mohali,Mohali,ZONE,General Physician
Mohali,Mohali-Cityinventory,SUPERZONE,General Physician
Mohali,Mohali,ZONE,General Gynecology
Mohali,Mohali-Cityinventory,SUPERZONE,General Ophthalmology
Mohali,Mohali,ZONE,Orthopaedics
Mohali,Mohali,ZONE,General Dermatology
Mohali,Mohali-Cityinventory,SUPERZONE,Orthopaedics
Mohali,Mohali-Cityinventory,SUPERZONE,Cardiologist
Mohali,Mohali-Cityinventory,SUPERZONE,Pulmonologist
Mohali,Mohali-Cityinventory,SUPERZONE,Gastroenterologist
Mohali,Mohali-Cityinventory,SUPERZONE,Nephrologist
Mohali,Mohali,ZONE,General Pediatrics
Mohali,Mohali,ZONE,General Psychiatry
Mohali,Mohali-Cityinventory,SUPERZONE,Physiotherapist
Mohali,Mohali-Cityinventory,SUPERZONE,General Psychiatry
Mohali,Mohali-Cityinventory,SUPERZONE,ENT
Mohali,Mohali-Cityinventory,SUPERZONE,General Dentistry
Mohali,Mohali-Cityinventory,SUPERZONE,General Alt Medicine
Mohali,Mohali-Cityinventory,SUPERZONE,Endocrinologist
Mohali,Mohali,ZONE,Pulmonologist
Mohali,Mohali,ZONE,ENT
Mohali,Mohali-Cityinventory,SUPERZONE,Sexologist
Mohali,Mohali-Cityinventory,SUPERZONE,General Surgeon
Mohali,Mohali-Cityinventory,SUPERZONE,Oncologist
Mohali,Mohali-Cityinventory,SUPERZONE,Cosmetic/Plastic Surgeon
Mohali,Mohali,ZONE,Gastroenterologist
Mohali,Mohali-Cityinventory,SUPERZONE,Urologist
Mohali,Mohali,ZONE,General Ophthalmology
Mohali,Mohali-Cityinventory,SUPERZONE,General Gynecology
Mohali,Mohali,ZONE,General Dentistry
Mohali,Mohali,ZONE,General Surgeon
Mohali,Mohali-Cityinventory,SUPERZONE,Sexologist
Mohali,Mohali,ZONE,General Ophthalmology
Mohali,Mohali-Cityinventory,SUPERZONE,General Pediatrics
Mohali,Mohali-Cityinventory,SUPERZONE,Nephrologist
Mohali,Mohali-Cityinventory,SUPERZONE,General Alt Medicine
Mohali,Mohali,ZONE,Gastroenterologist
Mohali,Mohali,ZONE,Orthopaedics
Mohali,Mohali-Cityinventory,SUPERZONE,Homeopathy
Mohali,Mohali,ZONE,Urologist
Mohali,Mohali,ZONE,Neurologist
Mohali,Mohali,ZONE,Endocrinologist
Mohali,Mohali-Cityinventory,SUPERZONE,General Gynecology
Mohali,Mohali,ZONE,Sexologist
Mohali,Mohali,ZONE,General Dermatology
Mohali,Mohali-Cityinventory,SUPERZONE,Cardiologist
Mohali,Mohali,ZONE,General Surgeon
Mohali,Mohali,ZONE,Physiotherapist
Mohali,Mohali-Cityinventory,SUPERZONE,General Ophthalmology
Mohali,Mohali,ZONE,Oncologist
Mohali,Mohali,ZONE,General Pediatrics
Mohali,Mohali-Cityinventory,SUPERZONE,General Dentistry
Mohali,Mohali,ZONE,Cardiologist
Mohali,Mohali-Cityinventory,SUPERZONE,Physiotherapist
Mohali,Mohali-Cityinventory,SUPERZONE,ENT
Mohali,Mohali-Cityinventory,SUPERZONE,Oncologist
Mohali,Mohali-Cityinventory,SUPERZONE,General Psychiatry
Mohali,Mohali-Cityinventory,SUPERZONE,Gastroenterologist
Mohali,Mohali,ZONE,General Alt Medicine
Mohali,Mohali-Cityinventory,SUPERZONE,General Dermatology
Mohali,Mohali,ZONE,Pulmonologist
Mohali,Mohali-Cityinventory,SUPERZONE,Pulmonologist
Mohali,Mohali,ZONE,Nephrologist
Mohali,Mohali-Cityinventory,SUPERZONE,Endocrinologist
Mohali,Mohali-Cityinventory,SUPERZONE,General Physician
Mohali,Mohali,ZONE,General Gynecology
Mohali,Mohali,ZONE,Cosmetic/Plastic Surgeon
Mohali,Mohali-Cityinventory,SUPERZONE,Urologist
Mohali,Mohali,ZONE,ENT
Mohali,Mohali,ZONE,General Physician
Mohali,Mohali-Cityinventory,SUPERZONE,Orthopaedics
Mohali,Mohali-Cityinventory,SUPERZONE,Cosmetic/Plastic Surgeon
Mohali,Mohali-Cityinventory,SUPERZONE,Neurologist
Mohali,Mohali-Cityinventory,SUPERZONE,General Surgeon
Mohali,Mohali,ZONE,General Dentistry
Mohali,Mohali,ZONE,General Psychiatry
Moradabad,Moradabad-Cityinventory,SUPERZONE,Hair Transplant
Moradabad,Moradabad-Cityinventory,SUPERZONE,Sexologist
Moradabad,Moradabad-Cityinventory,SUPERZONE,General Ophthalmology
Moradabad,Moradabad-Cityinventory,SUPERZONE,Orthopaedics
Moradabad,Moradabad-Cityinventory,SUPERZONE,General Dentistry
Moradabad,Moradabad-Cityinventory,SUPERZONE,General Physician
Moradabad,Moradabad-Cityinventory,SUPERZONE,General Dermatology
Moradabad,Moradabad-Cityinventory,SUPERZONE,Gastroenterologist
Moradabad,Moradabad-Cityinventory,SUPERZONE,ENT
Moradabad,Moradabad-Cityinventory,SUPERZONE,General Ophthalmology
Moradabad,Moradabad-Cityinventory,SUPERZONE,ENT
Moradabad,Moradabad-Cityinventory,SUPERZONE,General Dentistry
Moradabad,Moradabad-Cityinventory,SUPERZONE,General Dermatology
Moradabad,Moradabad-Cityinventory,SUPERZONE,Sexologist
Moradabad,Moradabad-Cityinventory,SUPERZONE,Orthopaedics
Moradabad,Moradabad-Cityinventory,SUPERZONE,Gastroenterologist
Moradabad,Moradabad-Cityinventory,SUPERZONE,Hair Transplant
Moradabad,Moradabad-Cityinventory,SUPERZONE,General Physician
Mumbai,Bandra,ZONE,General Gynecology
Mumbai,Andheri east,ZONE,General Alt Medicine
Mumbai,Borivali,ZONE,Dietitian
Mumbai,Andheri east,ZONE,General Gynecology
Mumbai,Kandivali,ZONE,Dietitian
Mumbai,Tardeo,ZONE,General Alt Medicine
Mumbai,Dahisar,ZONE,Sexologist
Mumbai,Fort area,ZONE,General Ophthalmology
Mumbai,Chembur,ZONE,General Psychiatry
Mumbai,Ghatkopar,ZONE,General Dentistry
Mumbai,Parel,ZONE,General Pediatrics
Mumbai,Goregaon,ZONE,General Psychiatry
Mumbai,Dahisar,ZONE,Cardiologist
Mumbai,Parel,ZONE,Orthopaedics
Mumbai,Bandra,ZONE,Cosmetic/Plastic Surgeon
Mumbai,Juhu,ZONE,General Pediatrics
Mumbai,Dahisar,ZONE,Urologist
Mumbai,Tardeo,ZONE,Physiotherapist
Mumbai,Mumbai-Cityinventory,SUPERZONE,Veterinarian
Mumbai,Juhu,ZONE,Gastroenterologist
Mumbai,Goregaon,ZONE,General Pediatrics
Mumbai,Kandivali,ZONE,Orthopaedics
Mumbai,Goregaon,ZONE,ENT
Mumbai,Malad,ZONE,General Gynecology
Mumbai,Mumbai-Cityinventory,SUPERZONE,ENT
Mumbai,Andheri east,ZONE,General Physician
Mumbai,Dadar,ZONE,Endocrinologist
Mumbai,Ghatkopar,ZONE,General Physician
Mumbai,Chembur,ZONE,Cardiologist
Mumbai,Borivali,ZONE,Pulmonologist
Mumbai,Powai,ZONE,Neurologist
Mumbai,Ghatkopar,ZONE,General Dermatology
Mumbai,Kurla,ZONE,General Pediatrics
Mumbai,Juhu,ZONE,Sexologist
Mumbai,Powai,ZONE,General Dermatology
Mumbai,Bandra,ZONE,General Alt Medicine
Mumbai,Dadar,ZONE,General Dentistry
Mumbai,Kandivali,ZONE,General Surgeon
Mumbai,Chembur,ZONE,General Ophthalmology
Mumbai,Mulund,ZONE,General Ophthalmology
Mumbai,Mumbai-Cityinventory,SUPERZONE,Hair Transplant
Mumbai,Andheri west,ZONE,Hair Transplant
Mumbai,Mumbai-Cityinventory,SUPERZONE,Radiology
Mumbai,Dadar,ZONE,General Surgeon
Mumbai,Andheri west,ZONE,ENT
Mumbai,Kurla,ZONE,General Physician
Mumbai,Ghatkopar,ZONE,Urologist
Mumbai,Kandivali,ZONE,General Pediatrics
Mumbai,Malad,ZONE,Sexologist
Mumbai,Mumbai-Cityinventory,SUPERZONE,Cardiologist
Mumbai,Mulund,ZONE,General Surgeon
Mumbai,Mulund,ZONE,Neurologist
Mumbai,Goregaon,ZONE,Cardiologist
Mumbai,Kandivali,ZONE,General Ophthalmology
Mumbai,Andheri west,ZONE,General Dentistry
Mumbai,Fort area,ZONE,General Gynecology
Mumbai,Andheri east,ZONE,ENT
Mumbai,Kandivali,ZONE,Gastroenterologist
Mumbai,Borivali,ZONE,General Physician
Mumbai,Powai,ZONE,General Dentistry
Mumbai,Fort area,ZONE,General Alt Medicine
Mumbai,Kurla,ZONE,General Alt Medicine
Mumbai,Mulund,ZONE,General Dentistry
Mumbai,Mulund,ZONE,Hair Transplant
Mumbai,Tardeo,ZONE,Gastroenterologist
Mumbai,Powai,ZONE,General Pediatrics
Mumbai,Goregaon,ZONE,Orthopaedics
Mumbai,Dadar,ZONE,General Gynecology
Mumbai,Chembur,ZONE,Endocrinologist
Mumbai,Dahisar,ZONE,Veterinarian
Mumbai,Powai,ZONE,Dietitian
Mumbai,Tardeo,ZONE,General Ophthalmology
Mumbai,Dadar,ZONE,General Ophthalmology
Mumbai,Malad,ZONE,Orthopaedics
Mumbai,Chembur,ZONE,General Surgeon
Mumbai,Bandra,ZONE,General Dentistry
Mumbai,Powai,ZONE,General Gynecology
Mumbai,Andheri west,ZONE,General Ophthalmology
Mumbai,Parel,ZONE,Dietitian
Mumbai,Dahisar,ZONE,Endocrinologist
Mumbai,Dahisar,ZONE,General Surgeon
Mumbai,Mumbai-Cityinventory,SUPERZONE,Nephrologist
Mumbai,Malad,ZONE,Endocrinologist
Mumbai,Powai,ZONE,Orthopaedics
Mumbai,Goregaon,ZONE,General Dentistry
Mumbai,Juhu,ZONE,Neurologist
Mumbai,Fort area,ZONE,Physiotherapist
Mumbai,Mumbai-Cityinventory,SUPERZONE,Gastroenterologist
Mumbai,Mumbai-Cityinventory,SUPERZONE,General Ophthalmology
Mumbai,Ghatkopar,ZONE,General Psychiatry
Mumbai,Fort area,ZONE,General Dermatology
Mumbai,Andheri west,ZONE,General Gynecology
Mumbai,Parel,ZONE,General Dentistry
Mumbai,Chembur,ZONE,ENT
Mumbai,Mumbai-Cityinventory,SUPERZONE,Urologist
Mumbai,Mumbai-Cityinventory,SUPERZONE,Orthopaedics
Mumbai,Borivali,ZONE,Sexologist
Mumbai,Bandra,ZONE,Physiotherapist
Mumbai,Mulund,ZONE,Cardiologist
Mumbai,Mumbai-Cityinventory,SUPERZONE,Dietitian
Mumbai,Andheri west,ZONE,Endocrinologist
Mumbai,Kandivali,ZONE,ENT
Mumbai,Dahisar,ZONE,Orthopaedics
Mumbai,Tardeo,ZONE,Neurologist
Mumbai,Andheri west,ZONE,Sexologist
Mumbai,Dadar,ZONE,Orthopaedics
Mumbai,Powai,ZONE,Cardiologist
Mumbai,Ghatkopar,ZONE,General Gynecology
Mumbai,Andheri west,ZONE,General Surgeon
Mumbai,Mumbai-Cityinventory,SUPERZONE,General Gynecology
Mumbai,Dadar,ZONE,Physiotherapist
Mumbai,Mulund,ZONE,Homeopathy
Mumbai,Borivali,ZONE,ENT
Mumbai,Juhu,ZONE,General Psychiatry
Mumbai,Parel,ZONE,General Alt Medicine
Mumbai,Ghatkopar,ZONE,Neurologist
Mumbai,Chembur,ZONE,Pulmonologist
Mumbai,Powai,ZONE,Homeopathy
Mumbai,Mulund,ZONE,Sexologist
Mumbai,Tardeo,ZONE,General Dermatology
Mumbai,Dahisar,ZONE,General Pediatrics
Mumbai,Andheri east,ZONE,Dietitian
Mumbai,Andheri east,ZONE,Hair Transplant
Mumbai,Ghatkopar,ZONE,Gastroenterologist
Mumbai,Goregaon,ZONE,Gastroenterologist
Mumbai,Malad,ZONE,Pulmonologist
Mumbai,Malad,ZONE,Urologist
Mumbai,Dadar,ZONE,ENT
Mumbai,Dadar,ZONE,Gastroenterologist
Mumbai,Dadar,ZONE,Neurologist
Mumbai,Kandivali,ZONE,General Physician
Mumbai,Powai,ZONE,General Psychiatry
Mumbai,Dahisar,ZONE,Dietitian
Mumbai,Goregaon,ZONE,Neurologist
Mumbai,Borivali,ZONE,Orthopaedics
Mumbai,Ghatkopar,ZONE,Sexologist
Mumbai,Parel,ZONE,General Psychiatry
Mumbai,Dadar,ZONE,General Dermatology
Mumbai,Bandra,ZONE,Urologist
Mumbai,Ghatkopar,ZONE,Dietitian
Mumbai,Borivali,ZONE,Cosmetic/Plastic Surgeon
Mumbai,Andheri west,ZONE,Neurologist
Mumbai,Dadar,ZONE,General Physician
Mumbai,Borivali,ZONE,Hair Transplant
Mumbai,Goregaon,ZONE,General Gynecology
Mumbai,Mumbai-Cityinventory,SUPERZONE,Neurologist
Mumbai,Juhu,ZONE,General Dermatology
Mumbai,Andheri east,ZONE,General Dentistry
Mumbai,Andheri west,ZONE,General Psychiatry
Mumbai,Borivali,ZONE,General Ophthalmology
Mumbai,Kurla,ZONE,Orthopaedics
Mumbai,Kurla,ZONE,Homeopathy
Mumbai,Fort area,ZONE,Urologist
Mumbai,Mulund,ZONE,Urologist
Mumbai,Tardeo,ZONE,General Psychiatry
Mumbai,Kandivali,ZONE,Endocrinologist
Mumbai,Goregaon,ZONE,Urologist
Mumbai,Kurla,ZONE,Cardiologist
Mumbai,Mulund,ZONE,General Pediatrics
Mumbai,Kurla,ZONE,Endocrinologist
Mumbai,Chembur,ZONE,Oncologist
Mumbai,Juhu,ZONE,Homeopathy
Mumbai,Andheri east,ZONE,Homeopathy
Mumbai,Mulund,ZONE,Orthopaedics
Mumbai,Goregaon,ZONE,General Physician
Mumbai,Andheri west,ZONE,Gastroenterologist
Mumbai,Andheri west,ZONE,General Pediatrics
Mumbai,Parel,ZONE,ENT
Mumbai,Powai,ZONE,Gastroenterologist
Mumbai,Borivali,ZONE,General Surgeon
Mumbai,Mulund,ZONE,General Physician
Mumbai,Powai,ZONE,General Physician
Mumbai,Malad,ZONE,General Dermatology
Mumbai,Mulund,ZONE,Pulmonologist
Mumbai,Andheri west,ZONE,General Physician
Mumbai,Powai,ZONE,Sexologist
Mumbai,Andheri east,ZONE,Orthopaedics
Mumbai,Andheri west,ZONE,Dietitian
Mumbai,Powai,ZONE,Physiotherapist
Mumbai,Chembur,ZONE,Veterinarian
Mumbai,Dadar,ZONE,Cardiologist
Mumbai,Goregaon,ZONE,Endocrinologist
Mumbai,Dahisar,ZONE,Homeopathy
Mumbai,Tardeo,ZONE,Homeopathy
Mumbai,Malad,ZONE,General Ophthalmology
Mumbai,Andheri west,ZONE,General Alt Medicine
Mumbai,Kurla,ZONE,Physiotherapist
Mumbai,Dahisar,ZONE,General Physician
Mumbai,Goregaon,ZONE,Dietitian
Mumbai,Bandra,ZONE,Endocrinologist
Mumbai,Parel,ZONE,Gastroenterologist
Mumbai,Juhu,ZONE,Physiotherapist
Mumbai,Mumbai-Cityinventory,SUPERZONE,General Dermatology
Mumbai,Mulund,ZONE,Dietitian
Mumbai,Andheri east,ZONE,Endocrinologist
Mumbai,Parel,ZONE,Physiotherapist
Mumbai,Kandivali,ZONE,Neurologist
Mumbai,Borivali,ZONE,General Dentistry
Mumbai,Bandra,ZONE,General Pediatrics
Mumbai,Borivali,ZONE,Urologist
Mumbai,Fort area,ZONE,General Psychiatry
Mumbai,Mumbai-Cityinventory,SUPERZONE,Hematologist
Mumbai,Chembur,ZONE,General Dentistry
Mumbai,Juhu,ZONE,Endocrinologist
Mumbai,Kurla,ZONE,General Dermatology
Mumbai,Chembur,ZONE,General Gynecology
Mumbai,Ghatkopar,ZONE,General Ophthalmology
Mumbai,Parel,ZONE,Cosmetic/Plastic Surgeon
Mumbai,Borivali,ZONE,Gastroenterologist
Mumbai,Borivali,ZONE,Nephrologist
Mumbai,Dadar,ZONE,Dietitian
Mumbai,Tardeo,ZONE,Orthopaedics
Mumbai,Bandra,ZONE,Gastroenterologist
Mumbai,Mulund,ZONE,General Gynecology
Mumbai,Bandra,ZONE,Neurologist
Mumbai,Chembur,ZONE,Urologist
Mumbai,Fort area,ZONE,Orthopaedics
Mumbai,Kandivali,ZONE,Physiotherapist
Mumbai,Andheri east,ZONE,Neurologist
Mumbai,Juhu,ZONE,General Physician
Mumbai,Andheri east,ZONE,General Dermatology
Mumbai,Parel,ZONE,General Ophthalmology
Mumbai,Parel,ZONE,General Dermatology
Mumbai,Powai,ZONE,Urologist
Mumbai,Mulund,ZONE,General Psychiatry
Mumbai,Kurla,ZONE,Sexologist
Mumbai,Borivali,ZONE,General Pediatrics
Mumbai,Parel,ZONE,General Physician
Mumbai,Dadar,ZONE,General Alt Medicine
Mumbai,Kurla,ZONE,General Ophthalmology
Mumbai,Goregaon,ZONE,General Alt Medicine
Mumbai,Andheri east,ZONE,General Psychiatry
Mumbai,Bandra,ZONE,Orthopaedics
Mumbai,Ghatkopar,ZONE,General Pediatrics
Mumbai,Malad,ZONE,Dietitian
Mumbai,Juhu,ZONE,General Gynecology
Mumbai,Malad,ZONE,Cardiologist
Mumbai,Ghatkopar,ZONE,ENT
Mumbai,Kandivali,ZONE,General Dentistry
Mumbai,Dadar,ZONE,Urologist
Mumbai,Ghatkopar,ZONE,Cardiologist
Mumbai,Juhu,ZONE,General Dentistry
Mumbai,Mumbai-Cityinventory,SUPERZONE,Endocrinologist
Mumbai,Malad,ZONE,General Psychiatry
Mumbai,Malad,ZONE,ENT
Mumbai,Andheri east,ZONE,General Surgeon
Mumbai,Dahisar,ZONE,ENT
Mumbai,Malad,ZONE,General Dentistry
Mumbai,Borivali,ZONE,Oncologist
Mumbai,Mumbai-Cityinventory,SUPERZONE,General Surgeon
Mumbai,Mumbai-Cityinventory,SUPERZONE,Geriatrician
Mumbai,Borivali,ZONE,Physiotherapist
Mumbai,Malad,ZONE,General Pediatrics
Mumbai,Goregaon,ZONE,Physiotherapist
Mumbai,Chembur,ZONE,Neurologist
Mumbai,Mumbai-Cityinventory,SUPERZONE,Pulmonologist
Mumbai,Dahisar,ZONE,General Dentistry
Mumbai,Goregaon,ZONE,General Dermatology
Mumbai,Parel,ZONE,Oncologist
Mumbai,Borivali,ZONE,Endocrinologist
Mumbai,Dahisar,ZONE,Pulmonologist
Mumbai,Mulund,ZONE,Gastroenterologist
Mumbai,Andheri east,ZONE,General Ophthalmology
Mumbai,Parel,ZONE,Sexologist
Mumbai,Chembur,ZONE,General Alt Medicine
Mumbai,Andheri east,ZONE,Pulmonologist
Mumbai,Kandivali,ZONE,General Psychiatry
Mumbai,Mulund,ZONE,General Alt Medicine
Mumbai,Andheri east,ZONE,General Pediatrics
Mumbai,Andheri east,ZONE,Physiotherapist
Mumbai,Kurla,ZONE,General Gynecology
Mumbai,Chembur,ZONE,Hair Transplant
Mumbai,Parel,ZONE,Urologist
Mumbai,Chembur,ZONE,General Physician
Mumbai,Tardeo,ZONE,Urologist
Mumbai,Malad,ZONE,General Physician
Mumbai,Kandivali,ZONE,Urologist
Mumbai,Bandra,ZONE,General Psychiatry
Mumbai,Ghatkopar,ZONE,Endocrinologist
Mumbai,Goregaon,ZONE,Homeopathy
Mumbai,Andheri west,ZONE,Cardiologist
Mumbai,Bandra,ZONE,General Ophthalmology
Mumbai,Mumbai-Cityinventory,SUPERZONE,Speech Therapist
Mumbai,Bandra,ZONE,Hair Transplant
Mumbai,Dahisar,ZONE,General Dermatology
Mumbai,Borivali,ZONE,General Psychiatry
Mumbai,Goregaon,ZONE,Pulmonologist
Mumbai,Mulund,ZONE,Physiotherapist
Mumbai,Kandivali,ZONE,Sexologist
Mumbai,Ghatkopar,ZONE,Pulmonologist
Mumbai,Ghatkopar,ZONE,Physiotherapist
Mumbai,Borivali,ZONE,Neurologist
Mumbai,Kurla,ZONE,Neurologist
Mumbai,Ghatkopar,ZONE,Homeopathy
Mumbai,Andheri east,ZONE,Sexologist
Mumbai,Tardeo,ZONE,General Physician
Mumbai,Bandra,ZONE,General Dermatology
Mumbai,Goregaon,ZONE,Sexologist
Mumbai,Mumbai-Cityinventory,SUPERZONE,General Psychiatry
Mumbai,Mumbai-Cityinventory,SUPERZONE,General Physician
Mumbai,Dahisar,ZONE,General Psychiatry
Mumbai,Juhu,ZONE,Urologist
Mumbai,Kurla,ZONE,Urologist
Mumbai,Andheri east,ZONE,Urologist
Mumbai,Mulund,ZONE,Endocrinologist
Mumbai,Dahisar,ZONE,Physiotherapist
Mumbai,Dahisar,ZONE,General Alt Medicine
Mumbai,Kandivali,ZONE,Cardiologist
Mumbai,Chembur,ZONE,Homeopathy
Mumbai,Mumbai-Cityinventory,SUPERZONE,General Pediatrics
Mumbai,Mumbai-Cityinventory,SUPERZONE,General Dentistry
Mumbai,Dadar,ZONE,General Psychiatry
Mumbai,Juhu,ZONE,Hair Transplant
Mumbai,Dadar,ZONE,General Pediatrics
Mumbai,Chembur,ZONE,General Pediatrics
Mumbai,Tardeo,ZONE,General Dentistry
Mumbai,Tardeo,ZONE,General Gynecology
Mumbai,Borivali,ZONE,Homeopathy
Mumbai,Fort area,ZONE,General Dentistry
Mumbai,Bandra,ZONE,Sexologist
Mumbai,Fort area,ZONE,General Pediatrics
Mumbai,Andheri west,ZONE,General Dermatology
Mumbai,Kurla,ZONE,General Dentistry
Mumbai,Ghatkopar,ZONE,General Surgeon
Mumbai,Andheri east,ZONE,General Dentistry
Mumbai,Fort area,ZONE,Neurologist
Mumbai,Mumbai-Cityinventory,SUPERZONE,General Alt Medicine
Mumbai,Chembur,ZONE,General Dermatology
Mumbai,Andheri west,ZONE,Homeopathy
Mumbai,Tardeo,ZONE,Nephrologist
Mumbai,Kurla,ZONE,Gastroenterologist
Mumbai,Tardeo,ZONE,Cardiologist
Mumbai,Borivali,ZONE,General Gynecology
Mumbai,Chembur,ZONE,Physiotherapist
Mumbai,Andheri west,ZONE,Orthopaedics
Mumbai,Parel,ZONE,General Gynecology
Mumbai,Andheri west,ZONE,Urologist
Mumbai,Tardeo,ZONE,Cosmetic/Plastic Surgeon
Mumbai,Powai,ZONE,General Ophthalmology
Mumbai,Fort area,ZONE,Sexologist
Mumbai,Andheri east,ZONE,Gastroenterologist
Mumbai,Malad,ZONE,Neurologist
Mumbai,Andheri west,ZONE,Pulmonologist
Mumbai,Dahisar,ZONE,Speech Therapist
Mumbai,Mumbai-Cityinventory,SUPERZONE,Sexologist
Mumbai,Juhu,ZONE,General Ophthalmology
Mumbai,Andheri west,ZONE,Physiotherapist
Mumbai,Powai,ZONE,General Surgeon
Mumbai,Mulund,ZONE,General Dermatology
Mumbai,Ghatkopar,ZONE,General Alt Medicine
Mumbai,Borivali,ZONE,General Alt Medicine
Mumbai,Juhu,ZONE,Orthopaedics
Mumbai,Parel,ZONE,Hair Transplant
Mumbai,Tardeo,ZONE,General Pediatrics
Mumbai,Dadar,ZONE,Homeopathy
Mumbai,Mumbai-Cityinventory,SUPERZONE,Vascular Surgeon
Mumbai,Dahisar,ZONE,Gastroenterologist
Mumbai,Chembur,ZONE,Sexologist
Mumbai,Andheri west,ZONE,Cosmetic/Plastic Surgeon
Mumbai,Ghatkopar,ZONE,Orthopaedics
Mumbai,Tardeo,ZONE,Sexologist
Mumbai,Bandra,ZONE,Dietitian
Mumbai,Dadar,ZONE,Sexologist
Mumbai,Kurla,ZONE,General Psychiatry
Mumbai,Powai,ZONE,ENT
Mumbai,Bandra,ZONE,ENT
Mumbai,Chembur,ZONE,Nephrologist
Mumbai,Powai,ZONE,General Alt Medicine
Mumbai,Borivali,ZONE,Cardiologist
Mumbai,Dahisar,ZONE,General Ophthalmology
Mumbai,Dahisar,ZONE,General Gynecology
Mumbai,Kandivali,ZONE,General Gynecology
Mumbai,Juhu,ZONE,ENT
Mumbai,Mumbai-Cityinventory,SUPERZONE,Physiotherapist
Mumbai,Malad,ZONE,General Alt Medicine
Mumbai,Chembur,ZONE,Gastroenterologist
Mumbai,Fort area,ZONE,ENT
Mumbai,Mumbai-Cityinventory,SUPERZONE,Cosmetic/Plastic Surgeon
Mumbai,Dahisar,ZONE,Neurologist
Mumbai,Chembur,ZONE,Dietitian
Mumbai,Malad,ZONE,Gastroenterologist
Mumbai,Mumbai-Cityinventory,SUPERZONE,Occupational Therapist
Mumbai,Chembur,ZONE,Orthopaedics
Mumbai,Powai,ZONE,Endocrinologist
Mumbai,Dadar,ZONE,Cosmetic/Plastic Surgeon
Mumbai,Juhu,ZONE,Cosmetic/Plastic Surgeon
Mumbai,Dadar,ZONE,Hair Transplant
Mumbai,Kandivali,ZONE,Pulmonologist
Mumbai,Mumbai-Cityinventory,SUPERZONE,Homeopathy
Mumbai,Fort area,ZONE,Gastroenterologist
Mumbai,Goregaon,ZONE,General Ophthalmology
Mumbai,Dahisar,ZONE,Hair Transplant
Mumbai,Fort area,ZONE,General Physician
Mumbai,Bandra,ZONE,General Physician
Mumbai,Kandivali,ZONE,General Dermatology
Mumbai,Malad,ZONE,Physiotherapist
Mumbai,Mulund,ZONE,ENT
Mumbai,Mumbai-Cityinventory,SUPERZONE,Allergist/Immunologist
Mumbai,Tardeo,ZONE,ENT
Mumbai,Borivali,ZONE,General Dermatology
Mumbai,Kandivali,ZONE,General Alt Medicine
Mumbai,Mumbai-Cityinventory,SUPERZONE,Oncologist
Mumbai,Kurla,ZONE,ENT
Mumbai,Andheri east,ZONE,Cardiologist
Mumbai,Goregaon,ZONE,General Physician
Mumbai,Andheri west,ZONE,General Psychiatry
Mumbai,Borivali,ZONE,Gastroenterologist
Mumbai,Parel,ZONE,General Dermatology
Mumbai,Fort area,ZONE,Gastroenterologist
Mumbai,Ghatkopar,ZONE,General Alt Medicine
Mumbai,Chembur,ZONE,Pulmonologist
Mumbai,Mumbai-Cityinventory,SUPERZONE,Veterinarian
Mumbai,Juhu,ZONE,Cosmetic/Plastic Surgeon
Mumbai,Parel,ZONE,Urologist
Mumbai,Dahisar,ZONE,Endocrinologist
Mumbai,Andheri west,ZONE,General Surgeon
Mumbai,Dadar,ZONE,General Dermatology
Mumbai,Malad,ZONE,Cardiologist
Mumbai,Mumbai-Cityinventory,SUPERZONE,Geriatrician
Mumbai,Borivali,ZONE,General Gynecology
Mumbai,Goregaon,ZONE,Homeopathy
Mumbai,Andheri east,ZONE,Endocrinologist
Mumbai,Tardeo,ZONE,General Pediatrics
Mumbai,Borivali,ZONE,Sexologist
Mumbai,Mulund,ZONE,Dietitian
Mumbai,Andheri east,ZONE,Homeopathy
Mumbai,Powai,ZONE,General Gynecology
Mumbai,Mumbai-Cityinventory,SUPERZONE,General Pediatrics
Mumbai,Andheri west,ZONE,General Gynecology
Mumbai,Mulund,ZONE,General Surgeon
Mumbai,Bandra,ZONE,ENT
Mumbai,Tardeo,ZONE,ENT
Mumbai,Dahisar,ZONE,General Physician
Mumbai,Dahisar,ZONE,Hair Transplant
Mumbai,Malad,ZONE,Endocrinologist
Mumbai,Ghatkopar,ZONE,Gastroenterologist
Mumbai,Bandra,ZONE,General Dentistry
Mumbai,Parel,ZONE,Hair Transplant
Mumbai,Dadar,ZONE,General Alt Medicine
Mumbai,Powai,ZONE,General Psychiatry
Mumbai,Chembur,ZONE,General Dentistry
Mumbai,Chembur,ZONE,Cardiologist
Mumbai,Mumbai-Cityinventory,SUPERZONE,General Surgeon
Mumbai,Ghatkopar,ZONE,Orthopaedics
Mumbai,Dahisar,ZONE,Sexologist
Mumbai,Kurla,ZONE,Urologist
Mumbai,Malad,ZONE,Pulmonologist
Mumbai,Malad,ZONE,General Alt Medicine
Mumbai,Chembur,ZONE,Oncologist
Mumbai,Dahisar,ZONE,Homeopathy
Mumbai,Malad,ZONE,Gastroenterologist
Mumbai,Kandivali,ZONE,Endocrinologist
Mumbai,Andheri east,ZONE,General Dentistry
Mumbai,Bandra,ZONE,General Alt Medicine
Mumbai,Kurla,ZONE,General Physician
Mumbai,Borivali,ZONE,Pulmonologist
Mumbai,Chembur,ZONE,General Surgeon
Mumbai,Kandivali,ZONE,Urologist
Mumbai,Dadar,ZONE,Urologist
Mumbai,Dadar,ZONE,Neurologist
Mumbai,Mumbai-Cityinventory,SUPERZONE,Oncologist
Mumbai,Andheri east,ZONE,Sexologist
Mumbai,Chembur,ZONE,Endocrinologist
Mumbai,Mulund,ZONE,ENT
Mumbai,Dadar,ZONE,Cardiologist
Mumbai,Malad,ZONE,Neurologist
Mumbai,Andheri west,ZONE,Gastroenterologist
Mumbai,Kandivali,ZONE,General Psychiatry
Mumbai,Goregaon,ZONE,Sexologist
Mumbai,Andheri east,ZONE,Urologist
Mumbai,Tardeo,ZONE,General Ophthalmology
Mumbai,Andheri west,ZONE,Cardiologist
Mumbai,Andheri east,ZONE,Neurologist
Mumbai,Kandivali,ZONE,General Gynecology
Mumbai,Mumbai-Cityinventory,SUPERZONE,Pulmonologist
Mumbai,Malad,ZONE,ENT
Mumbai,Mumbai-Cityinventory,SUPERZONE,Dietitian
Mumbai,Borivali,ZONE,General Alt Medicine
Mumbai,Ghatkopar,ZONE,General Gynecology
Mumbai,Juhu,ZONE,General Psychiatry
Mumbai,Fort area,ZONE,Sexologist
Mumbai,Borivali,ZONE,Urologist
Mumbai,Borivali,ZONE,Oncologist
Mumbai,Mumbai-Cityinventory,SUPERZONE,Cardiologist
Mumbai,Mulund,ZONE,General Psychiatry
Mumbai,Bandra,ZONE,Dietitian
Mumbai,Powai,ZONE,General Dentistry
Mumbai,Ghatkopar,ZONE,Physiotherapist
Mumbai,Bandra,ZONE,Physiotherapist
Mumbai,Powai,ZONE,General Physician
Mumbai,Malad,ZONE,Physiotherapist
Mumbai,Bandra,ZONE,General Physician
Mumbai,Mulund,ZONE,Physiotherapist
Mumbai,Andheri east,ZONE,General Gynecology
Mumbai,Andheri west,ZONE,Endocrinologist
Mumbai,Malad,ZONE,Urologist
Mumbai,Mumbai-Cityinventory,SUPERZONE,Endocrinologist
Mumbai,Borivali,ZONE,Orthopaedics
Mumbai,Mumbai-Cityinventory,SUPERZONE,General Dentistry
Mumbai,Mumbai-Cityinventory,SUPERZONE,ENT
Mumbai,Parel,ZONE,Physiotherapist
Mumbai,Goregaon,ZONE,Gastroenterologist
Mumbai,Fort area,ZONE,General Alt Medicine
Mumbai,Dadar,ZONE,Hair Transplant
Mumbai,Powai,ZONE,Dietitian
Mumbai,Borivali,ZONE,Neurologist
Mumbai,Dahisar,ZONE,Speech Therapist
Mumbai,Mulund,ZONE,General Alt Medicine
Mumbai,Mulund,ZONE,Urologist
Mumbai,Dadar,ZONE,General Ophthalmology
Mumbai,Ghatkopar,ZONE,Homeopathy
Mumbai,Tardeo,ZONE,Neurologist
Mumbai,Andheri west,ZONE,General Dermatology
Mumbai,Powai,ZONE,ENT
Mumbai,Mumbai-Cityinventory,SUPERZONE,Vascular Surgeon
Mumbai,Tardeo,ZONE,General Dermatology
Mumbai,Dadar,ZONE,General Gynecology
Mumbai,Parel,ZONE,Oncologist
Mumbai,Malad,ZONE,General Physician
Mumbai,Tardeo,ZONE,General Psychiatry
Mumbai,Ghatkopar,ZONE,Pulmonologist
Mumbai,Andheri west,ZONE,Homeopathy
Mumbai,Powai,ZONE,Sexologist
Mumbai,Juhu,ZONE,Urologist
Mumbai,Dahisar,ZONE,Urologist
Mumbai,Goregaon,ZONE,Orthopaedics
Mumbai,Tardeo,ZONE,General Alt Medicine
Mumbai,Chembur,ZONE,Veterinarian
Mumbai,Kandivali,ZONE,General Dermatology
Mumbai,Malad,ZONE,General Dentistry
Mumbai,Kurla,ZONE,General Pediatrics
Mumbai,Chembur,ZONE,Nephrologist
Mumbai,Mulund,ZONE,Homeopathy
Mumbai,Chembur,ZONE,Urologist
Mumbai,Andheri east,ZONE,General Alt Medicine
Mumbai,Parel,ZONE,General Alt Medicine
Mumbai,Kandivali,ZONE,General Surgeon
Mumbai,Andheri west,ZONE,General Ophthalmology
Mumbai,Dadar,ZONE,General Physician
Mumbai,Tardeo,ZONE,General Gynecology
Mumbai,Malad,ZONE,General Dermatology
Mumbai,Kandivali,ZONE,Gastroenterologist
Mumbai,Goregaon,ZONE,Dietitian
Mumbai,Kandivali,ZONE,Neurologist
Mumbai,Juhu,ZONE,General Dermatology
Mumbai,Ghatkopar,ZONE,General Physician
Mumbai,Bandra,ZONE,Urologist
Mumbai,Kurla,ZONE,ENT
Mumbai,Mulund,ZONE,Cardiologist
Mumbai,Malad,ZONE,General Pediatrics
Mumbai,Bandra,ZONE,Endocrinologist
Mumbai,Borivali,ZONE,Cardiologist
Mumbai,Chembur,ZONE,Sexologist
Mumbai,Bandra,ZONE,Hair Transplant
Mumbai,Kurla,ZONE,General Gynecology
Mumbai,Powai,ZONE,Cardiologist
Mumbai,Parel,ZONE,General Dentistry
Mumbai,Fort area,ZONE,Physiotherapist
Mumbai,Andheri west,ZONE,Physiotherapist
Mumbai,Goregaon,ZONE,General Gynecology
Mumbai,Dahisar,ZONE,General Gynecology
Mumbai,Goregaon,ZONE,General Dentistry
Mumbai,Mumbai-Cityinventory,SUPERZONE,Hematologist
Mumbai,Goregaon,ZONE,General Dermatology
Mumbai,Dadar,ZONE,Gastroenterologist
Mumbai,Chembur,ZONE,General Ophthalmology
Mumbai,Bandra,ZONE,Gastroenterologist
Mumbai,Goregaon,ZONE,Physiotherapist
Mumbai,Kurla,ZONE,Sexologist
Mumbai,Andheri west,ZONE,Urologist
Mumbai,Kandivali,ZONE,Orthopaedics
Mumbai,Andheri east,ZONE,Dietitian
Mumbai,Goregaon,ZONE,Neurologist
Mumbai,Andheri east,ZONE,General Ophthalmology
Mumbai,Mumbai-Cityinventory,SUPERZONE,Nephrologist
Mumbai,Kandivali,ZONE,Cardiologist
Mumbai,Mulund,ZONE,General Ophthalmology
Mumbai,Ghatkopar,ZONE,Neurologist
Mumbai,Andheri east,ZONE,ENT
Mumbai,Powai,ZONE,Endocrinologist
Mumbai,Tardeo,ZONE,Physiotherapist
Mumbai,Powai,ZONE,Gastroenterologist
Mumbai,Mumbai-Cityinventory,SUPERZONE,Sexologist
Mumbai,Fort area,ZONE,Neurologist
Mumbai,Kandivali,ZONE,ENT
Mumbai,Mulund,ZONE,General Gynecology
Mumbai,Ghatkopar,ZONE,General Dermatology
Mumbai,Powai,ZONE,General Dermatology
Mumbai,Dadar,ZONE,Physiotherapist
Mumbai,Borivali,ZONE,Endocrinologist
Mumbai,Dahisar,ZONE,General Surgeon
Mumbai,Mumbai-Cityinventory,SUPERZONE,General Alt Medicine
Mumbai,Mulund,ZONE,Sexologist
Mumbai,Ghatkopar,ZONE,Endocrinologist
Mumbai,Dadar,ZONE,Sexologist
Mumbai,Juhu,ZONE,Sexologist
Mumbai,Dahisar,ZONE,Gastroenterologist
Mumbai,Malad,ZONE,Sexologist
Mumbai,Mumbai-Cityinventory,SUPERZONE,General Gynecology
Mumbai,Mulund,ZONE,General Pediatrics
Mumbai,Powai,ZONE,Homeopathy
Mumbai,Kurla,ZONE,Homeopathy
Mumbai,Andheri east,ZONE,General Dermatology
Mumbai,Mumbai-Cityinventory,SUPERZONE,General Dermatology
Mumbai,Powai,ZONE,General Pediatrics
Mumbai,Parel,ZONE,Gastroenterologist
Mumbai,Powai,ZONE,General Alt Medicine
Mumbai,Goregaon,ZONE,General Ophthalmology
Mumbai,Malad,ZONE,General Psychiatry
Mumbai,Kandivali,ZONE,General Alt Medicine
Mumbai,Mumbai-Cityinventory,SUPERZONE,Allergist/Immunologist
Mumbai,Dahisar,ZONE,Cardiologist
Mumbai,Parel,ZONE,Cosmetic/Plastic Surgeon
Mumbai,Mumbai-Cityinventory,SUPERZONE,Occupational Therapist
Mumbai,Parel,ZONE,General Gynecology
Mumbai,Dahisar,ZONE,General Ophthalmology
Mumbai,Dahisar,ZONE,Orthopaedics
Mumbai,Andheri west,ZONE,Dietitian
Mumbai,Kurla,ZONE,General Dentistry
Mumbai,Mulund,ZONE,Endocrinologist
Mumbai,Mulund,ZONE,Pulmonologist
Mumbai,Ghatkopar,ZONE,General Dentistry
Mumbai,Kandivali,ZONE,Dietitian
Mumbai,Borivali,ZONE,Nephrologist
Mumbai,Kurla,ZONE,Orthopaedics
Mumbai,Andheri east,ZONE,General Pediatrics
Mumbai,Goregaon,ZONE,General Alt Medicine
Mumbai,Chembur,ZONE,General Alt Medicine
Mumbai,Andheri east,ZONE,Pulmonologist
Mumbai,Chembur,ZONE,Hair Transplant
Mumbai,Chembur,ZONE,Neurologist
Mumbai,Andheri east,ZONE,Gastroenterologist
Mumbai,Bandra,ZONE,General Dermatology
Mumbai,Chembur,ZONE,General Psychiatry
Mumbai,Mumbai-Cityinventory,SUPERZONE,Radiology
Mumbai,Fort area,ZONE,General Dermatology
Mumbai,Ghatkopar,ZONE,ENT
Mumbai,Dadar,ZONE,General Dentistry
Mumbai,Dahisar,ZONE,Veterinarian
Mumbai,Bandra,ZONE,Neurologist
Mumbai,Dadar,ZONE,Orthopaedics
Mumbai,Tardeo,ZONE,Orthopaedics
Mumbai,Tardeo,ZONE,Cardiologist
Mumbai,Dadar,ZONE,Homeopathy
Mumbai,Dadar,ZONE,General Surgeon
Mumbai,Borivali,ZONE,General Dentistry
Mumbai,Kurla,ZONE,General Dermatology
Mumbai,Tardeo,ZONE,Cosmetic/Plastic Surgeon
Mumbai,Malad,ZONE,Dietitian
Mumbai,Mumbai-Cityinventory,SUPERZONE,Physiotherapist
Mumbai,Mumbai-Cityinventory,SUPERZONE,General Physician
Mumbai,Powai,ZONE,General Ophthalmology
Mumbai,Ghatkopar,ZONE,Cardiologist
Mumbai,Mulund,ZONE,Gastroenterologist
Mumbai,Juhu,ZONE,ENT
Mumbai,Dadar,ZONE,General Pediatrics
Mumbai,Parel,ZONE,General Psychiatry
Mumbai,Tardeo,ZONE,General Physician
Mumbai,Parel,ZONE,ENT
Mumbai,Mumbai-Cityinventory,SUPERZONE,Cosmetic/Plastic Surgeon
Mumbai,Kandivali,ZONE,General Dentistry
Mumbai,Mulund,ZONE,General Dermatology
Mumbai,Juhu,ZONE,Gastroenterologist
Mumbai,Andheri west,ZONE,Pulmonologist
Mumbai,Mumbai-Cityinventory,SUPERZONE,Orthopaedics
Mumbai,Andheri west,ZONE,General Dentistry
Mumbai,Tardeo,ZONE,Sexologist
Mumbai,Dahisar,ZONE,General Psychiatry
Mumbai,Fort area,ZONE,General Dentistry
Mumbai,Kandivali,ZONE,General Physician
Mumbai,Chembur,ZONE,General Gynecology
Mumbai,Kandivali,ZONE,Sexologist
Mumbai,Malad,ZONE,General Ophthalmology
Mumbai,Andheri west,ZONE,General Alt Medicine
Mumbai,Goregaon,ZONE,General Pediatrics
Mumbai,Kurla,ZONE,Cardiologist
Mumbai,Mumbai-Cityinventory,SUPERZONE,Speech Therapist
Mumbai,Dadar,ZONE,General Psychiatry
Mumbai,Kandivali,ZONE,General Pediatrics
Mumbai,Chembur,ZONE,General Dermatology
Mumbai,Powai,ZONE,Urologist
Mumbai,Mumbai-Cityinventory,SUPERZONE,Neurologist
Mumbai,Kandivali,ZONE,Pulmonologist
Mumbai,Goregaon,ZONE,Endocrinologist
Mumbai,Mulund,ZONE,General Physician
Mumbai,Kurla,ZONE,Endocrinologist
Mumbai,Bandra,ZONE,General Gynecology
Mumbai,Mumbai-Cityinventory,SUPERZONE,Homeopathy
Mumbai,Ghatkopar,ZONE,Urologist
Mumbai,Juhu,ZONE,General Gynecology
Mumbai,Borivali,ZONE,General Ophthalmology
Mumbai,Fort area,ZONE,General Psychiatry
Mumbai,Andheri west,ZONE,General Physician
Mumbai,Andheri east,ZONE,Hair Transplant
Mumbai,Andheri west,ZONE,ENT
Mumbai,Mulund,ZONE,Neurologist
Mumbai,Fort area,ZONE,General Physician
Mumbai,Mumbai-Cityinventory,SUPERZONE,General Psychiatry
Mumbai,Borivali,ZONE,Physiotherapist
Mumbai,Dahisar,ZONE,General Alt Medicine
Mumbai,Chembur,ZONE,Physiotherapist
Mumbai,Parel,ZONE,General Physician
Mumbai,Andheri east,ZONE,General Surgeon
Mumbai,Chembur,ZONE,Gastroenterologist
Mumbai,Andheri east,ZONE,General Physician
Mumbai,Bandra,ZONE,Orthopaedics
Mumbai,Fort area,ZONE,General Ophthalmology
Mumbai,Kurla,ZONE,General Alt Medicine
Mumbai,Ghatkopar,ZONE,General Surgeon
Mumbai,Dadar,ZONE,ENT
Mumbai,Juhu,ZONE,Orthopaedics
Mumbai,Ghatkopar,ZONE,Sexologist
Mumbai,Mulund,ZONE,Hair Transplant
Mumbai,Powai,ZONE,Physiotherapist
Mumbai,Goregaon,ZONE,Cardiologist
Mumbai,Borivali,ZONE,General Physician
Mumbai,Juhu,ZONE,General Ophthalmology
Mumbai,Borivali,ZONE,Dietitian
Mumbai,Borivali,ZONE,General Pediatrics
Mumbai,Chembur,ZONE,ENT
Mumbai,Dahisar,ZONE,General Dentistry
Mumbai,Powai,ZONE,Neurologist
Mumbai,Mulund,ZONE,Orthopaedics
Mumbai,Powai,ZONE,Orthopaedics
Mumbai,Andheri west,ZONE,Hair Transplant
Mumbai,Malad,ZONE,General Gynecology
Mumbai,Andheri west,ZONE,Cosmetic/Plastic Surgeon
Mumbai,Kurla,ZONE,General Psychiatry
Mumbai,Goregaon,ZONE,General Psychiatry
Mumbai,Andheri west,ZONE,Sexologist
Mumbai,Ghatkopar,ZONE,General Psychiatry
Mumbai,Juhu,ZONE,General Dentistry
Mumbai,Malad,ZONE,Orthopaedics
Mumbai,Bandra,ZONE,General Ophthalmology
Mumbai,Dahisar,ZONE,Neurologist
Mumbai,Kurla,ZONE,General Ophthalmology
Mumbai,Mumbai-Cityinventory,SUPERZONE,Urologist
Mumbai,Fort area,ZONE,Orthopaedics
Mumbai,Andheri east,ZONE,General Psychiatry
Mumbai,Tardeo,ZONE,Gastroenterologist
Mumbai,Chembur,ZONE,Orthopaedics
Mumbai,Chembur,ZONE,Homeopathy
Mumbai,Goregaon,ZONE,ENT
Mumbai,Ghatkopar,ZONE,Dietitian
Mumbai,Bandra,ZONE,Sexologist
Mumbai,Tardeo,ZONE,General Dentistry
Mumbai,Borivali,ZONE,General Psychiatry
Mumbai,Dahisar,ZONE,Dietitian
Mumbai,Juhu,ZONE,Physiotherapist
Mumbai,Dahisar,ZONE,Pulmonologist
Mumbai,Kurla,ZONE,Gastroenterologist
Mumbai,Juhu,ZONE,Hair Transplant
Mumbai,Fort area,ZONE,ENT
Mumbai,Borivali,ZONE,Cosmetic/Plastic Surgeon
Mumbai,Andheri east,ZONE,Physiotherapist
Mumbai,Borivali,ZONE,Homeopathy
Mumbai,Dahisar,ZONE,Physiotherapist
Mumbai,Andheri west,ZONE,Orthopaedics
Mumbai,Parel,ZONE,Sexologist
Mumbai,Dadar,ZONE,Cosmetic/Plastic Surgeon
Mumbai,Andheri east,ZONE,Orthopaedics
Mumbai,Goregaon,ZONE,Urologist
Mumbai,Dadar,ZONE,Endocrinologist
Mumbai,Ghatkopar,ZONE,General Ophthalmology
Mumbai,Chembur,ZONE,General Pediatrics
Mumbai,Bandra,ZONE,General Psychiatry
Mumbai,Kurla,ZONE,Neurologist
Mumbai,Kandivali,ZONE,General Ophthalmology
Mumbai,Fort area,ZONE,General Gynecology
Mumbai,Chembur,ZONE,General Physician
Mumbai,Borivali,ZONE,General Dermatology
Mumbai,Tardeo,ZONE,Homeopathy
Mumbai,Andheri west,ZONE,General Pediatrics
Mumbai,Ghatkopar,ZONE,General Pediatrics
Mumbai,Andheri east,ZONE,General Dentistry
Mumbai,Borivali,ZONE,General Surgeon
Mumbai,Mulund,ZONE,General Dentistry
Mumbai,Juhu,ZONE,General Physician
Mumbai,Andheri east,ZONE,Cardiologist
Mumbai,Goregaon,ZONE,Pulmonologist
Mumbai,Dahisar,ZONE,General Dermatology
Mumbai,Borivali,ZONE,ENT
Mumbai,Mumbai-Cityinventory,SUPERZONE,Gastroenterologist
Mumbai,Dadar,ZONE,Dietitian
Mumbai,Kurla,ZONE,Physiotherapist
Mumbai,Mumbai-Cityinventory,SUPERZONE,Hair Transplant
Mumbai,Borivali,ZONE,Hair Transplant
Mumbai,Dahisar,ZONE,General Pediatrics
Mumbai,Parel,ZONE,Orthopaedics
Mumbai,Dahisar,ZONE,ENT
Mumbai,Chembur,ZONE,Dietitian
Mumbai,Kandivali,ZONE,Physiotherapist
Mumbai,Andheri west,ZONE,Neurologist
Mumbai,Juhu,ZONE,Homeopathy
Mumbai,Parel,ZONE,General Ophthalmology
Mumbai,Mumbai-Cityinventory,SUPERZONE,General Ophthalmology
Murshidabad,Murshidabad-Cityinventory,SUPERZONE,General Physician
Murshidabad,Murshidabad-Cityinventory,SUPERZONE,General Physician
Muzaffarnagar,Muzaffarnagar-Cityinventory,SUPERZONE,General Physician
Muzaffarnagar,Muzaffarnagar-Cityinventory,SUPERZONE,ENT
Muzaffarnagar,Muzaffarnagar-Cityinventory,SUPERZONE,General Physician
Muzaffarnagar,Muzaffarnagar-Cityinventory,SUPERZONE,ENT
Muzaffarpur,Muzaffarpur-Cityinventory,SUPERZONE,General Dentistry
Muzaffarpur,Muzaffarpur-Cityinventory,SUPERZONE,General Gynecology
Muzaffarpur,Muzaffarpur-Cityinventory,SUPERZONE,General Physician
Muzaffarpur,Muzaffarpur-Cityinventory,SUPERZONE,General Physician
Muzaffarpur,Muzaffarpur-Cityinventory,SUPERZONE,General Gynecology
Muzaffarpur,Muzaffarpur-Cityinventory,SUPERZONE,General Dentistry
Mysore,Mysore-Cityinventory,SUPERZONE,General Psychiatry
Mysore,Mysore,ZONE,Orthopaedics
Mysore,Mysore-Cityinventory,SUPERZONE,General Dentistry
Mysore,Mysore-Cityinventory,SUPERZONE,Cardiologist
Mysore,Mysore-Cityinventory,SUPERZONE,Physiotherapist
Mysore,Mysore-Cityinventory,SUPERZONE,Sexologist
Mysore,Mysore-Cityinventory,SUPERZONE,Pulmonologist
Mysore,Mysore,ZONE,Sexologist
Mysore,Mysore-Cityinventory,SUPERZONE,General Surgeon
Mysore,Mysore-Cityinventory,SUPERZONE,Endocrinologist
Mysore,Mysore,ZONE,Neurologist
Mysore,Mysore-Cityinventory,SUPERZONE,General Gynecology
Mysore,Mysore,ZONE,General Dentistry
Mysore,Mysore-Cityinventory,SUPERZONE,Urologist
Mysore,Mysore,ZONE,General Gynecology
Mysore,Mysore-Cityinventory,SUPERZONE,Neurologist
Mysore,Mysore-Cityinventory,SUPERZONE,General Dermatology
Mysore,Mysore-Cityinventory,SUPERZONE,Cosmetic/Plastic Surgeon
Mysore,Mysore-Cityinventory,SUPERZONE,Gastroenterologist
Mysore,Mysore-Cityinventory,SUPERZONE,General Pediatrics
Mysore,Mysore-Cityinventory,SUPERZONE,General Ophthalmology
Mysore,Mysore-Cityinventory,SUPERZONE,Oncologist
Mysore,Mysore-Cityinventory,SUPERZONE,Hair Transplant
Mysore,Mysore-Cityinventory,SUPERZONE,Dietitian
Mysore,Mysore-Cityinventory,SUPERZONE,Orthopaedics
Mysore,Mysore,ZONE,Gastroenterologist
Mysore,Mysore-Cityinventory,SUPERZONE,General Alt Medicine
Mysore,Mysore,ZONE,General Dermatology
Mysore,Mysore,ZONE,ENT
Mysore,Mysore,ZONE,General Pediatrics
Mysore,Mysore-Cityinventory,SUPERZONE,General Physician
Mysore,Mysore-Cityinventory,SUPERZONE,ENT
Mysore,Mysore-Cityinventory,SUPERZONE,Hair Transplant
Mysore,Mysore-Cityinventory,SUPERZONE,General Dentistry
Mysore,Mysore-Cityinventory,SUPERZONE,General Surgeon
Mysore,Mysore,ZONE,ENT
Mysore,Mysore,ZONE,General Dermatology
Mysore,Mysore-Cityinventory,SUPERZONE,General Pediatrics
Mysore,Mysore-Cityinventory,SUPERZONE,Endocrinologist
Mysore,Mysore,ZONE,Orthopaedics
Mysore,Mysore-Cityinventory,SUPERZONE,General Dermatology
Mysore,Mysore-Cityinventory,SUPERZONE,ENT
Mysore,Mysore-Cityinventory,SUPERZONE,General Physician
Mysore,Mysore,ZONE,Sexologist
Mysore,Mysore,ZONE,General Physician
Mysore,Mysore-Cityinventory,SUPERZONE,General Alt Medicine
Mysore,Mysore,ZONE,Neurologist
Mysore,Mysore-Cityinventory,SUPERZONE,Orthopaedics
Mysore,Mysore-Cityinventory,SUPERZONE,General Gynecology
Mysore,Mysore,ZONE,General Pediatrics
Mysore,Mysore-Cityinventory,SUPERZONE,Cosmetic/Plastic Surgeon
Mysore,Mysore,ZONE,Gastroenterologist
Mysore,Mysore,ZONE,General Gynecology
Mysore,Mysore-Cityinventory,SUPERZONE,Pulmonologist
Mysore,Mysore-Cityinventory,SUPERZONE,Neurologist
Mysore,Mysore-Cityinventory,SUPERZONE,Oncologist
Mysore,Mysore-Cityinventory,SUPERZONE,Urologist
Mysore,Mysore-Cityinventory,SUPERZONE,Gastroenterologist
Mysore,Mysore-Cityinventory,SUPERZONE,General Ophthalmology
Mysore,Mysore-Cityinventory,SUPERZONE,General Psychiatry
Mysore,Mysore-Cityinventory,SUPERZONE,Cardiologist
Mysore,Mysore,ZONE,General Dentistry
Mysore,Mysore-Cityinventory,SUPERZONE,Physiotherapist
Mysore,Mysore-Cityinventory,SUPERZONE,Sexologist
Mysore,Mysore-Cityinventory,SUPERZONE,Dietitian
Nagpur,Nagpur-Cityinventory,SUPERZONE,General Ophthalmology
Nagpur,Wardhaman Nagar,ZONE,ENT
Nagpur,Nagpur-Cityinventory,SUPERZONE,Neurologist
Nagpur,Nagpur-Cityinventory,SUPERZONE,Orthopaedics
Nagpur,Nagpur-Cityinventory,SUPERZONE,Nephrologist
Nagpur,Ramdaspeth,ZONE,General Physician
Nagpur,Nagpur-Cityinventory,SUPERZONE,Dietitian
Nagpur,Nagpur-Cityinventory,SUPERZONE,Pulmonologist
Nagpur,Nagpur-Cityinventory,SUPERZONE,General Dentistry
Nagpur,Wardhaman Nagar,ZONE,General Psychiatry
Nagpur,Nagpur-Cityinventory,SUPERZONE,Hair Transplant
Nagpur,Dhantoli,ZONE,General Physician
Nagpur,Sadar,ZONE,General Dermatology
Nagpur,Dhantoli,ZONE,General Dentistry
Nagpur,Sadar,ZONE,General Ophthalmology
Nagpur,Ramdaspeth,ZONE,Physiotherapist
Nagpur,Nagpur-Cityinventory,SUPERZONE,General Surgeon
Nagpur,Nagpur-Cityinventory,SUPERZONE,General Alt Medicine
Nagpur,Nagpur-Cityinventory,SUPERZONE,Physiotherapist
Nagpur,Nagpur-Cityinventory,SUPERZONE,Cardiologist
Nagpur,Ramdaspeth,ZONE,General Psychiatry
Nagpur,Nagpur-Cityinventory,SUPERZONE,General Psychiatry
Nagpur,Nagpur-Cityinventory,SUPERZONE,General Gynecology
Nagpur,Nagpur-Cityinventory,SUPERZONE,Urologist
Nagpur,Ramdaspeth,ZONE,General Gynecology
Nagpur,Dhantoli,ZONE,General Gynecology
Nagpur,Dhantoli,ZONE,Orthopaedics
Nagpur,Nagpur-Cityinventory,SUPERZONE,Hematologist
Nagpur,Nagpur-Cityinventory,SUPERZONE,General Pediatrics
Nagpur,Ramdaspeth,ZONE,Orthopaedics
Nagpur,Ramdaspeth,ZONE,General Dermatology
Nagpur,Dhantoli,ZONE,General Dermatology
Nagpur,Nagpur-Cityinventory,SUPERZONE,Gastroenterologist
Nagpur,Nagpur-Cityinventory,SUPERZONE,Sexologist
Nagpur,Ramdaspeth,ZONE,ENT
Nagpur,Nagpur-Cityinventory,SUPERZONE,Cosmetic/Plastic Surgeon
Nagpur,Nagpur-Cityinventory,SUPERZONE,Oncologist
Nagpur,Nagpur-Cityinventory,SUPERZONE,ENT
Nagpur,Nagpur-Cityinventory,SUPERZONE,Endocrinologist
Nagpur,Dhantoli,ZONE,General Psychiatry
Nagpur,Nagpur-Cityinventory,SUPERZONE,General Physician
Nagpur,Sadar,ZONE,General Dentistry
Nagpur,Dhantoli,ZONE,ENT
Nagpur,Nagpur-Cityinventory,SUPERZONE,General Dermatology
Nagpur,Ramdaspeth,ZONE,General Dentistry
Nagpur,Wardhaman Nagar,ZONE,General Dentistry
Nagpur,Nagpur-Cityinventory,SUPERZONE,Homeopathy
Nagpur,Wardhaman Nagar,ZONE,General Psychiatry
Nagpur,Dhantoli,ZONE,ENT
Nagpur,Wardhaman Nagar,ZONE,General Dentistry
Nagpur,Nagpur-Cityinventory,SUPERZONE,Physiotherapist
Nagpur,Sadar,ZONE,General Dermatology
Nagpur,Dhantoli,ZONE,General Dentistry
Nagpur,Nagpur-Cityinventory,SUPERZONE,Gastroenterologist
Nagpur,Dhantoli,ZONE,General Psychiatry
Nagpur,Nagpur-Cityinventory,SUPERZONE,General Dermatology
Nagpur,Nagpur-Cityinventory,SUPERZONE,Sexologist
Nagpur,Nagpur-Cityinventory,SUPERZONE,General Pediatrics
Nagpur,Nagpur-Cityinventory,SUPERZONE,ENT
Nagpur,Nagpur-Cityinventory,SUPERZONE,General Surgeon
Nagpur,Nagpur-Cityinventory,SUPERZONE,Pulmonologist
Nagpur,Sadar,ZONE,General Ophthalmology
Nagpur,Nagpur-Cityinventory,SUPERZONE,General Gynecology
Nagpur,Nagpur-Cityinventory,SUPERZONE,General Physician
Nagpur,Nagpur-Cityinventory,SUPERZONE,General Alt Medicine
Nagpur,Nagpur-Cityinventory,SUPERZONE,General Dentistry
Nagpur,Ramdaspeth,ZONE,ENT
Nagpur,Dhantoli,ZONE,General Physician
Nagpur,Ramdaspeth,ZONE,Physiotherapist
Nagpur,Ramdaspeth,ZONE,General Dentistry
Nagpur,Nagpur-Cityinventory,SUPERZONE,Hematologist
Nagpur,Ramdaspeth,ZONE,Orthopaedics
Nagpur,Ramdaspeth,ZONE,General Dermatology
Nagpur,Nagpur-Cityinventory,SUPERZONE,Cosmetic/Plastic Surgeon
Nagpur,Nagpur-Cityinventory,SUPERZONE,Neurologist
Nagpur,Dhantoli,ZONE,General Dermatology
Nagpur,Nagpur-Cityinventory,SUPERZONE,Hair Transplant
Nagpur,Nagpur-Cityinventory,SUPERZONE,Homeopathy
Nagpur,Ramdaspeth,ZONE,General Physician
Nagpur,Nagpur-Cityinventory,SUPERZONE,Cardiologist
Nagpur,Nagpur-Cityinventory,SUPERZONE,Endocrinologist
Nagpur,Nagpur-Cityinventory,SUPERZONE,Orthopaedics
Nagpur,Nagpur-Cityinventory,SUPERZONE,Nephrologist
Nagpur,Ramdaspeth,ZONE,General Gynecology
Nagpur,Dhantoli,ZONE,General Gynecology
Nagpur,Nagpur-Cityinventory,SUPERZONE,Oncologist
Nagpur,Nagpur-Cityinventory,SUPERZONE,General Psychiatry
Nagpur,Sadar,ZONE,General Dentistry
Nagpur,Nagpur-Cityinventory,SUPERZONE,Urologist
Nagpur,Dhantoli,ZONE,Orthopaedics
Nagpur,Nagpur-Cityinventory,SUPERZONE,General Ophthalmology
Nagpur,Wardhaman Nagar,ZONE,ENT
Nagpur,Nagpur-Cityinventory,SUPERZONE,Dietitian
Nagpur,Ramdaspeth,ZONE,General Psychiatry
Nanded,Nanded-Cityinventory,SUPERZONE,General Physician
Nanded,Nanded-Cityinventory,SUPERZONE,General Physician
Nashik,Mumbai Naka,ZONE,Homeopathy
Nashik,Gangapur Road,ZONE,General Pediatrics
Nashik,Nashik-Cityinventory,SUPERZONE,Neurologist
Nashik,Nashik-Cityinventory,SUPERZONE,General Alt Medicine
Nashik,Nashik-Cityinventory,SUPERZONE,Gastroenterologist
Nashik,Nashik-Cityinventory,SUPERZONE,Homeopathy
Nashik,Nashik-Cityinventory,SUPERZONE,Sexologist
Nashik,Nashik-Cityinventory,SUPERZONE,General Gynecology
Nashik,Nashik-Cityinventory,SUPERZONE,Physiotherapist
Nashik,Nashik-Cityinventory,SUPERZONE,Cardiologist
Nashik,Nashik-Cityinventory,SUPERZONE,General Dermatology
Nashik,Nashik-Cityinventory,SUPERZONE,General Ophthalmology
Nashik,Nashik-Cityinventory,SUPERZONE,General Pediatrics
Nashik,Gangapur Road,ZONE,General Gynecology
Nashik,Nashik-Cityinventory,SUPERZONE,Cosmetic/Plastic Surgeon
Nashik,Nashik-Cityinventory,SUPERZONE,Endocrinologist
Nashik,Nashik-Cityinventory,SUPERZONE,ENT
Nashik,Nashik-Cityinventory,SUPERZONE,General Physician
Nashik,Nashik-Cityinventory,SUPERZONE,General Psychiatry
Nashik,Nashik-Cityinventory,SUPERZONE,General Surgeon
Nashik,Nashik-Cityinventory,SUPERZONE,Pulmonologist
Nashik,Nashik-Cityinventory,SUPERZONE,Urologist
Nashik,Nashik-Cityinventory,SUPERZONE,Orthopaedics
Nashik,Nashik-Cityinventory,SUPERZONE,Hair Transplant
Nashik,Nashik-Cityinventory,SUPERZONE,General Dentistry
Nashik,Nashik-Cityinventory,SUPERZONE,General Psychiatry
Nashik,Nashik-Cityinventory,SUPERZONE,Physiotherapist
Nashik,Nashik-Cityinventory,SUPERZONE,General Physician
Nashik,Nashik-Cityinventory,SUPERZONE,Sexologist
Nashik,Nashik-Cityinventory,SUPERZONE,Gastroenterologist
Nashik,Nashik-Cityinventory,SUPERZONE,General Ophthalmology
Nashik,Nashik-Cityinventory,SUPERZONE,Hair Transplant
Nashik,Nashik-Cityinventory,SUPERZONE,ENT
Nashik,Nashik-Cityinventory,SUPERZONE,General Pediatrics
Nashik,Nashik-Cityinventory,SUPERZONE,Cosmetic/Plastic Surgeon
Nashik,Nashik-Cityinventory,SUPERZONE,Endocrinologist
Nashik,Nashik-Cityinventory,SUPERZONE,General Alt Medicine
Nashik,Nashik-Cityinventory,SUPERZONE,General Surgeon
Nashik,Nashik-Cityinventory,SUPERZONE,General Gynecology
Nashik,Gangapur Road,ZONE,General Gynecology
Nashik,Nashik-Cityinventory,SUPERZONE,General Dentistry
Nashik,Nashik-Cityinventory,SUPERZONE,Cardiologist
Nashik,Nashik-Cityinventory,SUPERZONE,General Dermatology
Nashik,Nashik-Cityinventory,SUPERZONE,Homeopathy
Nashik,Nashik-Cityinventory,SUPERZONE,Pulmonologist
Nashik,Nashik-Cityinventory,SUPERZONE,Orthopaedics
Nashik,Nashik-Cityinventory,SUPERZONE,Neurologist
Nashik,Nashik-Cityinventory,SUPERZONE,Urologist
Nashik,Mumbai Naka,ZONE,Homeopathy
Nashik,Gangapur Road,ZONE,General Pediatrics
Navi Mumbai,Vashi,ZONE,Hair Transplant
Navi Mumbai,Navi Mumbai-Cityinventory,SUPERZONE,Oncologist
Navi Mumbai,Nerul,ZONE,Dietitian
Navi Mumbai,Vashi,ZONE,General Surgeon
Navi Mumbai,Navi Mumbai-Cityinventory,SUPERZONE,Orthopaedics
Navi Mumbai,Vashi,ZONE,Cardiologist
Navi Mumbai,Navi Mumbai-Cityinventory,SUPERZONE,General Gynecology
Navi Mumbai,Vashi,ZONE,Cosmetic/Plastic Surgeon
Navi Mumbai,Nerul,ZONE,Cosmetic/Plastic Surgeon
Navi Mumbai,Nerul,ZONE,General Physician
Navi Mumbai,Nerul,ZONE,General Dermatology
Navi Mumbai,Vashi,ZONE,Orthopaedics
Navi Mumbai,Nerul,ZONE,ENT
Navi Mumbai,Nerul,ZONE,Homeopathy
Navi Mumbai,Navi Mumbai-Cityinventory,SUPERZONE,Cosmetic/Plastic Surgeon
Navi Mumbai,Nerul,ZONE,Nephrologist
Navi Mumbai,Vashi,ZONE,Homeopathy
Navi Mumbai,Vashi,ZONE,General Ophthalmology
Navi Mumbai,Navi Mumbai-Cityinventory,SUPERZONE,ENT
Navi Mumbai,Nerul,ZONE,Gastroenterologist
Navi Mumbai,Vashi,ZONE,General Dermatology
Navi Mumbai,Nerul,ZONE,General Pediatrics
Navi Mumbai,Vashi,ZONE,General Psychiatry
Navi Mumbai,Navi Mumbai-Cityinventory,SUPERZONE,General Alt Medicine
Navi Mumbai,Navi Mumbai-Cityinventory,SUPERZONE,Physiotherapist
Navi Mumbai,Vashi,ZONE,Gastroenterologist
Navi Mumbai,Nerul,ZONE,Physiotherapist
Navi Mumbai,Navi Mumbai-Cityinventory,SUPERZONE,Cardiologist
Navi Mumbai,Vashi,ZONE,Veterinarian
Navi Mumbai,Navi Mumbai-Cityinventory,SUPERZONE,Hair Transplant
Navi Mumbai,Navi Mumbai-Cityinventory,SUPERZONE,Speech Therapist
Navi Mumbai,Navi Mumbai-Cityinventory,SUPERZONE,Endocrinologist
Navi Mumbai,Vashi,ZONE,Pulmonologist
Navi Mumbai,Navi Mumbai-Cityinventory,SUPERZONE,General Dermatology
Navi Mumbai,Vashi,ZONE,Dietitian
Navi Mumbai,Nerul,ZONE,General Surgeon
Navi Mumbai,Nerul,ZONE,Cardiologist
Navi Mumbai,Vashi,ZONE,Urologist
Navi Mumbai,Nerul,ZONE,Hair Transplant
Navi Mumbai,Nerul,ZONE,General Alt Medicine
Navi Mumbai,Navi Mumbai-Cityinventory,SUPERZONE,General Ophthalmology
Navi Mumbai,Navi Mumbai-Cityinventory,SUPERZONE,General Physician
Navi Mumbai,Vashi,ZONE,Endocrinologist
Navi Mumbai,Vashi,ZONE,General Dentistry
Navi Mumbai,Nerul,ZONE,Orthopaedics
Navi Mumbai,Navi Mumbai-Cityinventory,SUPERZONE,Homeopathy
Navi Mumbai,Nerul,ZONE,Pulmonologist
Navi Mumbai,Nerul,ZONE,Endocrinologist
Navi Mumbai,Nerul,ZONE,Veterinarian
Navi Mumbai,Nerul,ZONE,General Ophthalmology
Navi Mumbai,Vashi,ZONE,Neurologist
Navi Mumbai,Nerul,ZONE,General Dentistry
Navi Mumbai,Nerul,ZONE,General Psychiatry
Navi Mumbai,Vashi,ZONE,ENT
Navi Mumbai,Nerul,ZONE,Speech Therapist
Navi Mumbai,Nerul,ZONE,General Gynecology
Navi Mumbai,Vashi,ZONE,General Physician
Navi Mumbai,Vashi,ZONE,Physiotherapist
Navi Mumbai,Navi Mumbai-Cityinventory,SUPERZONE,General Surgeon
Navi Mumbai,Vashi,ZONE,Sexologist
Navi Mumbai,Navi Mumbai-Cityinventory,SUPERZONE,Nephrologist
Navi Mumbai,Vashi,ZONE,General Pediatrics
Navi Mumbai,Navi Mumbai-Cityinventory,SUPERZONE,General Dentistry
Navi Mumbai,Navi Mumbai-Cityinventory,SUPERZONE,Gastroenterologist
Navi Mumbai,Navi Mumbai-Cityinventory,SUPERZONE,Urologist
Navi Mumbai,Navi Mumbai-Cityinventory,SUPERZONE,General Psychiatry
Navi Mumbai,Navi Mumbai-Cityinventory,SUPERZONE,Neurologist
Navi Mumbai,Nerul,ZONE,Oncologist
Navi Mumbai,Vashi,ZONE,General Gynecology
Navi Mumbai,Vashi,ZONE,General Alt Medicine
Navi Mumbai,Navi Mumbai-Cityinventory,SUPERZONE,Pulmonologist
Navi Mumbai,Navi Mumbai-Cityinventory,SUPERZONE,Dietitian
Navi Mumbai,Navi Mumbai-Cityinventory,SUPERZONE,Hematologist
Navi Mumbai,Nerul,ZONE,Sexologist
Navi Mumbai,Nerul,ZONE,Neurologist
Navi Mumbai,Navi Mumbai-Cityinventory,SUPERZONE,General Pediatrics
Navi Mumbai,Navi Mumbai-Cityinventory,SUPERZONE,Sexologist
Navi Mumbai,Nerul,ZONE,Urologist
Navi Mumbai,Navi Mumbai-Cityinventory,SUPERZONE,Homeopathy
Navi Mumbai,Vashi,ZONE,Neurologist
Navi Mumbai,Vashi,ZONE,Hair Transplant
Navi Mumbai,Vashi,ZONE,Physiotherapist
Navi Mumbai,Vashi,ZONE,General Dermatology
Navi Mumbai,Nerul,ZONE,General Psychiatry
Navi Mumbai,Vashi,ZONE,General Psychiatry
Navi Mumbai,Vashi,ZONE,Cosmetic/Plastic Surgeon
Navi Mumbai,Navi Mumbai-Cityinventory,SUPERZONE,Physiotherapist
Navi Mumbai,Nerul,ZONE,General Alt Medicine
Navi Mumbai,Nerul,ZONE,Urologist
Navi Mumbai,Navi Mumbai-Cityinventory,SUPERZONE,Hair Transplant
Navi Mumbai,Vashi,ZONE,General Surgeon
Navi Mumbai,Nerul,ZONE,Cardiologist
Navi Mumbai,Navi Mumbai-Cityinventory,SUPERZONE,General Physician
Navi Mumbai,Navi Mumbai-Cityinventory,SUPERZONE,Urologist
Navi Mumbai,Vashi,ZONE,Orthopaedics
Navi Mumbai,Navi Mumbai-Cityinventory,SUPERZONE,General Pediatrics
Navi Mumbai,Vashi,ZONE,ENT
Navi Mumbai,Nerul,ZONE,Pulmonologist
Navi Mumbai,Nerul,ZONE,General Dermatology
Navi Mumbai,Navi Mumbai-Cityinventory,SUPERZONE,General Alt Medicine
Navi Mumbai,Vashi,ZONE,Pulmonologist
Navi Mumbai,Nerul,ZONE,Orthopaedics
Navi Mumbai,Nerul,ZONE,ENT
Navi Mumbai,Nerul,ZONE,Sexologist
Navi Mumbai,Nerul,ZONE,Endocrinologist
Navi Mumbai,Navi Mumbai-Cityinventory,SUPERZONE,General Ophthalmology
Navi Mumbai,Vashi,ZONE,Endocrinologist
Navi Mumbai,Nerul,ZONE,Dietitian
Navi Mumbai,Vashi,ZONE,Homeopathy
Navi Mumbai,Vashi,ZONE,General Ophthalmology
Navi Mumbai,Vashi,ZONE,Sexologist
Navi Mumbai,Nerul,ZONE,Physiotherapist
Navi Mumbai,Nerul,ZONE,Gastroenterologist
Navi Mumbai,Navi Mumbai-Cityinventory,SUPERZONE,Nephrologist
Navi Mumbai,Nerul,ZONE,Homeopathy
Navi Mumbai,Navi Mumbai-Cityinventory,SUPERZONE,Hematologist
Navi Mumbai,Navi Mumbai-Cityinventory,SUPERZONE,General Psychiatry
Navi Mumbai,Nerul,ZONE,Oncologist
Navi Mumbai,Vashi,ZONE,Urologist
Navi Mumbai,Navi Mumbai-Cityinventory,SUPERZONE,Speech Therapist
Navi Mumbai,Nerul,ZONE,General Pediatrics
Navi Mumbai,Vashi,ZONE,Cardiologist
Navi Mumbai,Nerul,ZONE,General Surgeon
Navi Mumbai,Navi Mumbai-Cityinventory,SUPERZONE,Neurologist
Navi Mumbai,Vashi,ZONE,General Alt Medicine
Navi Mumbai,Vashi,ZONE,General Gynecology
Navi Mumbai,Navi Mumbai-Cityinventory,SUPERZONE,Endocrinologist
Navi Mumbai,Navi Mumbai-Cityinventory,SUPERZONE,General Gynecology
Navi Mumbai,Vashi,ZONE,Gastroenterologist
Navi Mumbai,Navi Mumbai-Cityinventory,SUPERZONE,Sexologist
Navi Mumbai,Vashi,ZONE,General Pediatrics
Navi Mumbai,Navi Mumbai-Cityinventory,SUPERZONE,Dietitian
Navi Mumbai,Nerul,ZONE,Nephrologist
Navi Mumbai,Navi Mumbai-Cityinventory,SUPERZONE,ENT
Navi Mumbai,Navi Mumbai-Cityinventory,SUPERZONE,Orthopaedics
Navi Mumbai,Navi Mumbai-Cityinventory,SUPERZONE,General Surgeon
Navi Mumbai,Navi Mumbai-Cityinventory,SUPERZONE,Pulmonologist
Navi Mumbai,Nerul,ZONE,Speech Therapist
Navi Mumbai,Navi Mumbai-Cityinventory,SUPERZONE,General Dermatology
Navi Mumbai,Navi Mumbai-Cityinventory,SUPERZONE,Oncologist
Navi Mumbai,Navi Mumbai-Cityinventory,SUPERZONE,General Dentistry
Navi Mumbai,Nerul,ZONE,General Dentistry
Navi Mumbai,Nerul,ZONE,Hair Transplant
Navi Mumbai,Nerul,ZONE,General Ophthalmology
Navi Mumbai,Nerul,ZONE,Cosmetic/Plastic Surgeon
Navi Mumbai,Nerul,ZONE,General Physician
Navi Mumbai,Navi Mumbai-Cityinventory,SUPERZONE,Gastroenterologist
Navi Mumbai,Vashi,ZONE,Dietitian
Navi Mumbai,Nerul,ZONE,Neurologist
Navi Mumbai,Vashi,ZONE,General Physician
Navi Mumbai,Vashi,ZONE,General Dentistry
Navi Mumbai,Navi Mumbai-Cityinventory,SUPERZONE,Cardiologist
Navi Mumbai,Navi Mumbai-Cityinventory,SUPERZONE,Cosmetic/Plastic Surgeon
Navi Mumbai,Nerul,ZONE,General Gynecology
Navi Mumbai,Nerul,ZONE,Veterinarian
Navi Mumbai,Vashi,ZONE,Veterinarian
Navsari,Navsari-Cityinventory,SUPERZONE,General Physician
Navsari,Navsari-Cityinventory,SUPERZONE,General Physician
Nellore,Nellore-Cityinventory,SUPERZONE,General Physician
Nellore,Nellore-Cityinventory,SUPERZONE,ENT
Nellore,Nellore-Cityinventory,SUPERZONE,Orthopaedics
Nellore,Nellore-Cityinventory,SUPERZONE,Gastroenterologist
Nellore,Nellore-Cityinventory,SUPERZONE,General Dentistry
Nellore,Nellore-Cityinventory,SUPERZONE,Cosmetic/Plastic Surgeon
Nellore,Nellore-Cityinventory,SUPERZONE,General Dermatology
Nellore,Nellore-Cityinventory,SUPERZONE,General Gynecology
Nellore,Nellore-Cityinventory,SUPERZONE,ENT
Nellore,Nellore-Cityinventory,SUPERZONE,Orthopaedics
Nellore,Nellore-Cityinventory,SUPERZONE,Gastroenterologist
Nellore,Nellore,ZONE,General Physician
Nellore,Nellore-Cityinventory,SUPERZONE,Cosmetic/Plastic Surgeon
Nellore,Nellore-Cityinventory,SUPERZONE,General Physician
Nellore,Nellore-Cityinventory,SUPERZONE,General Dentistry
Nellore,Nellore-Cityinventory,SUPERZONE,General Gynecology
Nellore,Nellore-Cityinventory,SUPERZONE,General Dermatology
Nizamabad,Nizamabad-Cityinventory,SUPERZONE,General Dermatology
Nizamabad,Nizamabad-Cityinventory,SUPERZONE,General Physician
Nizamabad,Nizamabad-Cityinventory,SUPERZONE,General Dermatology
Nizamabad,Nizamabad-Cityinventory,SUPERZONE,General Physician
Noida,Sector 18,ZONE,General Psychiatry
Noida,Sector 18,ZONE,Urologist
Noida,Sector 62,ZONE,ENT
Noida,Noida-Cityinventory,SUPERZONE,Physiotherapist
Noida,Noida-Cityinventory,SUPERZONE,General Psychiatry
Noida,Noida-Cityinventory,SUPERZONE,General Gynecology
Noida,Sector 50,ZONE,Physiotherapist
Noida,Sector 71,ZONE,General Ophthalmology
Noida,Sector 71,ZONE,ENT
Noida,Sector 57,ZONE,General Physician
Noida,Noida-Cityinventory,SUPERZONE,Occupational Therapist
Noida,Sector 50,ZONE,Pulmonologist
Noida,Gejha,ZONE,Physiotherapist
Noida,Gejha,ZONE,Gastroenterologist
Noida,Noida-Cityinventory,SUPERZONE,Hair Transplant
Noida,Sector 18,ZONE,Homeopathy
Noida,Gejha,ZONE,General Ophthalmology
Noida,Noida-Cityinventory,SUPERZONE,Urologist
Noida,Gejha,ZONE,General Gynecology
Noida,Sector 57,ZONE,General Ophthalmology
Noida,Sector 62,ZONE,Gastroenterologist
Noida,Sector 71,ZONE,Neurologist
Noida,Sector 57,ZONE,Orthopaedics
Noida,Sector 50,ZONE,General Physician
Noida,Noida-Cityinventory,SUPERZONE,Hematologist
Noida,Sector 18,ZONE,General Dentistry
Noida,Sector 18,ZONE,Sexologist
Noida,Gejha,ZONE,Orthopaedics
Noida,Gejha,ZONE,Nephrologist
Noida,Sector 25,ZONE,Homeopathy
Noida,Sector 57,ZONE,ENT
Noida,Sector 71,ZONE,Urologist
Noida,Gejha,ZONE,Dietitian
Noida,Sector 57,ZONE,General Dermatology
Noida,Sector 15,ZONE,General Ophthalmology
Noida,Sector 50,ZONE,Sexologist
Noida,Noida-Cityinventory,SUPERZONE,General Dentistry
Noida,Sector 50,ZONE,General Dermatology
Noida,Sector 50,ZONE,Urologist
Noida,Sector 18,ZONE,Physiotherapist
Noida,Sector 71,ZONE,General Dentistry
Noida,Noida-Cityinventory,SUPERZONE,Neurologist
Noida,Sector 18,ZONE,Neurologist
Noida,Noida-Cityinventory,SUPERZONE,Endocrinologist
Noida,Sector 50,ZONE,Gastroenterologist
Noida,Gejha,ZONE,ENT
Noida,Noida-Cityinventory,SUPERZONE,General Physician
Noida,Noida-Cityinventory,SUPERZONE,ENT
Noida,Sector 18,ZONE,Orthopaedics
Noida,Sector 25,ZONE,Neurologist
Noida,Noida-Cityinventory,SUPERZONE,Homeopathy
Noida,Sector 71,ZONE,Sexologist
Noida,Sector 18,ZONE,ENT
Noida,Sector 50,ZONE,General Pediatrics
Noida,Gejha,ZONE,General Dermatology
Noida,Sector 50,ZONE,General Ophthalmology
Noida,Noida-Cityinventory,SUPERZONE,Sexologist
Noida,Sector 71,ZONE,General Alt Medicine
Noida,Noida-Cityinventory,SUPERZONE,Oncologist
Noida,Sector 50,ZONE,General Dentistry
Noida,Sector 71,ZONE,General Psychiatry
Noida,Sector 62,ZONE,General Psychiatry
Noida,Sector 71,ZONE,Dietitian
Noida,Sector 62,ZONE,General Gynecology
Noida,Noida-Cityinventory,SUPERZONE,Cardiologist
Noida,Sector 62,ZONE,Orthopaedics
Noida,Sector 25,ZONE,General Dentistry
Noida,Sector 18,ZONE,General Dermatology
Noida,Sector 50,ZONE,Orthopaedics
Noida,Noida-Cityinventory,SUPERZONE,General Alt Medicine
Noida,Gejha,ZONE,General Dentistry
Noida,Noida-Cityinventory,SUPERZONE,Orthopaedics
Noida,Sector 62,ZONE,Cardiologist
Noida,Gejha,ZONE,General Physician
Noida,Sector 62,ZONE,Urologist
Noida,Sector 25,ZONE,General Dermatology
Noida,Noida-Cityinventory,SUPERZONE,Speech Therapist
Noida,Sector 71,ZONE,General Pediatrics
Noida,Sector 62,ZONE,General Physician
Noida,Noida-Cityinventory,SUPERZONE,Pulmonologist
Noida,Sector 62,ZONE,Homeopathy
Noida,Sector 18,ZONE,Gastroenterologist
Noida,Sector 62,ZONE,General Dermatology
Noida,Sector 62,ZONE,General Pediatrics
Noida,Sector 25,ZONE,ENT
Noida,Sector 57,ZONE,General Pediatrics
Noida,Noida-Cityinventory,SUPERZONE,General Pediatrics
Noida,Sector 71,ZONE,Physiotherapist
Noida,Sector 62,ZONE,Neurologist
Noida,Sector 71,ZONE,Endocrinologist
Noida,Noida-Cityinventory,SUPERZONE,Veterinarian
Noida,Sector 71,ZONE,Homeopathy
Noida,Sector 50,ZONE,Cardiologist
Noida,Sector 50,ZONE,General Gynecology
Noida,Sector 62,ZONE,General Ophthalmology
Noida,Sector 18,ZONE,General Physician
Noida,Noida-Cityinventory,SUPERZONE,Dietitian
Noida,Sector 18,ZONE,General Ophthalmology
Noida,Sector 71,ZONE,General Gynecology
Noida,Sector 50,ZONE,ENT
Noida,Sector 57,ZONE,General Gynecology
Noida,Sector 71,ZONE,General Dermatology
Noida,Gejha,ZONE,General Pediatrics
Noida,Noida-Cityinventory,SUPERZONE,Cosmetic/Plastic Surgeon
Noida,Noida-Cityinventory,SUPERZONE,General Dermatology
Noida,Noida-Cityinventory,SUPERZONE,General Ophthalmology
Noida,Noida-Cityinventory,SUPERZONE,Nephrologist
Noida,Sector 25,ZONE,Orthopaedics
Noida,Noida-Cityinventory,SUPERZONE,General Surgeon
Noida,Noida-Cityinventory,SUPERZONE,Audiologist
Noida,Noida-Cityinventory,SUPERZONE,Gastroenterologist
Noida,Sector 50,ZONE,General Psychiatry
Noida,Sector 57,ZONE,General Dentistry
Noida,Sector 71,ZONE,Gastroenterologist
Noida,Sector 18,ZONE,General Gynecology
Noida,Sector 71,ZONE,General Physician
Noida,Sector 50,ZONE,Endocrinologist
Noida,Sector 62,ZONE,General Dentistry
Noida,Sector 50,ZONE,Homeopathy
Noida,Sector 25,ZONE,General Gynecology
Noida,Sector 71,ZONE,Orthopaedics
Noida,Gejha,ZONE,General Psychiatry
Noida,Sector 62,ZONE,Physiotherapist
Noida,Sector 50,ZONE,Neurologist
Noida,Sector 25,ZONE,General Physician
Noida,Sector 18,ZONE,Neurologist
Noida,Sector 50,ZONE,General Dentistry
Noida,Sector 62,ZONE,General Ophthalmology
Noida,Sector 25,ZONE,General Physician
Noida,Gejha,ZONE,Nephrologist
Noida,Noida-Cityinventory,SUPERZONE,Dietitian
Noida,Sector 57,ZONE,General Ophthalmology
Noida,Sector 62,ZONE,ENT
Noida,Sector 71,ZONE,General Dentistry
Noida,Gejha,ZONE,General Dermatology
Noida,Sector 50,ZONE,Cardiologist
Noida,Sector 62,ZONE,Urologist
Noida,Gejha,ZONE,General Ophthalmology
Noida,Sector 50,ZONE,Endocrinologist
Noida,Sector 18,ZONE,General Dermatology
Noida,Sector 57,ZONE,General Physician
Noida,Noida-Cityinventory,SUPERZONE,ENT
Noida,Sector 71,ZONE,ENT
Noida,Sector 71,ZONE,General Alt Medicine
Noida,Sector 62,ZONE,General Psychiatry
Noida,Noida-Cityinventory,SUPERZONE,Hematologist
Noida,Gejha,ZONE,Orthopaedics
Noida,Sector 25,ZONE,Homeopathy
Noida,Sector 50,ZONE,General Gynecology
Noida,Noida-Cityinventory,SUPERZONE,Oncologist
Noida,Sector 18,ZONE,Sexologist
Noida,Noida-Cityinventory,SUPERZONE,General Gynecology
Noida,Sector 71,ZONE,Neurologist
Noida,Noida-Cityinventory,SUPERZONE,Cardiologist
Noida,Gejha,ZONE,General Physician
Noida,Sector 57,ZONE,Orthopaedics
Noida,Sector 50,ZONE,General Ophthalmology
Noida,Sector 62,ZONE,General Pediatrics
Noida,Noida-Cityinventory,SUPERZONE,Physiotherapist
Noida,Sector 71,ZONE,General Physician
Noida,Noida-Cityinventory,SUPERZONE,General Dermatology
Noida,Sector 18,ZONE,Urologist
Noida,Sector 50,ZONE,Pulmonologist
Noida,Noida-Cityinventory,SUPERZONE,Nephrologist
Noida,Sector 18,ZONE,Orthopaedics
Noida,Sector 62,ZONE,Orthopaedics
Noida,Sector 50,ZONE,General Pediatrics
Noida,Noida-Cityinventory,SUPERZONE,General Alt Medicine
Noida,Noida-Cityinventory,SUPERZONE,Orthopaedics
Noida,Sector 71,ZONE,General Dermatology
Noida,Noida-Cityinventory,SUPERZONE,Neurologist
Noida,Sector 71,ZONE,Sexologist
Noida,Sector 18,ZONE,General Gynecology
Noida,Sector 25,ZONE,General Gynecology
Noida,Sector 62,ZONE,General Dentistry
Noida,Sector 62,ZONE,Physiotherapist
Noida,Sector 50,ZONE,Physiotherapist
Noida,Noida-Cityinventory,SUPERZONE,Occupational Therapist
Noida,Noida-Cityinventory,SUPERZONE,General Physician
Noida,Sector 50,ZONE,Orthopaedics
Noida,Noida-Cityinventory,SUPERZONE,General Ophthalmology
Noida,Sector 18,ZONE,Gastroenterologist
Noida,Sector 57,ZONE,General Gynecology
Noida,Noida-Cityinventory,SUPERZONE,General Psychiatry
Noida,Sector 71,ZONE,Dietitian
Noida,Sector 62,ZONE,Homeopathy
Noida,Sector 57,ZONE,ENT
Noida,Sector 50,ZONE,Neurologist
Noida,Sector 62,ZONE,General Dermatology
Noida,Sector 50,ZONE,General Psychiatry
Noida,Noida-Cityinventory,SUPERZONE,Speech Therapist
Noida,Noida-Cityinventory,SUPERZONE,Cosmetic/Plastic Surgeon
Noida,Noida-Cityinventory,SUPERZONE,General Dentistry
Noida,Gejha,ZONE,Physiotherapist
Noida,Sector 62,ZONE,Neurologist
Noida,Gejha,ZONE,Gastroenterologist
Noida,Noida-Cityinventory,SUPERZONE,Gastroenterologist
Noida,Sector 71,ZONE,Physiotherapist
Noida,Sector 25,ZONE,Orthopaedics
Noida,Noida-Cityinventory,SUPERZONE,Sexologist
Noida,Sector 71,ZONE,General Psychiatry
Noida,Sector 71,ZONE,Urologist
Noida,Sector 15,ZONE,General Ophthalmology
Noida,Sector 18,ZONE,ENT
Noida,Gejha,ZONE,General Dentistry
Noida,Sector 57,ZONE,General Dermatology
Noida,Sector 71,ZONE,Orthopaedics
Noida,Sector 50,ZONE,Gastroenterologist
Noida,Sector 50,ZONE,General Dermatology
Noida,Sector 71,ZONE,General Gynecology
Noida,Sector 50,ZONE,Urologist
Noida,Sector 71,ZONE,Endocrinologist
Noida,Sector 18,ZONE,General Psychiatry
Noida,Gejha,ZONE,General Psychiatry
Noida,Noida-Cityinventory,SUPERZONE,Homeopathy
Noida,Sector 25,ZONE,General Dentistry
Noida,Noida-Cityinventory,SUPERZONE,Urologist
Noida,Noida-Cityinventory,SUPERZONE,Veterinarian
Noida,Noida-Cityinventory,SUPERZONE,General Surgeon
Noida,Sector 25,ZONE,Neurologist
Noida,Sector 50,ZONE,ENT
Noida,Sector 18,ZONE,General Physician
Noida,Sector 62,ZONE,General Physician
Noida,Gejha,ZONE,General Pediatrics
Noida,Sector 50,ZONE,General Physician
Noida,Gejha,ZONE,General Gynecology
Noida,Sector 18,ZONE,Homeopathy
Noida,Noida-Cityinventory,SUPERZONE,General Pediatrics
Noida,Sector 57,ZONE,General Dentistry
Noida,Noida-Cityinventory,SUPERZONE,Pulmonologist
Noida,Noida-Cityinventory,SUPERZONE,Endocrinologist
Noida,Sector 50,ZONE,Sexologist
Noida,Sector 71,ZONE,Gastroenterologist
Noida,Noida-Cityinventory,SUPERZONE,Hair Transplant
Noida,Sector 18,ZONE,General Dentistry
Noida,Sector 71,ZONE,Homeopathy
Noida,Gejha,ZONE,ENT
Noida,Gejha,ZONE,Dietitian
Noida,Sector 62,ZONE,General Gynecology
Noida,Sector 71,ZONE,General Ophthalmology
Noida,Sector 18,ZONE,General Ophthalmology
Noida,Sector 50,ZONE,Homeopathy
Noida,Sector 62,ZONE,Cardiologist
Noida,Sector 62,ZONE,Gastroenterologist
Noida,Sector 71,ZONE,General Pediatrics
Noida,Noida-Cityinventory,SUPERZONE,Audiologist
North 24 Parganas,North 24 Parganas-Cityinventory,SUPERZONE,General Physician
North 24 Parganas,North 24 Parganas,ZONE,General Physician
North 24 Parganas,North 24 Parganas-Cityinventory,SUPERZONE,General Physician
North Goa,North Goa-Cityinventory,SUPERZONE,Gastroenterologist
North Goa,North Goa-Cityinventory,SUPERZONE,General Physician
North Goa,North Goa-Cityinventory,SUPERZONE,General Gynecology
North Goa,North Goa-Cityinventory,SUPERZONE,Urologist
North Goa,North Goa-Cityinventory,SUPERZONE,General Psychiatry
North Goa,North Goa-Cityinventory,SUPERZONE,General Dentistry
North Goa,North Goa-Cityinventory,SUPERZONE,Sexologist
North Goa,North Goa-Cityinventory,SUPERZONE,ENT
North Goa,North Goa-Cityinventory,SUPERZONE,General Dermatology
North Goa,North Goa,ZONE,ENT
North Goa,North Goa,ZONE,General Dentistry
North Goa,North Goa-Cityinventory,SUPERZONE,General Dentistry
North Goa,North Goa-Cityinventory,SUPERZONE,ENT
North Goa,North Goa,ZONE,General Physician
North Goa,North Goa,ZONE,General Gynecology
North Goa,North Goa-Cityinventory,SUPERZONE,Urologist
North Goa,North Goa-Cityinventory,SUPERZONE,General Gynecology
North Goa,North Goa-Cityinventory,SUPERZONE,General Dermatology
North Goa,North Goa-Cityinventory,SUPERZONE,Sexologist
North Goa,North Goa-Cityinventory,SUPERZONE,Gastroenterologist
North Goa,North Goa-Cityinventory,SUPERZONE,General Physician
North Goa,North Goa-Cityinventory,SUPERZONE,General Psychiatry
Palakkad,Palakkad-Cityinventory,SUPERZONE,General Physician
Palakkad,Palakkad-Cityinventory,SUPERZONE,Hair Transplant
Palakkad,Palakkad-Cityinventory,SUPERZONE,General Dermatology
Palakkad,Palakkad-Cityinventory,SUPERZONE,General Physician
Palakkad,Palakkad-Cityinventory,SUPERZONE,General Dermatology
Palakkad,Palakkad-Cityinventory,SUPERZONE,Hair Transplant
Panchkula,Panchkula,ZONE,General Dermatology
Panchkula,Panchkula-Cityinventory,SUPERZONE,General Dermatology
Panchkula,Panchkula-Cityinventory,SUPERZONE,General Gynecology
Panchkula,Panchkula,ZONE,General Psychiatry
Panchkula,Panchkula,ZONE,Gastroenterologist
Panchkula,Panchkula-Cityinventory,SUPERZONE,General Dentistry
Panchkula,Panchkula-Cityinventory,SUPERZONE,General Pediatrics
Panchkula,Panchkula-Cityinventory,SUPERZONE,ENT
Panchkula,Panchkula,ZONE,General Gynecology
Panchkula,Panchkula-Cityinventory,SUPERZONE,General Alt Medicine
Panchkula,Panchkula,ZONE,General Dentistry
Panchkula,Panchkula,ZONE,General Ophthalmology
Panchkula,Panchkula-Cityinventory,SUPERZONE,Gastroenterologist
Panchkula,Panchkula-Cityinventory,SUPERZONE,General Ophthalmology
Panchkula,Panchkula,ZONE,General Pediatrics
Panchkula,Panchkula-Cityinventory,SUPERZONE,General Psychiatry
Panchkula,Panchkula-Cityinventory,SUPERZONE,General Physician
Panchkula,Panchkula,ZONE,General Physician
Panchkula,Panchkula-Cityinventory,SUPERZONE,Neurologist
Panchkula,Panchkula,ZONE,Orthopaedics
Panchkula,Panchkula-Cityinventory,SUPERZONE,Orthopaedics
Panchkula,Panchkula-Cityinventory,SUPERZONE,Sexologist
Panchkula,Panchkula,ZONE,General Alt Medicine
Panchkula,Panchkula,ZONE,ENT
Panchkula,Panchkula-Cityinventory,SUPERZONE,Physiotherapist
Panchkula,Panchkula,ZONE,Physiotherapist
Panchkula,Panchkula-Cityinventory,SUPERZONE,General Dermatology
Panchkula,Panchkula,ZONE,Orthopaedics
Panchkula,Panchkula,ZONE,General Ophthalmology
Panchkula,Panchkula-Cityinventory,SUPERZONE,General Physician
Panchkula,Panchkula-Cityinventory,SUPERZONE,Sexologist
Panchkula,Panchkula-Cityinventory,SUPERZONE,General Pediatrics
Panchkula,Panchkula-Cityinventory,SUPERZONE,Gastroenterologist
Panchkula,Panchkula-Cityinventory,SUPERZONE,General Dentistry
Panchkula,Panchkula,ZONE,General Psychiatry
Panchkula,Panchkula,ZONE,General Alt Medicine
Panchkula,Panchkula-Cityinventory,SUPERZONE,ENT
Panchkula,Panchkula,ZONE,General Dentistry
Panchkula,Panchkula,ZONE,Gastroenterologist
Panchkula,Panchkula-Cityinventory,SUPERZONE,Physiotherapist
Panchkula,Panchkula,ZONE,General Physician
Panchkula,Panchkula-Cityinventory,SUPERZONE,Orthopaedics
Panchkula,Panchkula-Cityinventory,SUPERZONE,General Ophthalmology
Panchkula,Panchkula,ZONE,General Pediatrics
Panchkula,Panchkula,ZONE,General Dermatology
Panchkula,Panchkula-Cityinventory,SUPERZONE,General Alt Medicine
Panchkula,Panchkula-Cityinventory,SUPERZONE,General Gynecology
Panchkula,Panchkula-Cityinventory,SUPERZONE,General Psychiatry
Panchkula,Panchkula,ZONE,General Gynecology
Panchkula,Panchkula,ZONE,ENT
Panipat,Panipat-Cityinventory,SUPERZONE,General Dentistry
Panipat,Panipat-Cityinventory,SUPERZONE,General Physician
Panipat,Panipat-Cityinventory,SUPERZONE,General Dentistry
Panipat,Panipat-Cityinventory,SUPERZONE,General Physician
Patan,Patan-Cityinventory,SUPERZONE,General Physician
Patan,Patan-Cityinventory,SUPERZONE,General Physician
Pathanamthitta,Pathanamthitta-Cityinventory,SUPERZONE,General Physician
Pathanamthitta,Pathanamthitta-Cityinventory,SUPERZONE,General Physician
Pathankot,Pathankot-Cityinventory,SUPERZONE,General Physician
Pathankot,Pathankot-Cityinventory,SUPERZONE,ENT
Pathankot,Pathankot-Cityinventory,SUPERZONE,ENT
Pathankot,Pathankot-Cityinventory,SUPERZONE,General Physician
Patiala,Patiala-Cityinventory,SUPERZONE,Sexologist
Patiala,Patiala-Cityinventory,SUPERZONE,ENT
Patiala,Patiala-Cityinventory,SUPERZONE,General Dermatology
Patiala,Patiala-Cityinventory,SUPERZONE,General Physician
Patiala,Patiala-Cityinventory,SUPERZONE,General Gynecology
Patiala,Patiala-Cityinventory,SUPERZONE,General Physician
Patiala,Patiala-Cityinventory,SUPERZONE,General Dermatology
Patiala,Patiala-Cityinventory,SUPERZONE,Sexologist
Patiala,Patiala-Cityinventory,SUPERZONE,General Gynecology
Patiala,Patiala-Cityinventory,SUPERZONE,ENT
Patna,Rajendra Nagar,ZONE,General Dermatology
Patna,Rajendra Nagar,ZONE,Neurologist
Patna,Raja Bazar,ZONE,Neurologist
Patna,Raja Bazar,ZONE,General Ophthalmology
Patna,Patna-Cityinventory,SUPERZONE,General Dermatology
Patna,Rajendra Nagar,ZONE,General Psychiatry
Patna,Raja Bazar,ZONE,General Pediatrics
Patna,Raja Bazar,ZONE,General Alt Medicine
Patna,Patna-Cityinventory,SUPERZONE,Sexologist
Patna,Patna-Cityinventory,SUPERZONE,General Psychiatry
Patna,Kankarbagh,ZONE,General Gynecology
Patna,Patna-Cityinventory,SUPERZONE,General Alt Medicine
Patna,Patna-Cityinventory,SUPERZONE,Endocrinologist
Patna,Rajendra Nagar,ZONE,Cardiologist
Patna,Patna-Cityinventory,SUPERZONE,Gastroenterologist
Patna,Rajendra Nagar,ZONE,General Pediatrics
Patna,Kankarbagh,ZONE,Neurologist
Patna,Patna-Cityinventory,SUPERZONE,Orthopaedics
Patna,Kankarbagh,ZONE,Gastroenterologist
Patna,Rajendra Nagar,ZONE,General Alt Medicine
Patna,Patna-Cityinventory,SUPERZONE,Physiotherapist
Patna,Kankarbagh,ZONE,ENT
Patna,Patna-Cityinventory,SUPERZONE,General Surgeon
Patna,Patna-Cityinventory,SUPERZONE,General Gynecology
Patna,Kankarbagh,ZONE,General Psychiatry
Patna,Patna-Cityinventory,SUPERZONE,Homeopathy
Patna,Patna-Cityinventory,SUPERZONE,Cosmetic/Plastic Surgeon
Patna,Patna-Cityinventory,SUPERZONE,Urologist
Patna,Kankarbagh,ZONE,General Dermatology
Patna,Patna-Cityinventory,SUPERZONE,Pulmonologist
Patna,Patna-Cityinventory,SUPERZONE,General Pediatrics
Patna,Kankarbagh,ZONE,General Physician
Patna,Patna-Cityinventory,SUPERZONE,Nephrologist
Patna,Raja Bazar,ZONE,General Dermatology
Patna,Rajendra Nagar,ZONE,ENT
Patna,Raja Bazar,ZONE,Orthopaedics
Patna,Patna-Cityinventory,SUPERZONE,General Ophthalmology
Patna,Rajendra Nagar,ZONE,General Gynecology
Patna,Patna-Cityinventory,SUPERZONE,General Physician
Patna,Patna-Cityinventory,SUPERZONE,Oncologist
Patna,Raja Bazar,ZONE,General Psychiatry
Patna,Patna-Cityinventory,SUPERZONE,General Dentistry
Patna,Patna-Cityinventory,SUPERZONE,Neurologist
Patna,Raja Bazar,ZONE,General Dentistry
Patna,Rajendra Nagar,ZONE,Pulmonologist
Patna,Kankarbagh,ZONE,Sexologist
Patna,Patna-Cityinventory,SUPERZONE,Hair Transplant
Patna,Raja Bazar,ZONE,General Physician
Patna,Kankarbagh,ZONE,General Dentistry
Patna,Rajendra Nagar,ZONE,Nephrologist
Patna,Kankarbagh,ZONE,Urologist
Patna,Raja Bazar,ZONE,General Gynecology
Patna,Rajendra Nagar,ZONE,General Physician
Patna,Patna-Cityinventory,SUPERZONE,ENT
Patna,Kankarbagh,ZONE,General Alt Medicine
Patna,Rajendra Nagar,ZONE,General Ophthalmology
Patna,Rajendra Nagar,ZONE,General Surgeon
Patna,Patna-Cityinventory,SUPERZONE,Cardiologist
Patna,Rajendra Nagar,ZONE,Urologist
Patna,Rajendra Nagar,ZONE,Cosmetic/Plastic Surgeon
Patna,Raja Bazar,ZONE,ENT
Patna,Patna-Cityinventory,SUPERZONE,Speech Therapist
Patna,Rajendra Nagar,ZONE,Gastroenterologist
Patna,Raja Bazar,ZONE,Gastroenterologist
Patna,Kankarbagh,ZONE,Orthopaedics
Patna,Kankarbagh,ZONE,General Ophthalmology
Patna,Raja Bazar,ZONE,Hair Transplant
Patna,Rajendra Nagar,ZONE,Sexologist
Patna,Patna-Cityinventory,SUPERZONE,Dietitian
Patna,Raja Bazar,ZONE,Urologist
Patna,Raja Bazar,ZONE,General Surgeon
Patna,Patna-Cityinventory,SUPERZONE,Physiotherapist
Patna,Raja Bazar,ZONE,General Psychiatry
Patna,Raja Bazar,ZONE,Hair Transplant
Patna,Rajendra Nagar,ZONE,Neurologist
Patna,Kankarbagh,ZONE,Urologist
Patna,Patna-Cityinventory,SUPERZONE,General Gynecology
Patna,Raja Bazar,ZONE,General Physician
Patna,Kankarbagh,ZONE,General Dermatology
Patna,Rajendra Nagar,ZONE,Sexologist
Patna,Rajendra Nagar,ZONE,General Dentistry
Patna,Patna-Cityinventory,SUPERZONE,Urologist
Patna,Patna-Cityinventory,SUPERZONE,General Dentistry
Patna,Patna-Cityinventory,SUPERZONE,Oncologist
Patna,Kankarbagh,ZONE,General Psychiatry
Patna,Kankarbagh,ZONE,Neurologist
Patna,Kankarbagh,ZONE,Sexologist
Patna,Patna-Cityinventory,SUPERZONE,Cardiologist
Patna,Patna-Cityinventory,SUPERZONE,General Physician
Patna,Kankarbagh,ZONE,ENT
Patna,Patna-Cityinventory,SUPERZONE,Speech Therapist
Patna,Patna-Cityinventory,SUPERZONE,General Alt Medicine
Patna,Rajendra Nagar,ZONE,General Physician
Patna,Rajendra Nagar,ZONE,Orthopaedics
Patna,Rajendra Nagar,ZONE,Cosmetic/Plastic Surgeon
Patna,Raja Bazar,ZONE,General Pediatrics
Patna,Patna-Cityinventory,SUPERZONE,Pulmonologist
Patna,Rajendra Nagar,ZONE,Urologist
Patna,Rajendra Nagar,ZONE,General Psychiatry
Patna,Kankarbagh,ZONE,General Dentistry
Patna,Patna-Cityinventory,SUPERZONE,Orthopaedics
Patna,Rajendra Nagar,ZONE,Pulmonologist
Patna,Raja Bazar,ZONE,General Surgeon
Patna,Kankarbagh,ZONE,Orthopaedics
Patna,Rajendra Nagar,ZONE,General Ophthalmology
Patna,Raja Bazar,ZONE,General Ophthalmology
Patna,Rajendra Nagar,ZONE,ENT
Patna,Patna-Cityinventory,SUPERZONE,Homeopathy
Patna,Patna-Cityinventory,SUPERZONE,Dietitian
Patna,Rajendra Nagar,ZONE,General Alt Medicine
Patna,Rajendra Nagar,ZONE,General Pediatrics
Patna,Rajendra Nagar,ZONE,Nephrologist
Patna,Rajendra Nagar,ZONE,General Dermatology
Patna,Raja Bazar,ZONE,General Alt Medicine
Patna,Kankarbagh,ZONE,General Gynecology
Patna,Rajendra Nagar,ZONE,Cardiologist
Patna,Raja Bazar,ZONE,General Gynecology
Patna,Rajendra Nagar,ZONE,Gastroenterologist
Patna,Patna-Cityinventory,SUPERZONE,General Pediatrics
Patna,Patna-Cityinventory,SUPERZONE,Nephrologist
Patna,Patna-Cityinventory,SUPERZONE,Endocrinologist
Patna,Patna-Cityinventory,SUPERZONE,Neurologist
Patna,Patna-Cityinventory,SUPERZONE,General Psychiatry
Patna,Kankarbagh,ZONE,General Alt Medicine
Patna,Patna-Cityinventory,SUPERZONE,General Surgeon
Patna,Raja Bazar,ZONE,Neurologist
Patna,Raja Bazar,ZONE,General Dermatology
Patna,Raja Bazar,ZONE,Gastroenterologist
Patna,Raja Bazar,ZONE,Urologist
Patna,Patna-Cityinventory,SUPERZONE,Gastroenterologist
Patna,Patna-Cityinventory,SUPERZONE,Hair Transplant
Patna,Kankarbagh,ZONE,Gastroenterologist
Patna,Patna-Cityinventory,SUPERZONE,General Dermatology
Patna,Raja Bazar,ZONE,General Dentistry
Patna,Raja Bazar,ZONE,ENT
Patna,Raja Bazar,ZONE,Orthopaedics
Patna,Kankarbagh,ZONE,General Physician
Patna,Patna-Cityinventory,SUPERZONE,Sexologist
Patna,Patna-Cityinventory,SUPERZONE,General Ophthalmology
Patna,Patna-Cityinventory,SUPERZONE,Cosmetic/Plastic Surgeon
Patna,Rajendra Nagar,ZONE,General Gynecology
Patna,Kankarbagh,ZONE,General Ophthalmology
Patna,Patna-Cityinventory,SUPERZONE,ENT
Patna,Rajendra Nagar,ZONE,General Surgeon
Puducherry,Puducherry-Cityinventory,SUPERZONE,General Gynecology
Puducherry,Puducherry-Cityinventory,SUPERZONE,Orthopaedics
Puducherry,Puducherry-Cityinventory,SUPERZONE,General Pediatrics
Puducherry,Puducherry-Cityinventory,SUPERZONE,General Surgeon
Puducherry,Puducherry-Cityinventory,SUPERZONE,Urologist
Puducherry,Puducherry-Cityinventory,SUPERZONE,General Dermatology
Puducherry,Puducherry-Cityinventory,SUPERZONE,General Psychiatry
Puducherry,Puducherry-Cityinventory,SUPERZONE,Sexologist
Puducherry,Puducherry-Cityinventory,SUPERZONE,General Dentistry
Puducherry,Puducherry-Cityinventory,SUPERZONE,ENT
Puducherry,Puducherry-Cityinventory,SUPERZONE,General Physician
Puducherry,Puducherry-Cityinventory,SUPERZONE,Gastroenterologist
Puducherry,Puducherry-Cityinventory,SUPERZONE,ENT
Puducherry,Puducherry-Cityinventory,SUPERZONE,Orthopaedics
Puducherry,Puducherry-Cityinventory,SUPERZONE,General Psychiatry
Puducherry,Puducherry-Cityinventory,SUPERZONE,Gastroenterologist
Puducherry,Puducherry-Cityinventory,SUPERZONE,General Dermatology
Puducherry,Puducherry-Cityinventory,SUPERZONE,General Pediatrics
Puducherry,Puducherry-Cityinventory,SUPERZONE,General Dentistry
Puducherry,Puducherry-Cityinventory,SUPERZONE,Sexologist
Puducherry,Puducherry,ZONE,General Physician
Puducherry,Puducherry-Cityinventory,SUPERZONE,General Gynecology
Puducherry,Puducherry-Cityinventory,SUPERZONE,General Physician
Puducherry,Puducherry-Cityinventory,SUPERZONE,General Surgeon
Puducherry,Puducherry-Cityinventory,SUPERZONE,Urologist
Pune,Pune-Cityinventory,SUPERZONE,Geriatrician
Pune,Pimpri chinchwad,ZONE,Pulmonologist
Pune,Bibvewadi,ZONE,General Alt Medicine
Pune,Bibvewadi,ZONE,General Gynecology
Pune,Pimpri chinchwad,ZONE,General Dentistry
Pune,Bibvewadi,ZONE,General Ophthalmology
Pune,Hadapsar,ZONE,Hair Transplant
Pune,Pune-Cityinventory,SUPERZONE,Endocrinologist
Pune,Bibvewadi,ZONE,Homeopathy
Pune,Bibvewadi,ZONE,General Physician
Pune,Pune-Cityinventory,SUPERZONE,Radiology
Pune,Karve nagar,ZONE,Dietitian
Pune,Vishrantwadi,ZONE,General Dermatology
Pune,Kothrud,ZONE,Oncologist
Pune,Pune-Cityinventory,SUPERZONE,Occupational Therapist
Pune,Pune-Cityinventory,SUPERZONE,Allergist/Immunologist
Pune,Pimpri chinchwad,ZONE,Veterinarian
Pune,Hadapsar,ZONE,General Psychiatry
Pune,Vishrantwadi,ZONE,General Alt Medicine
Pune,Vishrantwadi,ZONE,Physiotherapist
Pune,Aundh,ZONE,Cosmetic/Plastic Surgeon
Pune,Pune-Cityinventory,SUPERZONE,Orthopaedics
Pune,Hadapsar,ZONE,General Dermatology
Pune,Vishrantwadi,ZONE,Speech Therapist
Pune,Pune-Cityinventory,SUPERZONE,General Dentistry
Pune,Pimpri chinchwad,ZONE,Physiotherapist
Pune,Vishrantwadi,ZONE,General Dentistry
Pune,Vishrantwadi,ZONE,Neurologist
Pune,Pune-Cityinventory,SUPERZONE,Pulmonologist
Pune,Bibvewadi,ZONE,Endocrinologist
Pune,Pimpri chinchwad,ZONE,Urologist
Pune,Aundh,ZONE,Oncologist
Pune,Pimpri chinchwad,ZONE,Cosmetic/Plastic Surgeon
Pune,Hadapsar,ZONE,Neurologist
Pune,Bibvewadi,ZONE,Physiotherapist
Pune,Karve nagar,ZONE,Endocrinologist
Pune,Hadapsar,ZONE,Orthopaedics
Pune,Vishrantwadi,ZONE,Dietitian
Pune,Aundh,ZONE,General Surgeon
Pune,Bibvewadi,ZONE,ENT
Pune,Pune-Cityinventory,SUPERZONE,Hair Transplant
Pune,Pune-Cityinventory,SUPERZONE,General Surgeon
Pune,Kothrud,ZONE,Physiotherapist
Pune,Bibvewadi,ZONE,General Pediatrics
Pune,Vishrantwadi,ZONE,General Physician
Pune,Aundh,ZONE,Endocrinologist
Pune,Kothrud,ZONE,General Psychiatry
Pune,Vishrantwadi,ZONE,General Psychiatry
Pune,Kothrud,ZONE,Neurologist
Pune,Aundh,ZONE,General Gynecology
Pune,Vishrantwadi,ZONE,Homeopathy
Pune,Hadapsar,ZONE,General Gynecology
Pune,Karve nagar,ZONE,General Physician
Pune,Vishrantwadi,ZONE,Hair Transplant
Pune,Aundh,ZONE,General Psychiatry
Pune,Vishrantwadi,ZONE,Cosmetic/Plastic Surgeon
Pune,Pimpri chinchwad,ZONE,Nephrologist
Pune,Pune-Cityinventory,SUPERZONE,Veterinarian
Pune,Pune-Cityinventory,SUPERZONE,Vascular Surgeon
Pune,Vishrantwadi,ZONE,General Ophthalmology
Pune,Pimpri chinchwad,ZONE,General Gynecology
Pune,Ambegaon,ZONE,General Dentistry
Pune,Pune-Cityinventory,SUPERZONE,Cardiologist
Pune,Bibvewadi,ZONE,General Psychiatry
Pune,Karve nagar,ZONE,Sexologist
Pune,Pimpri chinchwad,ZONE,Neurologist
Pune,Vishrantwadi,ZONE,Sexologist
Pune,Pimpri chinchwad,ZONE,Hair Transplant
Pune,Aundh,ZONE,General Dentistry
Pune,Pimpri chinchwad,ZONE,General Surgeon
Pune,Kothrud,ZONE,Dietitian
Pune,Aundh,ZONE,General Dermatology
Pune,Vishrantwadi,ZONE,Endocrinologist
Pune,Karve nagar,ZONE,Neurologist
Pune,Vishrantwadi,ZONE,Cardiologist
Pune,Bibvewadi,ZONE,Sexologist
Pune,Hadapsar,ZONE,Gastroenterologist
Pune,Kothrud,ZONE,General Dentistry
Pune,Kothrud,ZONE,Sexologist
Pune,Pune-Cityinventory,SUPERZONE,Sexologist
Pune,Pune-Cityinventory,SUPERZONE,Physiotherapist
Pune,Hadapsar,ZONE,Pulmonologist
Pune,Aundh,ZONE,General Ophthalmology
Pune,Karve nagar,ZONE,Pulmonologist
Pune,Kothrud,ZONE,General Pediatrics
Pune,Pune-Cityinventory,SUPERZONE,Gastroenterologist
Pune,Pimpri chinchwad,ZONE,General Ophthalmology
Pune,Vishrantwadi,ZONE,Orthopaedics
Pune,Pune-Cityinventory,SUPERZONE,Nephrologist
Pune,Vishrantwadi,ZONE,Pulmonologist
Pune,Hadapsar,ZONE,Homeopathy
Pune,Hadapsar,ZONE,General Pediatrics
Pune,Talegaon,ZONE,General Gynecology
Pune,Kothrud,ZONE,Urologist
Pune,Pune-Cityinventory,SUPERZONE,Homeopathy
Pune,Hadapsar,ZONE,Cardiologist
Pune,Hadapsar,ZONE,General Dentistry
Pune,Pimpri chinchwad,ZONE,Cardiologist
Pune,Hadapsar,ZONE,Endocrinologist
Pune,Ambegaon,ZONE,ENT
Pune,Hadapsar,ZONE,Dietitian
Pune,Pimpri chinchwad,ZONE,Sexologist
Pune,Bibvewadi,ZONE,Neurologist
Pune,Kothrud,ZONE,ENT
Pune,Karve nagar,ZONE,Physiotherapist
Pune,Karve nagar,ZONE,General Pediatrics
Pune,Vishrantwadi,ZONE,Veterinarian
Pune,Pune-Cityinventory,SUPERZONE,General Ophthalmology
Pune,Pune-Cityinventory,SUPERZONE,General Pediatrics
Pune,Aundh,ZONE,Homeopathy
Pune,Kothrud,ZONE,Pulmonologist
Pune,Karve nagar,ZONE,General Gynecology
Pune,Pune-Cityinventory,SUPERZONE,General Psychiatry
Pune,Bibvewadi,ZONE,Urologist
Pune,Karve nagar,ZONE,Orthopaedics
Pune,Kothrud,ZONE,Endocrinologist
Pune,Pune-Cityinventory,SUPERZONE,ENT
Pune,Pimpri chinchwad,ZONE,General Dermatology
Pune,Pune-Cityinventory,SUPERZONE,Urologist
Pune,Pune-Cityinventory,SUPERZONE,Oncologist
Pune,Karve nagar,ZONE,General Dentistry
Pune,Kothrud,ZONE,Orthopaedics
Pune,Aundh,ZONE,General Alt Medicine
Pune,Pimpri chinchwad,ZONE,General Pediatrics
Pune,Kothrud,ZONE,General Alt Medicine
Pune,Pimpri chinchwad,ZONE,Orthopaedics
Pune,Vishrantwadi,ZONE,General Surgeon
Pune,Aundh,ZONE,Urologist
Pune,Hadapsar,ZONE,ENT
Pune,Pimpri chinchwad,ZONE,ENT
Pune,Pune-Cityinventory,SUPERZONE,Hematologist
Pune,Pimpri chinchwad,ZONE,General Physician
Pune,Pune-Cityinventory,SUPERZONE,General Alt Medicine
Pune,Pune-Cityinventory,SUPERZONE,Speech Therapist
Pune,Hadapsar,ZONE,General Surgeon
Pune,Kothrud,ZONE,Hair Transplant
Pune,Talegaon,ZONE,General Ophthalmology
Pune,Karve nagar,ZONE,Cardiologist
Pune,Bibvewadi,ZONE,Cardiologist
Pune,Vishrantwadi,ZONE,Gastroenterologist
Pune,Aundh,ZONE,Sexologist
Pune,Pimpri chinchwad,ZONE,General Alt Medicine
Pune,Vishrantwadi,ZONE,Urologist
Pune,Kothrud,ZONE,General Physician
Pune,Karve nagar,ZONE,General Psychiatry
Pune,Hadapsar,ZONE,Physiotherapist
Pune,Aundh,ZONE,General Pediatrics
Pune,Kothrud,ZONE,Homeopathy
Pune,Vishrantwadi,ZONE,ENT
Pune,Aundh,ZONE,ENT
Pune,Pune-Cityinventory,SUPERZONE,General Dermatology
Pune,Karve nagar,ZONE,Gastroenterologist
Pune,Bibvewadi,ZONE,Hair Transplant
Pune,Pimpri chinchwad,ZONE,Speech Therapist
Pune,Aundh,ZONE,Gastroenterologist
Pune,Pune-Cityinventory,SUPERZONE,Neurologist
Pune,Karve nagar,ZONE,ENT
Pune,Hadapsar,ZONE,General Alt Medicine
Pune,Kothrud,ZONE,Gastroenterologist
Pune,Karve nagar,ZONE,Homeopathy
Pune,Pimpri chinchwad,ZONE,General Psychiatry
Pune,Hadapsar,ZONE,Sexologist
Pune,Hadapsar,ZONE,Urologist
Pune,Ambegaon,ZONE,General Gynecology
Pune,Aundh,ZONE,Neurologist
Pune,Pimpri chinchwad,ZONE,Occupational Therapist
Pune,Bibvewadi,ZONE,Pulmonologist
Pune,Karve nagar,ZONE,General Alt Medicine
Pune,Bibvewadi,ZONE,Gastroenterologist
Pune,Talegaon,ZONE,ENT
Pune,Aundh,ZONE,Cardiologist
Pune,Aundh,ZONE,Orthopaedics
Pune,Pimpri chinchwad,ZONE,Oncologist
Pune,Karve nagar,ZONE,General Dermatology
Pune,Aundh,ZONE,General Physician
Pune,Aundh,ZONE,Pulmonologist
Pune,Pimpri chinchwad,ZONE,Gastroenterologist
Pune,Pimpri chinchwad,ZONE,Endocrinologist
Pune,Hadapsar,ZONE,General Physician
Pune,Aundh,ZONE,Dietitian
Pune,Vishrantwadi,ZONE,General Pediatrics
Pune,Pimpri chinchwad,ZONE,Homeopathy
Pune,Bibvewadi,ZONE,General Dentistry
Pune,Bibvewadi,ZONE,General Dermatology
Pune,Pune-Cityinventory,SUPERZONE,General Gynecology
Pune,Kothrud,ZONE,General Ophthalmology
Pune,Pune-Cityinventory,SUPERZONE,General Physician
Pune,Pimpri chinchwad,ZONE,Dietitian
Pune,Bibvewadi,ZONE,Orthopaedics
Pune,Kothrud,ZONE,Cardiologist
Pune,Aundh,ZONE,Hair Transplant
Pune,Aundh,ZONE,Physiotherapist
Pune,Hadapsar,ZONE,General Ophthalmology
Pune,Kothrud,ZONE,General Dermatology
Pune,Pune-Cityinventory,SUPERZONE,Cosmetic/Plastic Surgeon
Pune,Vishrantwadi,ZONE,General Gynecology
Pune,Pune-Cityinventory,SUPERZONE,Dietitian
Pune,Kothrud,ZONE,General Gynecology
Pune,Kothrud,ZONE,Cosmetic/Plastic Surgeon
Pune,Karve nagar,ZONE,Urologist
Pune,Karve nagar,ZONE,General Ophthalmology
Pune,Hadapsar,ZONE,General Physician
Pune,Bibvewadi,ZONE,General Ophthalmology
Pune,Karve nagar,ZONE,Cardiologist
Pune,Hadapsar,ZONE,Cardiologist
Pune,Vishrantwadi,ZONE,Veterinarian
Pune,Pimpri chinchwad,ZONE,Cosmetic/Plastic Surgeon
Pune,Pimpri chinchwad,ZONE,Oncologist
Pune,Pune-Cityinventory,SUPERZONE,Speech Therapist
Pune,Hadapsar,ZONE,Physiotherapist
Pune,Kothrud,ZONE,Oncologist
Pune,Karve nagar,ZONE,General Psychiatry
Pune,Pune-Cityinventory,SUPERZONE,General Surgeon
Pune,Pimpri chinchwad,ZONE,Nephrologist
Pune,Bibvewadi,ZONE,Urologist
Pune,Pune-Cityinventory,SUPERZONE,Homeopathy
Pune,Pimpri chinchwad,ZONE,Occupational Therapist
Pune,Pune-Cityinventory,SUPERZONE,General Pediatrics
Pune,Ambegaon,ZONE,General Gynecology
Pune,Aundh,ZONE,ENT
Pune,Hadapsar,ZONE,ENT
Pune,Bibvewadi,ZONE,Neurologist
Pune,Pune-Cityinventory,SUPERZONE,Physiotherapist
Pune,Pune-Cityinventory,SUPERZONE,Gastroenterologist
Pune,Kothrud,ZONE,Cardiologist
Pune,Pimpri chinchwad,ZONE,Endocrinologist
Pune,Aundh,ZONE,Oncologist
Pune,Pune-Cityinventory,SUPERZONE,General Physician
Pune,Pimpri chinchwad,ZONE,General Physician
Pune,Kothrud,ZONE,Sexologist
Pune,Pune-Cityinventory,SUPERZONE,General Dermatology
Pune,Kothrud,ZONE,General Alt Medicine
Pune,Aundh,ZONE,General Pediatrics
Pune,Ambegaon,ZONE,General Dentistry
Pune,Pimpri chinchwad,ZONE,Physiotherapist
Pune,Pimpri chinchwad,ZONE,Veterinarian
Pune,Pune-Cityinventory,SUPERZONE,General Ophthalmology
Pune,Hadapsar,ZONE,Endocrinologist
Pune,Aundh,ZONE,General Gynecology
Pune,Aundh,ZONE,General Psychiatry
Pune,Kothrud,ZONE,Urologist
Pune,Bibvewadi,ZONE,Physiotherapist
Pune,Talegaon,ZONE,General Gynecology
Pune,Pune-Cityinventory,SUPERZONE,General Psychiatry
Pune,Kothrud,ZONE,General Dentistry
Pune,Aundh,ZONE,Sexologist
Pune,Aundh,ZONE,Dietitian
Pune,Kothrud,ZONE,General Pediatrics
Pune,Karve nagar,ZONE,General Alt Medicine
Pune,Pimpri chinchwad,ZONE,Gastroenterologist
Pune,Bibvewadi,ZONE,Endocrinologist
Pune,Hadapsar,ZONE,Urologist
Pune,Pimpri chinchwad,ZONE,General Surgeon
Pune,Vishrantwadi,ZONE,General Dentistry
Pune,Bibvewadi,ZONE,Homeopathy
Pune,Karve nagar,ZONE,General Physician
Pune,Vishrantwadi,ZONE,General Surgeon
Pune,Kothrud,ZONE,Hair Transplant
Pune,Aundh,ZONE,Orthopaedics
Pune,Vishrantwadi,ZONE,Pulmonologist
Pune,Pune-Cityinventory,SUPERZONE,Allergist/Immunologist
Pune,Hadapsar,ZONE,Neurologist
Pune,Pimpri chinchwad,ZONE,ENT
Pune,Aundh,ZONE,General Dentistry
Pune,Vishrantwadi,ZONE,General Pediatrics
Pune,Hadapsar,ZONE,Hair Transplant
Pune,Vishrantwadi,ZONE,General Physician
Pune,Bibvewadi,ZONE,Orthopaedics
Pune,Pune-Cityinventory,SUPERZONE,Vascular Surgeon
Pune,Kothrud,ZONE,Pulmonologist
Pune,Karve nagar,ZONE,Urologist
Pune,Kothrud,ZONE,Physiotherapist
Pune,Pune-Cityinventory,SUPERZONE,Dietitian
Pune,Pimpri chinchwad,ZONE,General Gynecology
Pune,Aundh,ZONE,Hair Transplant
Pune,Hadapsar,ZONE,Dietitian
Pune,Karve nagar,ZONE,Dietitian
Pune,Pimpri chinchwad,ZONE,Speech Therapist
Pune,Vishrantwadi,ZONE,General Gynecology
Pune,Vishrantwadi,ZONE,Cosmetic/Plastic Surgeon
Pune,Pimpri chinchwad,ZONE,General Psychiatry
Pune,Pune-Cityinventory,SUPERZONE,General Dentistry
Pune,Kothrud,ZONE,Gastroenterologist
Pune,Kothrud,ZONE,Dietitian
Pune,Pimpri chinchwad,ZONE,General Pediatrics
Pune,Pune-Cityinventory,SUPERZONE,Hematologist
Pune,Vishrantwadi,ZONE,Speech Therapist
Pune,Vishrantwadi,ZONE,General Psychiatry
Pune,Pune-Cityinventory,SUPERZONE,General Gynecology
Pune,Karve nagar,ZONE,General Gynecology
Pune,Karve nagar,ZONE,General Dentistry
Pune,Kothrud,ZONE,Endocrinologist
Pune,Pune-Cityinventory,SUPERZONE,Neurologist
Pune,Hadapsar,ZONE,General Gynecology
Pune,Bibvewadi,ZONE,General Dentistry
Pune,Aundh,ZONE,Cosmetic/Plastic Surgeon
Pune,Kothrud,ZONE,General Physician
Pune,Bibvewadi,ZONE,ENT
Pune,Bibvewadi,ZONE,General Pediatrics
Pune,Kothrud,ZONE,ENT
Pune,Hadapsar,ZONE,Homeopathy
Pune,Hadapsar,ZONE,General Alt Medicine
Pune,Hadapsar,ZONE,General Surgeon
Pune,Hadapsar,ZONE,Orthopaedics
Pune,Pimpri chinchwad,ZONE,Dietitian
Pune,Aundh,ZONE,Neurologist
Pune,Pimpri chinchwad,ZONE,Cardiologist
Pune,Vishrantwadi,ZONE,Orthopaedics
Pune,Pune-Cityinventory,SUPERZONE,Sexologist
Pune,Bibvewadi,ZONE,General Physician
Pune,Vishrantwadi,ZONE,General Ophthalmology
Pune,Vishrantwadi,ZONE,Sexologist
Pune,Karve nagar,ZONE,Endocrinologist
Pune,Pimpri chinchwad,ZONE,Neurologist
Pune,Aundh,ZONE,General Ophthalmology
Pune,Pune-Cityinventory,SUPERZONE,Occupational Therapist
Pune,Vishrantwadi,ZONE,Cardiologist
Pune,Karve nagar,ZONE,Orthopaedics
Pune,Pune-Cityinventory,SUPERZONE,Radiology
Pune,Kothrud,ZONE,Neurologist
Pune,Aundh,ZONE,Pulmonologist
Pune,Karve nagar,ZONE,Neurologist
Pune,Kothrud,ZONE,General Dermatology
Pune,Pune-Cityinventory,SUPERZONE,Urologist
Pune,Karve nagar,ZONE,Homeopathy
Pune,Pimpri chinchwad,ZONE,General Ophthalmology
Pune,Bibvewadi,ZONE,General Psychiatry
Pune,Pune-Cityinventory,SUPERZONE,Oncologist
Pune,Vishrantwadi,ZONE,Dietitian
Pune,Karve nagar,ZONE,Sexologist
Pune,Aundh,ZONE,Endocrinologist
Pune,Aundh,ZONE,Urologist
Pune,Karve nagar,ZONE,Physiotherapist
Pune,Aundh,ZONE,General Dermatology
Pune,Pimpri chinchwad,ZONE,Hair Transplant
Pune,Karve nagar,ZONE,Pulmonologist
Pune,Aundh,ZONE,Physiotherapist
Pune,Pimpri chinchwad,ZONE,Orthopaedics
Pune,Vishrantwadi,ZONE,Gastroenterologist
Pune,Bibvewadi,ZONE,Gastroenterologist
Pune,Vishrantwadi,ZONE,ENT
Pune,Kothrud,ZONE,Orthopaedics
Pune,Vishrantwadi,ZONE,Urologist
Pune,Hadapsar,ZONE,Pulmonologist
Pune,Vishrantwadi,ZONE,Endocrinologist
Pune,Pune-Cityinventory,SUPERZONE,Veterinarian
Pune,Karve nagar,ZONE,General Dermatology
Pune,Bibvewadi,ZONE,General Gynecology
Pune,Pune-Cityinventory,SUPERZONE,Orthopaedics
Pune,Hadapsar,ZONE,General Ophthalmology
Pune,Aundh,ZONE,General Alt Medicine
Pune,Pimpri chinchwad,ZONE,General Alt Medicine
Pune,Karve nagar,ZONE,General Ophthalmology
Pune,Pune-Cityinventory,SUPERZONE,Cosmetic/Plastic Surgeon
Pune,Vishrantwadi,ZONE,General Dermatology
Pune,Hadapsar,ZONE,Sexologist
Pune,Kothrud,ZONE,General Ophthalmology
Pune,Karve nagar,ZONE,General Pediatrics
Pune,Bibvewadi,ZONE,Cardiologist
Pune,Vishrantwadi,ZONE,Physiotherapist
Pune,Pune-Cityinventory,SUPERZONE,General Alt Medicine
Pune,Pune-Cityinventory,SUPERZONE,Cardiologist
Pune,Pimpri chinchwad,ZONE,General Dentistry
Pune,Kothrud,ZONE,General Psychiatry
Pune,Hadapsar,ZONE,Gastroenterologist
Pune,Aundh,ZONE,General Surgeon
Pune,Karve nagar,ZONE,ENT
Pune,Pimpri chinchwad,ZONE,Sexologist
Pune,Pune-Cityinventory,SUPERZONE,ENT
Pune,Vishrantwadi,ZONE,Hair Transplant
Pune,Hadapsar,ZONE,General Pediatrics
Pune,Aundh,ZONE,Homeopathy
Pune,Vishrantwadi,ZONE,Homeopathy
Pune,Pimpri chinchwad,ZONE,Homeopathy
Pune,Vishrantwadi,ZONE,General Alt Medicine
Pune,Bibvewadi,ZONE,General Dermatology
Pune,Kothrud,ZONE,General Gynecology
Pune,Pimpri chinchwad,ZONE,Urologist
Pune,Kothrud,ZONE,Homeopathy
Pune,Bibvewadi,ZONE,Pulmonologist
Pune,Bibvewadi,ZONE,Hair Transplant
Pune,Pune-Cityinventory,SUPERZONE,Endocrinologist
Pune,Pimpri chinchwad,ZONE,General Dermatology
Pune,Hadapsar,ZONE,General Dentistry
Pune,Vishrantwadi,ZONE,Neurologist
Pune,Aundh,ZONE,Cardiologist
Pune,Pimpri chinchwad,ZONE,Pulmonologist
Pune,Bibvewadi,ZONE,Sexologist
Pune,Aundh,ZONE,General Physician
Pune,Talegaon,ZONE,General Ophthalmology
Pune,Pune-Cityinventory,SUPERZONE,Pulmonologist
Pune,Hadapsar,ZONE,General Dermatology
Pune,Bibvewadi,ZONE,General Alt Medicine
Pune,Pune-Cityinventory,SUPERZONE,Hair Transplant
Pune,Pune-Cityinventory,SUPERZONE,Nephrologist
Pune,Karve nagar,ZONE,Gastroenterologist
Pune,Hadapsar,ZONE,General Psychiatry
Pune,Aundh,ZONE,Gastroenterologist
Purnia,Purnia-Cityinventory,SUPERZONE,General Physician
Purnia,Purnia-Cityinventory,SUPERZONE,General Physician
Raigad,Raigad-Cityinventory,SUPERZONE,Homeopathy
Raigad,Raigad-Cityinventory,SUPERZONE,Homeopathy
Raipur,Raipur-Cityinventory,SUPERZONE,Gastroenterologist
Raipur,Raipur-Cityinventory,SUPERZONE,General Ophthalmology
Raipur,Raipur-Cityinventory,SUPERZONE,Endocrinologist
Raipur,Raipur-Cityinventory,SUPERZONE,General Surgeon
Raipur,Raipur-Cityinventory,SUPERZONE,Urologist
Raipur,Raipur-Cityinventory,SUPERZONE,Neurologist
Raipur,Raipur-Cityinventory,SUPERZONE,Physiotherapist
Raipur,Raipur-Cityinventory,SUPERZONE,General Alt Medicine
Raipur,Raipur-Cityinventory,SUPERZONE,Cosmetic/Plastic Surgeon
Raipur,Raipur-Cityinventory,SUPERZONE,ENT
Raipur,Raipur-Cityinventory,SUPERZONE,Oncologist
Raipur,Raipur-Cityinventory,SUPERZONE,Pulmonologist
Raipur,Raipur-Cityinventory,SUPERZONE,General Dermatology
Raipur,Raipur-Cityinventory,SUPERZONE,General Psychiatry
Raipur,Raipur-Cityinventory,SUPERZONE,Homeopathy
Raipur,Raipur-Cityinventory,SUPERZONE,Sexologist
Raipur,Raipur-Cityinventory,SUPERZONE,General Dentistry
Raipur,Raipur-Cityinventory,SUPERZONE,General Gynecology
Raipur,Raipur-Cityinventory,SUPERZONE,Cardiologist
Raipur,Raipur-Cityinventory,SUPERZONE,General Pediatrics
Raipur,Raipur-Cityinventory,SUPERZONE,Orthopaedics
Raipur,Raipur-Cityinventory,SUPERZONE,Hair Transplant
Raipur,Raipur-Cityinventory,SUPERZONE,General Physician
Raipur,Raipur-Cityinventory,SUPERZONE,General Ophthalmology
Raipur,Raipur-Cityinventory,SUPERZONE,Physiotherapist
Raipur,Raipur-Cityinventory,SUPERZONE,General Dentistry
Raipur,Raipur-Cityinventory,SUPERZONE,General Pediatrics
Raipur,Raipur-Cityinventory,SUPERZONE,Urologist
Raipur,Raipur-Cityinventory,SUPERZONE,Pulmonologist
Raipur,Raipur-Cityinventory,SUPERZONE,Cosmetic/Plastic Surgeon
Raipur,Raipur-Cityinventory,SUPERZONE,Sexologist
Raipur,Raipur-Cityinventory,SUPERZONE,General Surgeon
Raipur,Raipur-Cityinventory,SUPERZONE,Oncologist
Raipur,Raipur-Cityinventory,SUPERZONE,ENT
Raipur,Raipur-Cityinventory,SUPERZONE,Orthopaedics
Raipur,Raipur-Cityinventory,SUPERZONE,Gastroenterologist
Raipur,Raipur-Cityinventory,SUPERZONE,General Gynecology
Raipur,Raipur-Cityinventory,SUPERZONE,General Psychiatry
Raipur,Raipur-Cityinventory,SUPERZONE,Hair Transplant
Raipur,Raipur-Cityinventory,SUPERZONE,General Physician
Raipur,Raipur-Cityinventory,SUPERZONE,Endocrinologist
Raipur,Raipur-Cityinventory,SUPERZONE,Cardiologist
Raipur,Raipur-Cityinventory,SUPERZONE,Neurologist
Raipur,Raipur-Cityinventory,SUPERZONE,General Alt Medicine
Raipur,Raipur-Cityinventory,SUPERZONE,General Dermatology
Raipur,Raipur-Cityinventory,SUPERZONE,Homeopathy
Rajahmundry,Rajahmundry-Cityinventory,SUPERZONE,General Dentistry
Rajahmundry,Rajahmundry-Cityinventory,SUPERZONE,Gastroenterologist
Rajahmundry,Rajahmundry-Cityinventory,SUPERZONE,General Physician
Rajahmundry,Rajahmundry-Cityinventory,SUPERZONE,General Dermatology
Rajahmundry,Rajahmundry-Cityinventory,SUPERZONE,ENT
Rajahmundry,Rajahmundry-Cityinventory,SUPERZONE,Orthopaedics
Rajahmundry,Rajahmundry-Cityinventory,SUPERZONE,Orthopaedics
Rajahmundry,Rajahmundry-Cityinventory,SUPERZONE,Gastroenterologist
Rajahmundry,Rajahmundry-Cityinventory,SUPERZONE,General Dentistry
Rajahmundry,Rajahmundry-Cityinventory,SUPERZONE,ENT
Rajahmundry,Rajahmundry-Cityinventory,SUPERZONE,General Physician
Rajahmundry,Rajahmundry-Cityinventory,SUPERZONE,General Dermatology
Rajkot,Rajkot-Cityinventory,SUPERZONE,Cosmetic/Plastic Surgeon
Rajkot,Rajkot-Cityinventory,SUPERZONE,General Physician
Rajkot,Rajkot-Cityinventory,SUPERZONE,Orthopaedics
Rajkot,Rajkot-Cityinventory,SUPERZONE,ENT
Rajkot,Rajkot-Cityinventory,SUPERZONE,Homeopathy
Rajkot,Rajkot-Cityinventory,SUPERZONE,General Ophthalmology
Rajkot,Rajkot-Cityinventory,SUPERZONE,Gastroenterologist
Rajkot,Rajkot-Cityinventory,SUPERZONE,Cardiologist
Rajkot,Rajkot-Cityinventory,SUPERZONE,General Gynecology
Rajkot,Rajkot-Cityinventory,SUPERZONE,General Psychiatry
Rajkot,Rajkot-Cityinventory,SUPERZONE,General Pediatrics
Rajkot,Rajkot-Cityinventory,SUPERZONE,General Dentistry
Rajkot,Rajkot-Cityinventory,SUPERZONE,Physiotherapist
Rajkot,Rajkot-Cityinventory,SUPERZONE,General Dermatology
Rajkot,Rajkot-Cityinventory,SUPERZONE,Sexologist
Rajkot,Rajkot-Cityinventory,SUPERZONE,General Alt Medicine
Rajkot,Rajkot-Cityinventory,SUPERZONE,Cardiologist
Rajkot,Rajkot-Cityinventory,SUPERZONE,General Pediatrics
Rajkot,Rajkot-Cityinventory,SUPERZONE,ENT
Rajkot,Rajkot-Cityinventory,SUPERZONE,General Alt Medicine
Rajkot,Rajkot-Cityinventory,SUPERZONE,Sexologist
Rajkot,Rajkot-Cityinventory,SUPERZONE,General Dentistry
Rajkot,Rajkot-Cityinventory,SUPERZONE,General Dermatology
Rajkot,Rajkot-Cityinventory,SUPERZONE,Physiotherapist
Rajkot,Rajkot-Cityinventory,SUPERZONE,General Gynecology
Rajkot,Rajkot-Cityinventory,SUPERZONE,General Ophthalmology
Rajkot,Rajkot-Cityinventory,SUPERZONE,Cosmetic/Plastic Surgeon
Rajkot,Rajkot-Cityinventory,SUPERZONE,Homeopathy
Rajkot,Rajkot-Cityinventory,SUPERZONE,General Physician
Rajkot,Rajkot-Cityinventory,SUPERZONE,General Psychiatry
Rajkot,Rajkot-Cityinventory,SUPERZONE,Gastroenterologist
Rajkot,Rajkot-Cityinventory,SUPERZONE,Orthopaedics
Ranchi,Ranchi-Cityinventory,SUPERZONE,Sexologist
Ranchi,Ranchi-Cityinventory,SUPERZONE,Pulmonologist
Ranchi,Ranchi-Cityinventory,SUPERZONE,Cosmetic/Plastic Surgeon
Ranchi,Ranchi-Cityinventory,SUPERZONE,Neurologist
Ranchi,Ranchi-Cityinventory,SUPERZONE,Physiotherapist
Ranchi,Ranchi-Cityinventory,SUPERZONE,General Psychiatry
Ranchi,Ranchi-Cityinventory,SUPERZONE,Cardiologist
Ranchi,Ranchi-Cityinventory,SUPERZONE,General Surgeon
Ranchi,Ranchi,ZONE,General Physician
Ranchi,Ranchi,ZONE,General Ophthalmology
Ranchi,Ranchi,ZONE,General Dentistry
Ranchi,Ranchi,ZONE,General Dermatology
Ranchi,Ranchi-Cityinventory,SUPERZONE,General Dermatology
Ranchi,Ranchi,ZONE,General Gynecology
Ranchi,Ranchi-Cityinventory,SUPERZONE,General Dentistry
Ranchi,Ranchi,ZONE,General Pediatrics
Ranchi,Ranchi-Cityinventory,SUPERZONE,Hair Transplant
Ranchi,Ranchi-Cityinventory,SUPERZONE,Urologist
Ranchi,Ranchi-Cityinventory,SUPERZONE,General Physician
Ranchi,Ranchi-Cityinventory,SUPERZONE,Oncologist
Ranchi,Ranchi-Cityinventory,SUPERZONE,General Ophthalmology
Ranchi,Ranchi-Cityinventory,SUPERZONE,Gastroenterologist
Ranchi,Ranchi-Cityinventory,SUPERZONE,General Gynecology
Ranchi,Ranchi-Cityinventory,SUPERZONE,Orthopaedics
Ranchi,Ranchi-Cityinventory,SUPERZONE,ENT
Ranchi,Ranchi-Cityinventory,SUPERZONE,Endocrinologist
Ranchi,Ranchi-Cityinventory,SUPERZONE,General Pediatrics
Ranchi,Ranchi-Cityinventory,SUPERZONE,General Alt Medicine
Ranchi,Ranchi-Cityinventory,SUPERZONE,General Dermatology
Ranchi,Ranchi-Cityinventory,SUPERZONE,Neurologist
Ranchi,Ranchi,ZONE,Orthopaedics
Ranchi,Ranchi-Cityinventory,SUPERZONE,Cosmetic/Plastic Surgeon
Ranchi,Ranchi,ZONE,ENT
Ranchi,Ranchi-Cityinventory,SUPERZONE,General Psychiatry
Ranchi,Ranchi-Cityinventory,SUPERZONE,General Alt Medicine
Ranchi,Ranchi,ZONE,General Gynecology
Ranchi,Ranchi-Cityinventory,SUPERZONE,Endocrinologist
Ranchi,Ranchi,ZONE,General Dermatology
Ranchi,Ranchi,ZONE,General Pediatrics
Ranchi,Ranchi,ZONE,Neurologist
Ranchi,Ranchi-Cityinventory,SUPERZONE,Gastroenterologist
Ranchi,Ranchi-Cityinventory,SUPERZONE,General Surgeon
Ranchi,Ranchi-Cityinventory,SUPERZONE,General Gynecology
Ranchi,Ranchi,ZONE,General Physician
Ranchi,Ranchi-Cityinventory,SUPERZONE,Oncologist
Ranchi,Ranchi-Cityinventory,SUPERZONE,General Dentistry
Ranchi,Ranchi-Cityinventory,SUPERZONE,ENT
Ranchi,Ranchi-Cityinventory,SUPERZONE,Urologist
Ranchi,Ranchi-Cityinventory,SUPERZONE,Physiotherapist
Ranchi,Ranchi-Cityinventory,SUPERZONE,Cardiologist
Ranchi,Ranchi-Cityinventory,SUPERZONE,General Pediatrics
Ranchi,Ranchi-Cityinventory,SUPERZONE,General Ophthalmology
Ranchi,Ranchi,ZONE,General Dentistry
Ranchi,Ranchi-Cityinventory,SUPERZONE,General Physician
Ranchi,Ranchi-Cityinventory,SUPERZONE,Hair Transplant
Ranchi,Ranchi,ZONE,General Ophthalmology
Ranchi,Ranchi-Cityinventory,SUPERZONE,Pulmonologist
Ranchi,Ranchi-Cityinventory,SUPERZONE,Sexologist
Ranchi,Ranchi-Cityinventory,SUPERZONE,Orthopaedics
Rewa,Rewa-Cityinventory,SUPERZONE,General Physician
Rewa,Rewa-Cityinventory,SUPERZONE,General Physician
Rewari,Rewari-Cityinventory,SUPERZONE,General Physician
Rewari,Rewari-Cityinventory,SUPERZONE,General Physician
Rohtak,Rohtak-Cityinventory,SUPERZONE,General Psychiatry
Rohtak,Rohtak-Cityinventory,SUPERZONE,General Dentistry
Rohtak,Rohtak-Cityinventory,SUPERZONE,Orthopaedics
Rohtak,Rohtak-Cityinventory,SUPERZONE,General Psychiatry
Rohtak,Rohtak-Cityinventory,SUPERZONE,Orthopaedics
Rohtak,Rohtak-Cityinventory,SUPERZONE,General Dentistry
Rourkela,Rourkela-Cityinventory,SUPERZONE,General Dermatology
Rourkela,Rourkela-Cityinventory,SUPERZONE,General Physician
Rourkela,Rourkela-Cityinventory,SUPERZONE,General Physician
Rourkela,Rourkela-Cityinventory,SUPERZONE,General Dermatology
Saharanpur,Saharanpur-Cityinventory,SUPERZONE,General Dentistry
Saharanpur,Saharanpur-Cityinventory,SUPERZONE,General Physician
Saharanpur,Saharanpur-Cityinventory,SUPERZONE,General Physician
Saharanpur,Saharanpur-Cityinventory,SUPERZONE,General Dentistry
Salem,Salem-Cityinventory,SUPERZONE,Orthopaedics
Salem,Salem-Cityinventory,SUPERZONE,General Dermatology
Salem,Salem-Cityinventory,SUPERZONE,General Physician
Salem,Salem-Cityinventory,SUPERZONE,Sexologist
Salem,Salem-Cityinventory,SUPERZONE,General Dentistry
Salem,Salem-Cityinventory,SUPERZONE,General Psychiatry
Salem,Salem-Cityinventory,SUPERZONE,General Gynecology
Salem,Salem-Cityinventory,SUPERZONE,Gastroenterologist
Salem,Salem-Cityinventory,SUPERZONE,General Dermatology
Salem,Salem-Cityinventory,SUPERZONE,Sexologist
Salem,Salem-Cityinventory,SUPERZONE,Gastroenterologist
Salem,Salem-Cityinventory,SUPERZONE,General Dentistry
Salem,Salem-Cityinventory,SUPERZONE,General Physician
Salem,Salem-Cityinventory,SUPERZONE,General Gynecology
Salem,Salem-Cityinventory,SUPERZONE,General Psychiatry
Salem,Salem-Cityinventory,SUPERZONE,Orthopaedics
Salem,Salem,ZONE,General Physician
Sangrur,Sangrur-Cityinventory,SUPERZONE,General Physician
Sangrur,Sangrur-Cityinventory,SUPERZONE,General Physician
Satara,Satara-Cityinventory,SUPERZONE,General Dermatology
Satara,Satara-Cityinventory,SUPERZONE,General Dermatology
Satna,Satna-Cityinventory,SUPERZONE,General Physician
Satna,Satna-Cityinventory,SUPERZONE,General Dentistry
Satna,Satna-Cityinventory,SUPERZONE,General Physician
Satna,Satna-Cityinventory,SUPERZONE,General Dentistry
Shimoga,Shimoga-Cityinventory,SUPERZONE,General Gynecology
Shimoga,Shimoga-Cityinventory,SUPERZONE,General Physician
Shimoga,Shimoga-Cityinventory,SUPERZONE,General Gynecology
Shimoga,Shimoga-Cityinventory,SUPERZONE,General Physician
Sikar,Sikar-Cityinventory,SUPERZONE,General Physician
Sikar,Sikar-Cityinventory,SUPERZONE,General Physician
Siliguri,Siliguri-Cityinventory,SUPERZONE,General Gynecology
Siliguri,Siliguri-Cityinventory,SUPERZONE,General Physician
Siliguri,Siliguri-Cityinventory,SUPERZONE,General Dermatology
Siliguri,Siliguri-Cityinventory,SUPERZONE,Gastroenterologist
Siliguri,Siliguri-Cityinventory,SUPERZONE,General Dentistry
Siliguri,Siliguri-Cityinventory,SUPERZONE,General Dentistry
Siliguri,Siliguri-Cityinventory,SUPERZONE,Gastroenterologist
Siliguri,Siliguri-Cityinventory,SUPERZONE,General Physician
Siliguri,Siliguri-Cityinventory,SUPERZONE,General Dermatology
Siliguri,Siliguri-Cityinventory,SUPERZONE,General Gynecology
Solapur,Solapur-Cityinventory,SUPERZONE,General Dermatology
Solapur,Solapur-Cityinventory,SUPERZONE,Gastroenterologist
Solapur,Solapur-Cityinventory,SUPERZONE,General Psychiatry
Solapur,Solapur-Cityinventory,SUPERZONE,ENT
Solapur,Solapur-Cityinventory,SUPERZONE,General Dentistry
Solapur,Solapur-Cityinventory,SUPERZONE,General Gynecology
Solapur,Solapur-Cityinventory,SUPERZONE,General Physician
Solapur,Solapur-Cityinventory,SUPERZONE,Sexologist
Solapur,Solapur-Cityinventory,SUPERZONE,Orthopaedics
Solapur,Solapur-Cityinventory,SUPERZONE,General Physician
Solapur,Solapur-Cityinventory,SUPERZONE,General Dermatology
Solapur,Solapur-Cityinventory,SUPERZONE,ENT
Solapur,Solapur-Cityinventory,SUPERZONE,General Gynecology
Solapur,Solapur-Cityinventory,SUPERZONE,Sexologist
Solapur,Solapur-Cityinventory,SUPERZONE,General Psychiatry
Solapur,Solapur-Cityinventory,SUPERZONE,Orthopaedics
Solapur,Solapur-Cityinventory,SUPERZONE,Gastroenterologist
Solapur,Solapur-Cityinventory,SUPERZONE,General Dentistry
Sonipat,Sonipat-Cityinventory,SUPERZONE,General Dermatology
Sonipat,Sonipat-Cityinventory,SUPERZONE,General Dentistry
Sonipat,Sonipat-Cityinventory,SUPERZONE,ENT
Sonipat,Sonipat-Cityinventory,SUPERZONE,Orthopaedics
Sonipat,Sonipat-Cityinventory,SUPERZONE,General Physician
Sonipat,Sonipat-Cityinventory,SUPERZONE,General Gynecology
Sonipat,Sonipat-Cityinventory,SUPERZONE,Sexologist
Sonipat,Sonipat-Cityinventory,SUPERZONE,General Dentistry
Sonipat,Sonipat-Cityinventory,SUPERZONE,Sexologist
Sonipat,Sonipat-Cityinventory,SUPERZONE,ENT
Sonipat,Sonipat-Cityinventory,SUPERZONE,General Gynecology
Sonipat,Sonipat-Cityinventory,SUPERZONE,General Dermatology
Sonipat,Sonipat-Cityinventory,SUPERZONE,General Physician
Sonipat,Sonipat-Cityinventory,SUPERZONE,Orthopaedics
South Goa,South Goa-Cityinventory,SUPERZONE,General Dentistry
South Goa,South Goa-Cityinventory,SUPERZONE,General Physician
South Goa,South Goa-Cityinventory,SUPERZONE,General Dentistry
South Goa,South Goa,ZONE,General Physician
South Goa,South Goa-Cityinventory,SUPERZONE,General Physician
South Goa,South Goa,ZONE,General Dentistry
Sri Ganganagar,Sri Ganganagar-Cityinventory,SUPERZONE,General Alt Medicine
Sri Ganganagar,Sri Ganganagar-Cityinventory,SUPERZONE,General Physician
Sri Ganganagar,Sri Ganganagar-Cityinventory,SUPERZONE,General Physician
Srikakulam,Srikakulam-Cityinventory,SUPERZONE,General Physician
Srikakulam,Srikakulam-Cityinventory,SUPERZONE,General Physician
Srinagar,Srinagar-Cityinventory,SUPERZONE,General Physician
Srinagar,Srinagar-Cityinventory,SUPERZONE,General Psychiatry
Srinagar,Srinagar-Cityinventory,SUPERZONE,Sexologist
Srinagar,Srinagar-Cityinventory,SUPERZONE,General Dentistry
Srinagar,Srinagar-Cityinventory,SUPERZONE,Gastroenterologist
Srinagar,Srinagar-Cityinventory,SUPERZONE,General Dentistry
Srinagar,Srinagar-Cityinventory,SUPERZONE,General Physician
Srinagar,Srinagar-Cityinventory,SUPERZONE,Gastroenterologist
Srinagar,Srinagar-Cityinventory,SUPERZONE,General Psychiatry
Srinagar,Srinagar-Cityinventory,SUPERZONE,Sexologist
Surat,Surat-Cityinventory,SUPERZONE,Homeopathy
Surat,Surat-Cityinventory,SUPERZONE,General Dermatology
Surat,Surat-Cityinventory,SUPERZONE,Cardiologist
Surat,Varaccha,ZONE,General Gynecology
Surat,Vesu,ZONE,General Dentistry
Surat,Surat-Cityinventory,SUPERZONE,General Surgeon
Surat,Surat-Cityinventory,SUPERZONE,Sexologist
Surat,Surat-Cityinventory,SUPERZONE,Urologist
Surat,Athawa,ZONE,General Dentistry
Surat,Surat-Cityinventory,SUPERZONE,General Pediatrics
Surat,Surat-Cityinventory,SUPERZONE,General Alt Medicine
Surat,Surat-Cityinventory,SUPERZONE,Neurologist
Surat,Surat-Cityinventory,SUPERZONE,General Dentistry
Surat,Surat-Cityinventory,SUPERZONE,Dietitian
Surat,Surat-Cityinventory,SUPERZONE,General Psychiatry
Surat,Surat-Cityinventory,SUPERZONE,Pulmonologist
Surat,Surat-Cityinventory,SUPERZONE,Gastroenterologist
Surat,Adajan,ZONE,General Dermatology
Surat,Athawa,ZONE,General Psychiatry
Surat,Surat-Cityinventory,SUPERZONE,General Physician
Surat,Surat-Cityinventory,SUPERZONE,Physiotherapist
Surat,Surat-Cityinventory,SUPERZONE,General Gynecology
Surat,Adajan,ZONE,Homeopathy
Surat,Athawa,ZONE,ENT
Surat,Surat-Cityinventory,SUPERZONE,ENT
Surat,Surat-Cityinventory,SUPERZONE,Hair Transplant
Surat,Surat-Cityinventory,SUPERZONE,General Ophthalmology
Surat,Adajan,ZONE,General Gynecology
Surat,Surat-Cityinventory,SUPERZONE,Endocrinologist
Surat,Surat-Cityinventory,SUPERZONE,Orthopaedics
Surat,Surat-Cityinventory,SUPERZONE,Cosmetic/Plastic Surgeon
Surat,Surat-Cityinventory,SUPERZONE,Oncologist
Surat,Surat-Cityinventory,SUPERZONE,General Ophthalmology
Surat,Surat-Cityinventory,SUPERZONE,ENT
Surat,Surat-Cityinventory,SUPERZONE,Dietitian
Surat,Surat-Cityinventory,SUPERZONE,Neurologist
Surat,Surat-Cityinventory,SUPERZONE,Gastroenterologist
Surat,Surat-Cityinventory,SUPERZONE,General Surgeon
Surat,Surat-Cityinventory,SUPERZONE,General Gynecology
Surat,Surat-Cityinventory,SUPERZONE,Cosmetic/Plastic Surgeon
Surat,Surat-Cityinventory,SUPERZONE,Physiotherapist
Surat,Athawa,ZONE,General Psychiatry
Surat,Vesu,ZONE,General Dentistry
Surat,Surat-Cityinventory,SUPERZONE,General Pediatrics
Surat,Surat-Cityinventory,SUPERZONE,Oncologist
Surat,Adajan,ZONE,General Gynecology
Surat,Surat-Cityinventory,SUPERZONE,General Dentistry
Surat,Varaccha,ZONE,General Gynecology
Surat,Athawa,ZONE,ENT
Surat,Surat-Cityinventory,SUPERZONE,General Psychiatry
Surat,Surat-Cityinventory,SUPERZONE,Urologist
Surat,Surat-Cityinventory,SUPERZONE,Pulmonologist
Surat,Surat-Cityinventory,SUPERZONE,Orthopaedics
Surat,Surat-Cityinventory,SUPERZONE,General Physician
Surat,Surat-Cityinventory,SUPERZONE,Sexologist
Surat,Surat-Cityinventory,SUPERZONE,General Dermatology
Surat,Surat-Cityinventory,SUPERZONE,Endocrinologist
Surat,Athawa,ZONE,General Dentistry
Surat,Surat-Cityinventory,SUPERZONE,Cardiologist
Surat,Surat-Cityinventory,SUPERZONE,Hair Transplant
Surat,Surat-Cityinventory,SUPERZONE,General Alt Medicine
Surat,Surat-Cityinventory,SUPERZONE,Homeopathy
Thane,Thane Central,ZONE,General Alt Medicine
Thane,Kalyan,ZONE,General Alt Medicine
Thane,Thane-Cityinventory,SUPERZONE,Pulmonologist
Thane,Ulhasnagar,ZONE,General Gynecology
Thane,Vasai,ZONE,ENT
Thane,Virar,ZONE,General Psychiatry
Thane,Thane-Cityinventory,SUPERZONE,Neurologist
Thane,Thane Central,ZONE,General Pediatrics
Thane,Thane Central,ZONE,Veterinarian
Thane,Thane Central,ZONE,Speech Therapist
Thane,Dombivali,ZONE,Neurologist
Thane,Thane-Cityinventory,SUPERZONE,General Surgeon
Thane,Virar,ZONE,General Physician
Thane,Thane Central,ZONE,ENT
Thane,Ulhasnagar,ZONE,General Pediatrics
Thane,Thane-Cityinventory,SUPERZONE,General Dermatology
Thane,Dombivali,ZONE,Gastroenterologist
Thane,Dombivali,ZONE,Endocrinologist
Thane,Kalyan,ZONE,Endocrinologist
Thane,Virar,ZONE,Gastroenterologist
Thane,Kalyan,ZONE,General Pediatrics
Thane,Vasai,ZONE,Neurologist
Thane,Thane-Cityinventory,SUPERZONE,Hair Transplant
Thane,Thane Central,ZONE,Oncologist
Thane,Kalyan,ZONE,Pulmonologist
Thane,Kalyan,ZONE,General Gynecology
Thane,Thane Central,ZONE,General Gynecology
Thane,Kalyan,ZONE,General Physician
Thane,Vasai,ZONE,Cardiologist
Thane,Dombivali,ZONE,General Physician
Thane,Kalyan,ZONE,Nephrologist
Thane,Vasai,ZONE,General Ophthalmology
Thane,Kalyan,ZONE,Neurologist
Thane,Kalyan,ZONE,ENT
Thane,Thane-Cityinventory,SUPERZONE,General Dentistry
Thane,Kalyan,ZONE,Orthopaedics
Thane,Thane Central,ZONE,Orthopaedics
Thane,Vasai,ZONE,General Physician
Thane,Dombivali,ZONE,General Gynecology
Thane,Kalyan,ZONE,Homeopathy
Thane,Thane-Cityinventory,SUPERZONE,Cardiologist
Thane,Ulhasnagar,ZONE,ENT
Thane,Kalyan,ZONE,Physiotherapist
Thane,Dombivali,ZONE,ENT
Thane,Dombivali,ZONE,General Ophthalmology
Thane,Thane Central,ZONE,Homeopathy
Thane,Thane Central,ZONE,Endocrinologist
Thane,Kalyan,ZONE,Sexologist
Thane,Thane-Cityinventory,SUPERZONE,General Alt Medicine
Thane,Thane-Cityinventory,SUPERZONE,Gastroenterologist
Thane,Vasai,ZONE,General Dermatology
Thane,Kalyan,ZONE,Urologist
Thane,Vasai,ZONE,Endocrinologist
Thane,Thane-Cityinventory,SUPERZONE,Dietitian
Thane,Virar,ZONE,Orthopaedics
Thane,Thane Central,ZONE,General Dentistry
Thane,Thane Central,ZONE,Dietitian
Thane,Vasai,ZONE,Orthopaedics
Thane,Ulhasnagar,ZONE,Gastroenterologist
Thane,Dombivali,ZONE,Cardiologist
Thane,Kalyan,ZONE,Cardiologist
Thane,Ulhasnagar,ZONE,General Dermatology
Thane,Dombivali,ZONE,General Dermatology
Thane,Dombivali,ZONE,Pulmonologist
Thane,Vasai,ZONE,Gastroenterologist
Thane,Thane Central,ZONE,Cosmetic/Plastic Surgeon
Thane,Thane Central,ZONE,General Dermatology
Thane,Thane Central,ZONE,Pulmonologist
Thane,Thane-Cityinventory,SUPERZONE,Orthopaedics
Thane,Dombivali,ZONE,General Alt Medicine
Thane,Thane-Cityinventory,SUPERZONE,General Psychiatry
Thane,Vasai,ZONE,General Dentistry
Thane,Thane-Cityinventory,SUPERZONE,ENT
Thane,Thane Central,ZONE,General Ophthalmology
Thane,Thane-Cityinventory,SUPERZONE,Endocrinologist
Thane,Kalyan,ZONE,General Psychiatry
Thane,Thane Central,ZONE,Hair Transplant
Thane,Thane-Cityinventory,SUPERZONE,General Gynecology
Thane,Thane Central,ZONE,General Psychiatry
Thane,Thane Central,ZONE,Urologist
Thane,Vasai,ZONE,General Pediatrics
Thane,Vasai,ZONE,General Psychiatry
Thane,Virar,ZONE,General Gynecology
Thane,Dombivali,ZONE,General Psychiatry
Thane,Kalyan,ZONE,Gastroenterologist
Thane,Dombivali,ZONE,General Dentistry
Thane,Kalyan,ZONE,Cosmetic/Plastic Surgeon
Thane,Thane-Cityinventory,SUPERZONE,Homeopathy
Thane,Vasai,ZONE,Urologist
Thane,Vasai,ZONE,General Gynecology
Thane,Thane-Cityinventory,SUPERZONE,Veterinarian
Thane,Dombivali,ZONE,Orthopaedics
Thane,Thane Central,ZONE,Sexologist
Thane,Ulhasnagar,ZONE,Orthopaedics
Thane,Thane-Cityinventory,SUPERZONE,Physiotherapist
Thane,Thane-Cityinventory,SUPERZONE,Sexologist
Thane,Kalyan,ZONE,General Dentistry
Thane,Thane Central,ZONE,General Surgeon
Thane,Thane-Cityinventory,SUPERZONE,General Ophthalmology
Thane,Thane-Cityinventory,SUPERZONE,General Pediatrics
Thane,Thane-Cityinventory,SUPERZONE,Nephrologist
Thane,Kalyan,ZONE,General Ophthalmology
Thane,Dombivali,ZONE,Physiotherapist
Thane,Thane-Cityinventory,SUPERZONE,Oncologist
Thane,Thane Central,ZONE,Gastroenterologist
Thane,Ulhasnagar,ZONE,General Physician
Thane,Thane-Cityinventory,SUPERZONE,General Physician
Thane,Kalyan,ZONE,General Dermatology
Thane,Vasai,ZONE,General Alt Medicine
Thane,Thane Central,ZONE,Cardiologist
Thane,Thane-Cityinventory,SUPERZONE,Urologist
Thane,Dombivali,ZONE,Sexologist
Thane,Ulhasnagar,ZONE,General Dentistry
Thane,Thane Central,ZONE,Physiotherapist
Thane,Thane Central,ZONE,General Physician
Thane,Thane-Cityinventory,SUPERZONE,Speech Therapist
Thane,Thane Central,ZONE,Neurologist
Thane,Dombivali,ZONE,General Pediatrics
Thane,Vasai,ZONE,Sexologist
Thane,Dombivali,ZONE,Urologist
Thane,Thane-Cityinventory,SUPERZONE,Cosmetic/Plastic Surgeon
Thane,Thane-Cityinventory,SUPERZONE,Nephrologist
Thane,Thane-Cityinventory,SUPERZONE,Hair Transplant
Thane,Vasai,ZONE,General Gynecology
Thane,Kalyan,ZONE,General Dermatology
Thane,Thane Central,ZONE,General Pediatrics
Thane,Dombivali,ZONE,ENT
Thane,Thane-Cityinventory,SUPERZONE,General Psychiatry
Thane,Thane Central,ZONE,General Ophthalmology
Thane,Vasai,ZONE,Urologist
Thane,Vasai,ZONE,Gastroenterologist
Thane,Vasai,ZONE,Orthopaedics
Thane,Kalyan,ZONE,General Psychiatry
Thane,Dombivali,ZONE,General Pediatrics
Thane,Thane-Cityinventory,SUPERZONE,General Gynecology
Thane,Thane Central,ZONE,Neurologist
Thane,Ulhasnagar,ZONE,General Gynecology
Thane,Thane-Cityinventory,SUPERZONE,Cardiologist
Thane,Dombivali,ZONE,Pulmonologist
Thane,Kalyan,ZONE,Physiotherapist
Thane,Ulhasnagar,ZONE,ENT
Thane,Thane-Cityinventory,SUPERZONE,Gastroenterologist
Thane,Dombivali,ZONE,General Alt Medicine
Thane,Dombivali,ZONE,General Dermatology
Thane,Virar,ZONE,Orthopaedics
Thane,Thane-Cityinventory,SUPERZONE,Pulmonologist
Thane,Kalyan,ZONE,Orthopaedics
Thane,Thane Central,ZONE,Gastroenterologist
Thane,Virar,ZONE,General Psychiatry
Thane,Kalyan,ZONE,Cosmetic/Plastic Surgeon
Thane,Vasai,ZONE,General Dentistry
Thane,Kalyan,ZONE,General Ophthalmology
Thane,Thane-Cityinventory,SUPERZONE,Physiotherapist
Thane,Kalyan,ZONE,Pulmonologist
Thane,Thane-Cityinventory,SUPERZONE,General Pediatrics
Thane,Thane-Cityinventory,SUPERZONE,General Physician
Thane,Kalyan,ZONE,General Pediatrics
Thane,Thane Central,ZONE,Orthopaedics
Thane,Thane-Cityinventory,SUPERZONE,Oncologist
Thane,Virar,ZONE,General Physician
Thane,Thane-Cityinventory,SUPERZONE,General Ophthalmology
Thane,Thane Central,ZONE,Oncologist
Thane,Vasai,ZONE,General Dermatology
Thane,Thane Central,ZONE,Homeopathy
Thane,Thane Central,ZONE,Pulmonologist
Thane,Thane-Cityinventory,SUPERZONE,Homeopathy
Thane,Dombivali,ZONE,General Ophthalmology
Thane,Thane Central,ZONE,General Dentistry
Thane,Dombivali,ZONE,General Psychiatry
Thane,Thane Central,ZONE,Dietitian
Thane,Thane-Cityinventory,SUPERZONE,Speech Therapist
Thane,Thane Central,ZONE,ENT
Thane,Kalyan,ZONE,General Physician
Thane,Vasai,ZONE,Endocrinologist
Thane,Thane Central,ZONE,Veterinarian
Thane,Kalyan,ZONE,General Dentistry
Thane,Thane-Cityinventory,SUPERZONE,ENT
Thane,Thane Central,ZONE,General Psychiatry
Thane,Thane-Cityinventory,SUPERZONE,Dietitian
Thane,Dombivali,ZONE,General Physician
Thane,Thane-Cityinventory,SUPERZONE,General Dentistry
Thane,Thane-Cityinventory,SUPERZONE,Neurologist
Thane,Kalyan,ZONE,Homeopathy
Thane,Thane Central,ZONE,General Surgeon
Thane,Ulhasnagar,ZONE,Orthopaedics
Thane,Thane-Cityinventory,SUPERZONE,General Dermatology
Thane,Vasai,ZONE,General Alt Medicine
Thane,Vasai,ZONE,Neurologist
Thane,Kalyan,ZONE,Urologist
Thane,Thane Central,ZONE,Cosmetic/Plastic Surgeon
Thane,Ulhasnagar,ZONE,Gastroenterologist
Thane,Thane Central,ZONE,Physiotherapist
Thane,Ulhasnagar,ZONE,General Physician
Thane,Dombivali,ZONE,Urologist
Thane,Vasai,ZONE,ENT
Thane,Kalyan,ZONE,Sexologist
Thane,Thane Central,ZONE,General Dermatology
Thane,Thane-Cityinventory,SUPERZONE,General Alt Medicine
Thane,Thane Central,ZONE,General Alt Medicine
Thane,Kalyan,ZONE,Nephrologist
Thane,Vasai,ZONE,General Physician
Thane,Thane Central,ZONE,Sexologist
Thane,Dombivali,ZONE,Neurologist
Thane,Thane Central,ZONE,General Physician
Thane,Kalyan,ZONE,Neurologist
Thane,Vasai,ZONE,Cardiologist
Thane,Kalyan,ZONE,General Gynecology
Thane,Thane Central,ZONE,General Gynecology
Thane,Thane-Cityinventory,SUPERZONE,Urologist
Thane,Dombivali,ZONE,Physiotherapist
Thane,Ulhasnagar,ZONE,General Dermatology
Thane,Kalyan,ZONE,Endocrinologist
Thane,Dombivali,ZONE,Cardiologist
Thane,Kalyan,ZONE,Gastroenterologist
Thane,Thane Central,ZONE,Endocrinologist
Thane,Dombivali,ZONE,Orthopaedics
Thane,Dombivali,ZONE,General Gynecology
Thane,Thane-Cityinventory,SUPERZONE,Endocrinologist
Thane,Vasai,ZONE,General Psychiatry
Thane,Thane-Cityinventory,SUPERZONE,Veterinarian
Thane,Thane Central,ZONE,Cardiologist
Thane,Dombivali,ZONE,Sexologist
Thane,Thane-Cityinventory,SUPERZONE,Orthopaedics
Thane,Thane Central,ZONE,Urologist
Thane,Kalyan,ZONE,Cardiologist
Thane,Virar,ZONE,General Gynecology
Thane,Kalyan,ZONE,General Alt Medicine
Thane,Thane-Cityinventory,SUPERZONE,General Surgeon
Thane,Virar,ZONE,Gastroenterologist
Thane,Thane Central,ZONE,Hair Transplant
Thane,Thane-Cityinventory,SUPERZONE,Cosmetic/Plastic Surgeon
Thane,Thane Central,ZONE,Speech Therapist
Thane,Thane-Cityinventory,SUPERZONE,Sexologist
Thane,Vasai,ZONE,Sexologist
Thane,Dombivali,ZONE,Gastroenterologist
Thane,Kalyan,ZONE,ENT
Thane,Dombivali,ZONE,General Dentistry
Thane,Dombivali,ZONE,Endocrinologist
Thanjavur,Thanjavur-Cityinventory,SUPERZONE,General Physician
Thanjavur,Thanjavur-Cityinventory,SUPERZONE,General Physician
Thiruvananthapuram,Thiruvananthapuram-Cityinventory,SUPERZONE,Neurologist
Thiruvananthapuram,Thiruvananthapuram,ZONE,ENT
Thiruvananthapuram,Thiruvananthapuram,ZONE,General Alt Medicine
Thiruvananthapuram,Thiruvananthapuram-Cityinventory,SUPERZONE,General Dermatology
Thiruvananthapuram,Thiruvananthapuram,ZONE,General Dentistry
Thiruvananthapuram,Thiruvananthapuram,ZONE,Orthopaedics
Thiruvananthapuram,Thiruvananthapuram,ZONE,General Psychiatry
Thiruvananthapuram,Thiruvananthapuram-Cityinventory,SUPERZONE,Sexologist
Thiruvananthapuram,Thiruvananthapuram-Cityinventory,SUPERZONE,Urologist
Thiruvananthapuram,Thiruvananthapuram-Cityinventory,SUPERZONE,Cosmetic/Plastic Surgeon
Thiruvananthapuram,Thiruvananthapuram-Cityinventory,SUPERZONE,Gastroenterologist
Thiruvananthapuram,Thiruvananthapuram-Cityinventory,SUPERZONE,Orthopaedics
Thiruvananthapuram,Thiruvananthapuram,ZONE,Cardiologist
Thiruvananthapuram,Thiruvananthapuram,ZONE,Gastroenterologist
Thiruvananthapuram,Thiruvananthapuram-Cityinventory,SUPERZONE,General Pediatrics
Thiruvananthapuram,Thiruvananthapuram,ZONE,General Gynecology
Thiruvananthapuram,Thiruvananthapuram,ZONE,General Pediatrics
Thiruvananthapuram,Thiruvananthapuram-Cityinventory,SUPERZONE,General Gynecology
Thiruvananthapuram,Thiruvananthapuram-Cityinventory,SUPERZONE,General Physician
Thiruvananthapuram,Thiruvananthapuram,ZONE,General Dermatology
Thiruvananthapuram,Thiruvananthapuram,ZONE,General Physician
Thiruvananthapuram,Thiruvananthapuram-Cityinventory,SUPERZONE,Homeopathy
Thiruvananthapuram,Thiruvananthapuram-Cityinventory,SUPERZONE,ENT
Thiruvananthapuram,Thiruvananthapuram-Cityinventory,SUPERZONE,General Ophthalmology
Thiruvananthapuram,Thiruvananthapuram,ZONE,Cosmetic/Plastic Surgeon
Thiruvananthapuram,Thiruvananthapuram-Cityinventory,SUPERZONE,General Psychiatry
Thiruvananthapuram,Thiruvananthapuram-Cityinventory,SUPERZONE,Physiotherapist
Thiruvananthapuram,Thiruvananthapuram-Cityinventory,SUPERZONE,Hair Transplant
Thiruvananthapuram,Thiruvananthapuram-Cityinventory,SUPERZONE,General Alt Medicine
Thiruvananthapuram,Thiruvananthapuram,ZONE,Neurologist
Thiruvananthapuram,Thiruvananthapuram-Cityinventory,SUPERZONE,General Dentistry
Thiruvananthapuram,Thiruvananthapuram-Cityinventory,SUPERZONE,Cardiologist
Thiruvananthapuram,Thiruvananthapuram,ZONE,General Psychiatry
Thiruvananthapuram,Thiruvananthapuram-Cityinventory,SUPERZONE,General Ophthalmology
Thiruvananthapuram,Thiruvananthapuram,ZONE,Physiotherapist
Thiruvananthapuram,Thiruvananthapuram,ZONE,General Pediatrics
Thiruvananthapuram,Thiruvananthapuram,ZONE,Sexologist
Thiruvananthapuram,Thiruvananthapuram,ZONE,General Alt Medicine
Thiruvananthapuram,Thiruvananthapuram,ZONE,General Gynecology
Thiruvananthapuram,Thiruvananthapuram-Cityinventory,SUPERZONE,Orthopaedics
Thiruvananthapuram,Thiruvananthapuram-Cityinventory,SUPERZONE,Cardiologist
Thiruvananthapuram,Thiruvananthapuram,ZONE,Orthopaedics
Thiruvananthapuram,Thiruvananthapuram,ZONE,General Dermatology
Thiruvananthapuram,Thiruvananthapuram-Cityinventory,SUPERZONE,Urologist
Thiruvananthapuram,Thiruvananthapuram-Cityinventory,SUPERZONE,Gastroenterologist
Thiruvananthapuram,Thiruvananthapuram-Cityinventory,SUPERZONE,Physiotherapist
Thiruvananthapuram,Thiruvananthapuram-Cityinventory,SUPERZONE,Cosmetic/Plastic Surgeon
Thiruvananthapuram,Thiruvananthapuram-Cityinventory,SUPERZONE,General Pediatrics
Thiruvananthapuram,Thiruvananthapuram,ZONE,ENT
Thiruvananthapuram,Thiruvananthapuram-Cityinventory,SUPERZONE,Hair Transplant
Thiruvananthapuram,Thiruvananthapuram,ZONE,Cardiologist
Thiruvananthapuram,Thiruvananthapuram-Cityinventory,SUPERZONE,Sexologist
Thiruvananthapuram,Thiruvananthapuram-Cityinventory,SUPERZONE,General Psychiatry
Thiruvananthapuram,Thiruvananthapuram-Cityinventory,SUPERZONE,General Physician
Thiruvananthapuram,Thiruvananthapuram,ZONE,General Ophthalmology
Thiruvananthapuram,Thiruvananthapuram,ZONE,Neurologist
Thiruvananthapuram,Thiruvananthapuram-Cityinventory,SUPERZONE,General Alt Medicine
Thiruvananthapuram,Thiruvananthapuram-Cityinventory,SUPERZONE,General Gynecology
Thiruvananthapuram,Thiruvananthapuram,ZONE,General Physician
Thiruvananthapuram,Thiruvananthapuram-Cityinventory,SUPERZONE,Neurologist
Thiruvananthapuram,Thiruvananthapuram-Cityinventory,SUPERZONE,General Dentistry
Thiruvananthapuram,Thiruvananthapuram,ZONE,Cosmetic/Plastic Surgeon
Thiruvananthapuram,Thiruvananthapuram,ZONE,Gastroenterologist
Thiruvananthapuram,Thiruvananthapuram,ZONE,General Dentistry
Thiruvananthapuram,Thiruvananthapuram-Cityinventory,SUPERZONE,ENT
Thiruvananthapuram,Thiruvananthapuram-Cityinventory,SUPERZONE,General Dermatology
Thrissur,Thrissur-Cityinventory,SUPERZONE,General Dentistry
Thrissur,Thrissur-Cityinventory,SUPERZONE,General Alt Medicine
Thrissur,Thrissur,ZONE,General Psychiatry
Thrissur,Thrissur,ZONE,ENT
Thrissur,Thrissur-Cityinventory,SUPERZONE,Gastroenterologist
Thrissur,Thrissur-Cityinventory,SUPERZONE,General Dermatology
Thrissur,Thrissur-Cityinventory,SUPERZONE,General Gynecology
Thrissur,Thrissur-Cityinventory,SUPERZONE,General Physician
Thrissur,Thrissur,ZONE,General Physician
Thrissur,Thrissur,ZONE,Orthopaedics
Thrissur,Thrissur-Cityinventory,SUPERZONE,ENT
Thrissur,Thrissur,ZONE,General Dentistry
Thrissur,Thrissur-Cityinventory,SUPERZONE,Orthopaedics
Thrissur,Thrissur,ZONE,General Dermatology
Thrissur,Thrissur-Cityinventory,SUPERZONE,General Psychiatry
Thrissur,Thrissur,ZONE,General Alt Medicine
Thrissur,Thrissur,ZONE,General Gynecology
Thrissur,Thrissur-Cityinventory,SUPERZONE,Gastroenterologist
Thrissur,Thrissur,ZONE,General Alt Medicine
Thrissur,Thrissur-Cityinventory,SUPERZONE,General Physician
Thrissur,Thrissur-Cityinventory,SUPERZONE,General Psychiatry
Thrissur,Thrissur-Cityinventory,SUPERZONE,General Alt Medicine
Thrissur,Thrissur-Cityinventory,SUPERZONE,General Dentistry
Thrissur,Thrissur,ZONE,General Dermatology
Thrissur,Thrissur-Cityinventory,SUPERZONE,ENT
Thrissur,Thrissur-Cityinventory,SUPERZONE,Orthopaedics
Thrissur,Thrissur,ZONE,General Psychiatry
Thrissur,Thrissur,ZONE,ENT
Thrissur,Thrissur,ZONE,General Dentistry
Thrissur,Thrissur-Cityinventory,SUPERZONE,General Gynecology
Thrissur,Thrissur,ZONE,Orthopaedics
Thrissur,Thrissur,ZONE,General Physician
Thrissur,Thrissur-Cityinventory,SUPERZONE,General Dermatology
Tiruchirappalli,Tiruchirappalli-Cityinventory,SUPERZONE,Cosmetic/Plastic Surgeon
Tiruchirappalli,Tiruchirappalli-Cityinventory,SUPERZONE,ENT
Tiruchirappalli,Tiruchirappalli-Cityinventory,SUPERZONE,General Dentistry
Tiruchirappalli,Tiruchirappalli-Cityinventory,SUPERZONE,General Dermatology
Tiruchirappalli,Tiruchirappalli-Cityinventory,SUPERZONE,Neurologist
Tiruchirappalli,Tiruchirappalli-Cityinventory,SUPERZONE,Gastroenterologist
Tiruchirappalli,Tiruchirappalli-Cityinventory,SUPERZONE,Orthopaedics
Tiruchirappalli,Tiruchirappalli-Cityinventory,SUPERZONE,General Physician
Tiruchirappalli,Tiruchirappalli-Cityinventory,SUPERZONE,Urologist
Tiruchirappalli,Tiruchirappalli-Cityinventory,SUPERZONE,General Gynecology
Tiruchirappalli,Tiruchirappalli-Cityinventory,SUPERZONE,Urologist
Tiruchirappalli,Tiruchirappalli,ZONE,General Gynecology
Tiruchirappalli,Tiruchirappalli-Cityinventory,SUPERZONE,General Dentistry
Tiruchirappalli,Tiruchirappalli-Cityinventory,SUPERZONE,Orthopaedics
Tiruchirappalli,Tiruchirappalli-Cityinventory,SUPERZONE,General Physician
Tiruchirappalli,Tiruchirappalli,ZONE,General Physician
Tiruchirappalli,Tiruchirappalli-Cityinventory,SUPERZONE,Cosmetic/Plastic Surgeon
Tiruchirappalli,Tiruchirappalli-Cityinventory,SUPERZONE,Neurologist
Tiruchirappalli,Tiruchirappalli-Cityinventory,SUPERZONE,Gastroenterologist
Tiruchirappalli,Tiruchirappalli-Cityinventory,SUPERZONE,General Gynecology
Tiruchirappalli,Tiruchirappalli-Cityinventory,SUPERZONE,ENT
Tiruchirappalli,Tiruchirappalli-Cityinventory,SUPERZONE,General Dermatology
Tirunelveli,Tirunelveli-Cityinventory,SUPERZONE,Sexologist
Tirunelveli,Tirunelveli-Cityinventory,SUPERZONE,General Physician
Tirunelveli,Tirunelveli-Cityinventory,SUPERZONE,General Dermatology
Tirunelveli,Tirunelveli,ZONE,General Physician
Tirunelveli,Tirunelveli-Cityinventory,SUPERZONE,General Physician
Tirunelveli,Tirunelveli-Cityinventory,SUPERZONE,General Dermatology
Tirunelveli,Tirunelveli-Cityinventory,SUPERZONE,Sexologist
Tirupati,Tirupati-Cityinventory,SUPERZONE,Orthopaedics
Tirupati,Tirupati-Cityinventory,SUPERZONE,General Dermatology
Tirupati,Tirupati-Cityinventory,SUPERZONE,General Gynecology
Tirupati,Tirupati-Cityinventory,SUPERZONE,General Physician
Tirupati,Tirupati-Cityinventory,SUPERZONE,Orthopaedics
Tirupati,Tirupati-Cityinventory,SUPERZONE,General Physician
Tirupati,Tirupati-Cityinventory,SUPERZONE,General Dermatology
Tirupati,Tirupati-Cityinventory,SUPERZONE,General Gynecology
Tirupur,Tirupur-Cityinventory,SUPERZONE,General Dentistry
Tirupur,Tirupur-Cityinventory,SUPERZONE,General Physician
Tirupur,Tirupur-Cityinventory,SUPERZONE,Sexologist
Tirupur,Tirupur-Cityinventory,SUPERZONE,General Dermatology
Tirupur,Tirupur-Cityinventory,SUPERZONE,Sexologist
Tirupur,Tirupur-Cityinventory,SUPERZONE,General Dentistry
Tirupur,Tirupur-Cityinventory,SUPERZONE,General Dermatology
Tirupur,Tirupur-Cityinventory,SUPERZONE,General Physician
Tiruvannamalai,Tiruvannamalai-Cityinventory,SUPERZONE,General Physician
Tiruvannamalai,Tiruvannamalai-Cityinventory,SUPERZONE,General Physician
Tumkur,Tumkur-Cityinventory,SUPERZONE,General Physician
Tumkur,Tumkur-Cityinventory,SUPERZONE,General Physician
Udaipur,Udaipur-Cityinventory,SUPERZONE,General Dermatology
Udaipur,Udaipur-Cityinventory,SUPERZONE,General Physician
Udaipur,Udaipur-Cityinventory,SUPERZONE,General Psychiatry
Udaipur,Udaipur-Cityinventory,SUPERZONE,Orthopaedics
Udaipur,Udaipur-Cityinventory,SUPERZONE,Hair Transplant
Udaipur,Udaipur-Cityinventory,SUPERZONE,Sexologist
Udaipur,Udaipur-Cityinventory,SUPERZONE,Gastroenterologist
Udaipur,Udaipur-Cityinventory,SUPERZONE,General Gynecology
Udaipur,Udaipur-Cityinventory,SUPERZONE,ENT
Udaipur,Udaipur-Cityinventory,SUPERZONE,General Dentistry
Udaipur,Udaipur-Cityinventory,SUPERZONE,General Dentistry
Udaipur,Udaipur-Cityinventory,SUPERZONE,General Psychiatry
Udaipur,Udaipur-Cityinventory,SUPERZONE,General Dermatology
Udaipur,Udaipur-Cityinventory,SUPERZONE,General Physician
Udaipur,Udaipur-Cityinventory,SUPERZONE,General Gynecology
Udaipur,Udaipur-Cityinventory,SUPERZONE,Sexologist
Udaipur,Udaipur-Cityinventory,SUPERZONE,Gastroenterologist
Udaipur,Udaipur-Cityinventory,SUPERZONE,ENT
Udaipur,Udaipur-Cityinventory,SUPERZONE,Hair Transplant
Udaipur,Udaipur-Cityinventory,SUPERZONE,Orthopaedics
Ujjain,Ujjain-Cityinventory,SUPERZONE,General Dentistry
Ujjain,Ujjain-Cityinventory,SUPERZONE,General Gynecology
Ujjain,Ujjain-Cityinventory,SUPERZONE,General Physician
Ujjain,Ujjain-Cityinventory,SUPERZONE,Gastroenterologist
Ujjain,Ujjain-Cityinventory,SUPERZONE,General Dermatology
Ujjain,Ujjain-Cityinventory,SUPERZONE,General Physician
Ujjain,Ujjain-Cityinventory,SUPERZONE,General Dentistry
Ujjain,Ujjain-Cityinventory,SUPERZONE,Gastroenterologist
Ujjain,Ujjain-Cityinventory,SUPERZONE,General Dermatology
Ujjain,Ujjain-Cityinventory,SUPERZONE,General Gynecology
Unnao,Unnao-Cityinventory,SUPERZONE,General Physician
Unnao,Unnao-Cityinventory,SUPERZONE,General Physician
Vadodara,Vadodara-Cityinventory,SUPERZONE,General Dermatology
Vadodara,Raopura,ZONE,General Dermatology
Vadodara,Waghodia Road,ZONE,General Physician
Vadodara,Vadodara-Cityinventory,SUPERZONE,Pulmonologist
Vadodara,Vadodara-Cityinventory,SUPERZONE,Orthopaedics
Vadodara,Vadodara-Cityinventory,SUPERZONE,Hair Transplant
Vadodara,Vadodara-Cityinventory,SUPERZONE,Gastroenterologist
Vadodara,Raopura,ZONE,General Physician
Vadodara,Vadodara-Cityinventory,SUPERZONE,Neurologist
Vadodara,Vadodara-Cityinventory,SUPERZONE,Sexologist
Vadodara,Raopura,ZONE,ENT
Vadodara,Vadodara-Cityinventory,SUPERZONE,General Dentistry
Vadodara,Raopura,ZONE,General Gynecology
Vadodara,Waghodia Road,ZONE,ENT
Vadodara,Alkapuri,ZONE,General Physician
Vadodara,Vadodara-Cityinventory,SUPERZONE,Cosmetic/Plastic Surgeon
Vadodara,Vadodara-Cityinventory,SUPERZONE,Homeopathy
Vadodara,Vadodara-Cityinventory,SUPERZONE,ENT
Vadodara,Vadodara-Cityinventory,SUPERZONE,General Psychiatry
Vadodara,Vadodara-Cityinventory,SUPERZONE,Oncologist
Vadodara,Vasna Road,ZONE,General Physician
Vadodara,Vadodara-Cityinventory,SUPERZONE,Urologist
Vadodara,Alkapuri,ZONE,General Dermatology
Vadodara,Vadodara-Cityinventory,SUPERZONE,General Gynecology
Vadodara,Vadodara-Cityinventory,SUPERZONE,Physiotherapist
Vadodara,Waghodia Road,ZONE,General Gynecology
Vadodara,Vadodara-Cityinventory,SUPERZONE,General Pediatrics
Vadodara,Vadodara-Cityinventory,SUPERZONE,General Surgeon
Vadodara,Vadodara-Cityinventory,SUPERZONE,Dietitian
Vadodara,Waghodia Road,ZONE,General Dermatology
Vadodara,Vadodara-Cityinventory,SUPERZONE,General Ophthalmology
Vadodara,Vadodara-Cityinventory,SUPERZONE,General Alt Medicine
Vadodara,Vadodara-Cityinventory,SUPERZONE,Cardiologist
Vadodara,Vadodara-Cityinventory,SUPERZONE,General Physician
Vadodara,Vadodara-Cityinventory,SUPERZONE,Cosmetic/Plastic Surgeon
Vadodara,Waghodia Road,ZONE,General Physician
Vadodara,Vadodara-Cityinventory,SUPERZONE,General Pediatrics
Vadodara,Raopura,ZONE,General Dermatology
Vadodara,Waghodia Road,ZONE,ENT
Vadodara,Vadodara-Cityinventory,SUPERZONE,General Psychiatry
Vadodara,Vadodara-Cityinventory,SUPERZONE,Urologist
Vadodara,Vadodara-Cityinventory,SUPERZONE,General Alt Medicine
Vadodara,Vadodara-Cityinventory,SUPERZONE,Physiotherapist
Vadodara,Vadodara-Cityinventory,SUPERZONE,Sexologist
Vadodara,Vasna Road,ZONE,General Physician
Vadodara,Vadodara-Cityinventory,SUPERZONE,Orthopaedics
Vadodara,Vadodara-Cityinventory,SUPERZONE,General Dentistry
Vadodara,Vadodara-Cityinventory,SUPERZONE,General Ophthalmology
Vadodara,Vadodara-Cityinventory,SUPERZONE,General Dermatology
Vadodara,Vadodara-Cityinventory,SUPERZONE,Neurologist
Vadodara,Vadodara-Cityinventory,SUPERZONE,Pulmonologist
Vadodara,Vadodara-Cityinventory,SUPERZONE,General Gynecology
Vadodara,Vadodara-Cityinventory,SUPERZONE,Cardiologist
Vadodara,Vadodara-Cityinventory,SUPERZONE,General Surgeon
Vadodara,Vadodara-Cityinventory,SUPERZONE,Homeopathy
Vadodara,Vadodara-Cityinventory,SUPERZONE,Hair Transplant
Vadodara,Raopura,ZONE,ENT
Vadodara,Vadodara-Cityinventory,SUPERZONE,Oncologist
Vadodara,Waghodia Road,ZONE,General Gynecology
Vadodara,Vadodara-Cityinventory,SUPERZONE,General Physician
Vadodara,Raopura,ZONE,General Gynecology
Vadodara,Waghodia Road,ZONE,General Dermatology
Vadodara,Alkapuri,ZONE,General Dermatology
Vadodara,Vadodara-Cityinventory,SUPERZONE,ENT
Vadodara,Vadodara-Cityinventory,SUPERZONE,Dietitian
Vadodara,Vadodara-Cityinventory,SUPERZONE,Gastroenterologist
Varanasi,Varanasi-Cityinventory,SUPERZONE,General Alt Medicine
Varanasi,Varanasi-Cityinventory,SUPERZONE,General Physician
Varanasi,Varanasi-Cityinventory,SUPERZONE,Urologist
Varanasi,Varanasi-Cityinventory,SUPERZONE,General Ophthalmology
Varanasi,Varanasi-Cityinventory,SUPERZONE,General Psychiatry
Varanasi,Varanasi-Cityinventory,SUPERZONE,Cosmetic/Plastic Surgeon
Varanasi,Varanasi-Cityinventory,SUPERZONE,General Dentistry
Varanasi,Varanasi-Cityinventory,SUPERZONE,Cardiologist
Varanasi,Varanasi-Cityinventory,SUPERZONE,Physiotherapist
Varanasi,Varanasi-Cityinventory,SUPERZONE,General Surgeon
Varanasi,Varanasi-Cityinventory,SUPERZONE,Sexologist
Varanasi,Varanasi-Cityinventory,SUPERZONE,Hair Transplant
Varanasi,Varanasi-Cityinventory,SUPERZONE,Pulmonologist
Varanasi,Varanasi-Cityinventory,SUPERZONE,General Dermatology
Varanasi,Varanasi-Cityinventory,SUPERZONE,General Gynecology
Varanasi,Varanasi-Cityinventory,SUPERZONE,Gastroenterologist
Varanasi,Varanasi-Cityinventory,SUPERZONE,Neurologist
Varanasi,Varanasi-Cityinventory,SUPERZONE,Homeopathy
Varanasi,Varanasi-Cityinventory,SUPERZONE,ENT
Varanasi,Varanasi-Cityinventory,SUPERZONE,General Pediatrics
Varanasi,Varanasi-Cityinventory,SUPERZONE,Endocrinologist
Varanasi,Varanasi-Cityinventory,SUPERZONE,Orthopaedics
Varanasi,Varanasi-Cityinventory,SUPERZONE,General Physician
Varanasi,Varanasi-Cityinventory,SUPERZONE,General Dentistry
Varanasi,Varanasi-Cityinventory,SUPERZONE,Cosmetic/Plastic Surgeon
Varanasi,Varanasi-Cityinventory,SUPERZONE,Orthopaedics
Varanasi,Varanasi-Cityinventory,SUPERZONE,Gastroenterologist
Varanasi,Varanasi-Cityinventory,SUPERZONE,General Surgeon
Varanasi,Varanasi-Cityinventory,SUPERZONE,General Gynecology
Varanasi,Varanasi-Cityinventory,SUPERZONE,Physiotherapist
Varanasi,Varanasi-Cityinventory,SUPERZONE,Pulmonologist
Varanasi,Varanasi-Cityinventory,SUPERZONE,General Psychiatry
Varanasi,Varanasi-Cityinventory,SUPERZONE,Neurologist
Varanasi,Varanasi-Cityinventory,SUPERZONE,General Ophthalmology
Varanasi,Varanasi-Cityinventory,SUPERZONE,Hair Transplant
Varanasi,Varanasi-Cityinventory,SUPERZONE,Cardiologist
Varanasi,Varanasi-Cityinventory,SUPERZONE,General Dermatology
Varanasi,Varanasi-Cityinventory,SUPERZONE,Sexologist
Varanasi,Varanasi-Cityinventory,SUPERZONE,Homeopathy
Varanasi,Varanasi-Cityinventory,SUPERZONE,Endocrinologist
Varanasi,Varanasi-Cityinventory,SUPERZONE,General Pediatrics
Varanasi,Varanasi-Cityinventory,SUPERZONE,General Alt Medicine
Varanasi,Varanasi-Cityinventory,SUPERZONE,Urologist
Varanasi,Varanasi-Cityinventory,SUPERZONE,ENT
Vellore,Vellore-Cityinventory,SUPERZONE,General Dentistry
Vellore,Vellore-Cityinventory,SUPERZONE,ENT
Vellore,Vellore-Cityinventory,SUPERZONE,General Physician
Vellore,Vellore-Cityinventory,SUPERZONE,General Dermatology
Vellore,Vellore-Cityinventory,SUPERZONE,Gastroenterologist
Vellore,Vellore-Cityinventory,SUPERZONE,Orthopaedics
Vellore,Vellore-Cityinventory,SUPERZONE,Urologist
Vellore,Vellore-Cityinventory,SUPERZONE,General Gynecology
Vellore,Vellore-Cityinventory,SUPERZONE,Sexologist
Vellore,Vellore-Cityinventory,SUPERZONE,Gastroenterologist
Vellore,Vellore-Cityinventory,SUPERZONE,Urologist
Vellore,Vellore-Cityinventory,SUPERZONE,General Dentistry
Vellore,Vellore-Cityinventory,SUPERZONE,ENT
Vellore,Vellore-Cityinventory,SUPERZONE,Orthopaedics
Vellore,Vellore-Cityinventory,SUPERZONE,General Physician
Vellore,Vellore-Cityinventory,SUPERZONE,Sexologist
Vellore,Vellore-Cityinventory,SUPERZONE,General Gynecology
Vellore,Vellore-Cityinventory,SUPERZONE,General Dermatology
Vijayawada,Benz Circle,ZONE,General Dentistry
Vijayawada,Vijayawada-Cityinventory,SUPERZONE,Nephrologist
Vijayawada,Benz Circle,ZONE,General Dermatology
Vijayawada,Suryaraopet,ZONE,General Dentistry
Vijayawada,Vijayawada-Cityinventory,SUPERZONE,ENT
Vijayawada,Vijayawada-Cityinventory,SUPERZONE,Gastroenterologist
Vijayawada,Vijayawada-Cityinventory,SUPERZONE,General Surgeon
Vijayawada,Vijayawada-Cityinventory,SUPERZONE,Neurologist
Vijayawada,Vijayawada-Cityinventory,SUPERZONE,General Pediatrics
Vijayawada,Vijayawada-Cityinventory,SUPERZONE,Homeopathy
Vijayawada,Vijayawada-Cityinventory,SUPERZONE,Physiotherapist
Vijayawada,Vijayawada-Cityinventory,SUPERZONE,Orthopaedics
Vijayawada,Vijayawada-Cityinventory,SUPERZONE,Urologist
Vijayawada,Vijayawada-Cityinventory,SUPERZONE,General Dentistry
Vijayawada,Vijayawada-Cityinventory,SUPERZONE,Sexologist
Vijayawada,Vijayawada-Cityinventory,SUPERZONE,General Gynecology
Vijayawada,Vijayawada-Cityinventory,SUPERZONE,Cardiologist
Vijayawada,Vijayawada-Cityinventory,SUPERZONE,General Psychiatry
Vijayawada,Suryaraopet,ZONE,General Dermatology
Vijayawada,Vijayawada-Cityinventory,SUPERZONE,Cosmetic/Plastic Surgeon
Vijayawada,Suryaraopet,ZONE,General Gynecology
Vijayawada,Bhavanipuram,ZONE,General Dentistry
Vijayawada,Vijayawada-Cityinventory,SUPERZONE,Pulmonologist
Vijayawada,Vijayawada-Cityinventory,SUPERZONE,Endocrinologist
Vijayawada,Vijayawada-Cityinventory,SUPERZONE,General Alt Medicine
Vijayawada,Vijayawada-Cityinventory,SUPERZONE,General Ophthalmology
Vijayawada,Vijayawada-Cityinventory,SUPERZONE,General Dermatology
Vijayawada,Vijayawada-Cityinventory,SUPERZONE,Oncologist
Vijayawada,Vijayawada-Cityinventory,SUPERZONE,General Physician
Vijayawada,Vijayawada-Cityinventory,SUPERZONE,Hair Transplant
Vijayawada,Benz Circle,ZONE,General Dermatology
Vijayawada,Vijayawada-Cityinventory,SUPERZONE,General Surgeon
Vijayawada,Vijayawada-Cityinventory,SUPERZONE,General Gynecology
Vijayawada,Vijayawada-Cityinventory,SUPERZONE,Gastroenterologist
Vijayawada,Vijayawada-Cityinventory,SUPERZONE,Homeopathy
Vijayawada,Vijayawada-Cityinventory,SUPERZONE,Endocrinologist
Vijayawada,Suryaraopet,ZONE,General Dermatology
Vijayawada,Vijayawada-Cityinventory,SUPERZONE,Nephrologist
Vijayawada,Vijayawada-Cityinventory,SUPERZONE,Hair Transplant
Vijayawada,Vijayawada-Cityinventory,SUPERZONE,Oncologist
Vijayawada,Vijayawada-Cityinventory,SUPERZONE,ENT
Vijayawada,Suryaraopet,ZONE,General Gynecology
Vijayawada,Vijayawada-Cityinventory,SUPERZONE,General Alt Medicine
Vijayawada,Vijayawada-Cityinventory,SUPERZONE,Pulmonologist
Vijayawada,Vijayawada-Cityinventory,SUPERZONE,Urologist
Vijayawada,Vijayawada-Cityinventory,SUPERZONE,Sexologist
Vijayawada,Vijayawada-Cityinventory,SUPERZONE,General Psychiatry
Vijayawada,Vijayawada-Cityinventory,SUPERZONE,General Dermatology
Vijayawada,Vijayawada-Cityinventory,SUPERZONE,General Dentistry
Vijayawada,Vijayawada-Cityinventory,SUPERZONE,Orthopaedics
Vijayawada,Vijayawada-Cityinventory,SUPERZONE,General Pediatrics
Vijayawada,Suryaraopet,ZONE,General Dentistry
Vijayawada,Vijayawada-Cityinventory,SUPERZONE,Neurologist
Vijayawada,Vijayawada-Cityinventory,SUPERZONE,Cosmetic/Plastic Surgeon
Vijayawada,Vijayawada-Cityinventory,SUPERZONE,Physiotherapist
Vijayawada,Vijayawada-Cityinventory,SUPERZONE,General Ophthalmology
Vijayawada,Bhavanipuram,ZONE,General Dentistry
Vijayawada,Vijayawada-Cityinventory,SUPERZONE,General Physician
Vijayawada,Benz Circle,ZONE,General Dentistry
Vijayawada,Vijayawada-Cityinventory,SUPERZONE,Cardiologist
Visakhapatnam,Gajuwaka,ZONE,Gastroenterologist
Visakhapatnam,Gajuwaka,ZONE,General Dermatology
Visakhapatnam,Visakhapatnam-Cityinventory,SUPERZONE,Cosmetic/Plastic Surgeon
Visakhapatnam,MVP,ZONE,General Dentistry
Visakhapatnam,Visakhapatnam-Cityinventory,SUPERZONE,Physiotherapist
Visakhapatnam,Visakhapatnam-Cityinventory,SUPERZONE,General Physician
Visakhapatnam,Gajuwaka,ZONE,Urologist
Visakhapatnam,Gajuwaka,ZONE,General Gynecology
Visakhapatnam,Visakhapatnam-Cityinventory,SUPERZONE,Sexologist
Visakhapatnam,Gajuwaka,ZONE,Orthopaedics
Visakhapatnam,Gajuwaka,ZONE,General Dentistry
Visakhapatnam,Visakhapatnam-Cityinventory,SUPERZONE,General Alt Medicine
Visakhapatnam,Visakhapatnam-Cityinventory,SUPERZONE,Urologist
Visakhapatnam,Visakhapatnam-Cityinventory,SUPERZONE,General Gynecology
Visakhapatnam,Gajuwaka,ZONE,General Ophthalmology
Visakhapatnam,Gajuwaka,ZONE,ENT
Visakhapatnam,Maharanipeta,ZONE,Orthopaedics
Visakhapatnam,Gajuwaka,ZONE,General Physician
Visakhapatnam,Dwaraka Nagar,ZONE,General Gynecology
Visakhapatnam,Visakhapatnam-Cityinventory,SUPERZONE,Homeopathy
Visakhapatnam,MVP,ZONE,Gastroenterologist
Visakhapatnam,Visakhapatnam-Cityinventory,SUPERZONE,Neurologist
Visakhapatnam,MVP,ZONE,Neurologist
Visakhapatnam,Visakhapatnam-Cityinventory,SUPERZONE,Nephrologist
Visakhapatnam,MVP,ZONE,Urologist
Visakhapatnam,Visakhapatnam-Cityinventory,SUPERZONE,Endocrinologist
Visakhapatnam,Gajuwaka,ZONE,Endocrinologist
Visakhapatnam,Gajuwaka,ZONE,Neurologist
Visakhapatnam,Visakhapatnam-Cityinventory,SUPERZONE,Oncologist
Visakhapatnam,Visakhapatnam-Cityinventory,SUPERZONE,General Psychiatry
Visakhapatnam,Gajuwaka,ZONE,General Psychiatry
Visakhapatnam,Visakhapatnam-Cityinventory,SUPERZONE,General Dermatology
Visakhapatnam,Maharanipeta,ZONE,General Dentistry
Visakhapatnam,MVP,ZONE,General Gynecology
Visakhapatnam,MVP,ZONE,General Physician
Visakhapatnam,Visakhapatnam-Cityinventory,SUPERZONE,Dietitian
Visakhapatnam,Gajuwaka,ZONE,General Pediatrics
Visakhapatnam,MVP,ZONE,Orthopaedics
Visakhapatnam,Visakhapatnam-Cityinventory,SUPERZONE,General Dentistry
Visakhapatnam,Visakhapatnam-Cityinventory,SUPERZONE,General Pediatrics
Visakhapatnam,Visakhapatnam-Cityinventory,SUPERZONE,Gastroenterologist
Visakhapatnam,Visakhapatnam-Cityinventory,SUPERZONE,General Ophthalmology
Visakhapatnam,Visakhapatnam-Cityinventory,SUPERZONE,General Surgeon
Visakhapatnam,Visakhapatnam-Cityinventory,SUPERZONE,ENT
Visakhapatnam,Visakhapatnam-Cityinventory,SUPERZONE,Hair Transplant
Visakhapatnam,MVP,ZONE,General Dermatology
Visakhapatnam,Visakhapatnam-Cityinventory,SUPERZONE,Orthopaedics
Visakhapatnam,MVP,ZONE,ENT
Visakhapatnam,MVP,ZONE,Cosmetic/Plastic Surgeon
Visakhapatnam,Visakhapatnam-Cityinventory,SUPERZONE,Pulmonologist
Visakhapatnam,Dwaraka Nagar,ZONE,General Dentistry
Visakhapatnam,Visakhapatnam-Cityinventory,SUPERZONE,Cardiologist
Visakhapatnam,Gajuwaka,ZONE,General Psychiatry
Visakhapatnam,Gajuwaka,ZONE,ENT
Visakhapatnam,Visakhapatnam-Cityinventory,SUPERZONE,Homeopathy
Visakhapatnam,Maharanipeta,ZONE,Orthopaedics
Visakhapatnam,MVP,ZONE,General Gynecology
Visakhapatnam,Visakhapatnam-Cityinventory,SUPERZONE,ENT
Visakhapatnam,Gajuwaka,ZONE,General Pediatrics
Visakhapatnam,MVP,ZONE,General Dentistry
Visakhapatnam,Visakhapatnam-Cityinventory,SUPERZONE,General Ophthalmology
Visakhapatnam,Visakhapatnam-Cityinventory,SUPERZONE,Dietitian
Visakhapatnam,Maharanipeta,ZONE,General Dentistry
Visakhapatnam,Gajuwaka,ZONE,General Ophthalmology
Visakhapatnam,MVP,ZONE,ENT
Visakhapatnam,Visakhapatnam-Cityinventory,SUPERZONE,Urologist
Visakhapatnam,MVP,ZONE,Orthopaedics
Visakhapatnam,MVP,ZONE,Neurologist
Visakhapatnam,MVP,ZONE,Cosmetic/Plastic Surgeon
Visakhapatnam,Visakhapatnam-Cityinventory,SUPERZONE,Cosmetic/Plastic Surgeon
Visakhapatnam,Gajuwaka,ZONE,General Dermatology
Visakhapatnam,Visakhapatnam-Cityinventory,SUPERZONE,Cardiologist
Visakhapatnam,Gajuwaka,ZONE,Orthopaedics
Visakhapatnam,Visakhapatnam-Cityinventory,SUPERZONE,Physiotherapist
Visakhapatnam,Gajuwaka,ZONE,Gastroenterologist
Visakhapatnam,MVP,ZONE,General Dermatology
Visakhapatnam,Gajuwaka,ZONE,General Dentistry
Visakhapatnam,Visakhapatnam-Cityinventory,SUPERZONE,General Physician
Visakhapatnam,Visakhapatnam-Cityinventory,SUPERZONE,Hair Transplant
Visakhapatnam,Visakhapatnam-Cityinventory,SUPERZONE,General Pediatrics
Visakhapatnam,Visakhapatnam-Cityinventory,SUPERZONE,Oncologist
Visakhapatnam,Visakhapatnam-Cityinventory,SUPERZONE,Gastroenterologist
Visakhapatnam,Visakhapatnam-Cityinventory,SUPERZONE,General Psychiatry
Visakhapatnam,Visakhapatnam-Cityinventory,SUPERZONE,General Gynecology
Visakhapatnam,Gajuwaka,ZONE,Neurologist
Visakhapatnam,MVP,ZONE,Gastroenterologist
Visakhapatnam,Dwaraka Nagar,ZONE,General Dentistry
Visakhapatnam,Gajuwaka,ZONE,Endocrinologist
Visakhapatnam,Gajuwaka,ZONE,General Gynecology
Visakhapatnam,Visakhapatnam-Cityinventory,SUPERZONE,General Surgeon
Visakhapatnam,Visakhapatnam-Cityinventory,SUPERZONE,General Dentistry
Visakhapatnam,MVP,ZONE,Urologist
Visakhapatnam,Visakhapatnam-Cityinventory,SUPERZONE,Sexologist
Visakhapatnam,Visakhapatnam-Cityinventory,SUPERZONE,General Dermatology
Visakhapatnam,MVP,ZONE,General Physician
Visakhapatnam,Dwaraka Nagar,ZONE,General Gynecology
Visakhapatnam,Visakhapatnam-Cityinventory,SUPERZONE,Pulmonologist
Visakhapatnam,Gajuwaka,ZONE,Urologist
Visakhapatnam,Visakhapatnam-Cityinventory,SUPERZONE,Orthopaedics
Visakhapatnam,Gajuwaka,ZONE,General Physician
Visakhapatnam,Visakhapatnam-Cityinventory,SUPERZONE,Endocrinologist
Visakhapatnam,Visakhapatnam-Cityinventory,SUPERZONE,General Alt Medicine
Visakhapatnam,Visakhapatnam-Cityinventory,SUPERZONE,Neurologist
Visakhapatnam,Visakhapatnam-Cityinventory,SUPERZONE,Nephrologist
Vizianagaram,Vizianagaram-Cityinventory,SUPERZONE,General Physician
Vizianagaram,Vizianagaram-Cityinventory,SUPERZONE,General Physician
Warangal,Warangal-Cityinventory,SUPERZONE,General Physician
Warangal,Warangal-Cityinventory,SUPERZONE,Gastroenterologist
Warangal,Warangal,ZONE,General Physician
Warangal,Warangal,ZONE,General Gynecology
Warangal,Warangal-Cityinventory,SUPERZONE,General Dentistry
Warangal,Warangal,ZONE,General Dentistry
Warangal,Warangal-Cityinventory,SUPERZONE,ENT
Warangal,Warangal-Cityinventory,SUPERZONE,General Gynecology
Warangal,Warangal-Cityinventory,SUPERZONE,General Gynecology
Warangal,Warangal,ZONE,General Dentistry
Warangal,Warangal-Cityinventory,SUPERZONE,ENT
Warangal,Warangal,ZONE,ENT
Warangal,Warangal-Cityinventory,SUPERZONE,General Dentistry
Warangal,Warangal,ZONE,General Physician
Warangal,Warangal-Cityinventory,SUPERZONE,Gastroenterologist
Warangal,Warangal-Cityinventory,SUPERZONE,General Physician
Warangal,Warangal,ZONE,General Gynecology
West Tripura,West Tripura-Cityinventory,SUPERZONE,General Physician
West Tripura,West Tripura-Cityinventory,SUPERZONE,General Physician
Yamunanagar,Yamunanagar-Cityinventory,SUPERZONE,General Gynecology
Yamunanagar,Yamunanagar-Cityinventory,SUPERZONE,General Dermatology
Yamunanagar,Yamunanagar-Cityinventory,SUPERZONE,Gastroenterologist
Yamunanagar,Yamunanagar-Cityinventory,SUPERZONE,General Physician
Yamunanagar,Yamunanagar-Cityinventory,SUPERZONE,General Physician
Yamunanagar,Yamunanagar-Cityinventory,SUPERZONE,General Dermatology
Yamunanagar,Yamunanagar-Cityinventory,SUPERZONE,General Gynecology
Yamunanagar,Yamunanagar-Cityinventory,SUPERZONE,Gastroenterologist
Yavatmal,Yavatmal-Cityinventory,SUPERZONE,General Physician
Yavatmal,Yavatmal-Cityinventory,SUPERZONE,General Physician