City,Zone,Speciality,Position,Price_3M,Price_6M,Price_12M,Total Slots,Available Slots
Agartala,Agartala-Cityinventory,General Physician,1,3135,2090,2090,1,1
Agartala,Agartala-Cityinventory,General Physician,6,3135,2090,2090,1,1
Agra,Agra-Cityinventory,General Dermatology,1,6540,2180,2180,1,1
Agra,Agra-Cityinventory,General Dermatology,6,3135,2090,2090,1,0
Agra,Agra-Cityinventory,Neurologist,1,5225,2090,2090,1,1
Agra,Agra-Cityinventory,Neurologist,6,3135,2090,2090,1,1
Agra,Agra-Cityinventory,Sexologist,1,3270,2180,2180,1,1
Agra,Agra-Cityinventory,Sexologist,6,3135,2090,2090,1,1
Agra,Agra-Cityinventory,Physiotherapist,1,3135,3135,3135,1,1
Agra,Agra-Cityinventory,Physiotherapist,6,3135,2090,2090,1,1
Agra,Agra-Cityinventory,Hair Transplant,1,5225,2090,2090,1,1
Agra,Agra-Cityinventory,Hair Transplant,6,3135,2090,2090,1,1
Agra,Agra-Cityinventory,Dietitian,1,3135,2090,2090,1,1
Agra,Agra-Cityinventory,Dietitian,6,3135,2090,2090,1,1
Agra,Agra-Cityinventory,Gastroenterologist,1,23980,2180,2180,1,0
Agra,Agra-Cityinventory,Gastroenterologist,6,11495,2090,2090,1,1
Agra,Agra-Cityinventory,General Physician,1,3135,2090,2090,1,1
Agra,Agra-Cityinventory,General Physician,6,3135,2090,2090,1,1
Agra,Agra-Cityinventory,Urologist,1,5225,2090,2090,1,0
Agra,Agra-Cityinventory,Urologist,6,3135,2090,2090,1,1
Agra,Agra-Cityinventory,ENT,1,6270,2613,2613,4,3
Agra,Agra-Cityinventory,ENT,6,5225,2090,2090,1,1
Agra,Agra-Cityinventory,General Dentistry,1,11990,2943,2943,4,3
Agra,Agra-Cityinventory,General Dentistry,6,9810,2180,2180,1,0
Agra,Agra-Cityinventory,Oncologist,1,3000,2000,2000,1,1
Agra,Agra-Cityinventory,Oncologist,6,3000,2000,2000,1,1
Agra,Agra-Cityinventory,Cosmetic/Plastic Surgeon,1,12540,2090,2090,1,1
Agra,Agra-Cityinventory,Cosmetic/Plastic Surgeon,6,9405,2090,2090,1,1
Agra,Agra-Cityinventory,Pulmonologist,1,3135,2090,2090,1,1
Agra,Agra-Cityinventory,Pulmonologist,6,3135,2090,2090,1,1
Agra,Agra-Cityinventory,Cardiologist,1,3135,2090,2090,1,1
Agra,Agra-Cityinventory,Cardiologist,6,3135,2090,2090,1,1
Agra,Agra-Cityinventory,Nephrologist,1,3000,2000,2000,1,1
Agra,Agra-Cityinventory,Nephrologist,6,3000,2000,2000,1,1
Agra,Agra-Cityinventory,General Surgeon,1,8720,2180,2180,1,0
Agra,Agra-Cityinventory,General Surgeon,6,5225,2090,2090,1,1
Agra,Agra-Cityinventory,General Psychiatry,1,3135,2090,2090,1,1
Agra,Agra-Cityinventory,General Psychiatry,6,3135,2090,2090,1,1
Agra,Agra-Cityinventory,General Gynecology,1,12540,12540,12540,1,1
Agra,Agra-Cityinventory,General Gynecology,6,9405,6270,6270,1,1
Agra,Agra-Cityinventory,General Alt Medicine,1,3135,2090,2090,1,1
Agra,Agra-Cityinventory,General Alt Medicine,6,3135,2090,2090,1,1
Agra,Agra-Cityinventory,General Pediatrics,1,3270,2180,2180,1,0
Agra,Agra-Cityinventory,General Pediatrics,6,3135,2090,2090,1,1
Agra,Agra-Cityinventory,General Ophthalmology,1,12540,2090,2090,1,1
Agra,Agra-Cityinventory,General Ophthalmology,6,6270,2090,2090,1,1
Agra,Agra-Cityinventory,Orthopaedics,1,6270,2090,2090,1,1
Agra,Agra-Cityinventory,Orthopaedics,6,3135,2090,2090,1,1
Agra,Agra-Cityinventory,Homeopathy,1,3135,2299,2299,1,1
Agra,Agra-Cityinventory,Homeopathy,6,3135,2090,2090,1,1
Agra,Taj Ganj,General Physician,1,3000,2000,2000,1,1
Agra,Taj Ganj,General Physician,6,3000,2000,2000,1,1
Agra,Kamla Nagar,General Physician,1,3135,2090,2090,1,1
Agra,Kamla Nagar,General Physician,6,3135,2090,2090,1,1
Agra,Kamla Nagar,General Dentistry,1,5000,2400,2400,1,1
Agra,Kamla Nagar,General Dentistry,6,5000,2000,2000,1,1
Agra,Kamla Nagar,General Gynecology,1,8000,2000,2000,1,1
Agra,Kamla Nagar,General Gynecology,6,6000,2000,2000,1,1
Agra,Delhi Gate,General Physician,1,3000,2000,2000,1,1
Agra,Delhi Gate,General Physician,6,3000,2000,2000,1,1
Ahmedabad,Ahmedabad-Cityinventory,General Dermatology,1,3135,3135,3135,6,5
Ahmedabad,Ahmedabad-Cityinventory,General Dermatology,6,3135,2090,2090,6,6
Ahmedabad,Ahmedabad-Cityinventory,Neurologist,1,17765,17243,17243,3,2
Ahmedabad,Ahmedabad-Cityinventory,Neurologist,6,9405,8621,8621,3,3
Ahmedabad,Ahmedabad-Cityinventory,Sexologist,1,6540,2180,2180,1,0
Ahmedabad,Ahmedabad-Cityinventory,Sexologist,6,5450,2180,2180,1,0
Ahmedabad,Ahmedabad-Cityinventory,Physiotherapist,1,3270,3270,3270,2,2
Ahmedabad,Ahmedabad-Cityinventory,Physiotherapist,6,3135,2090,2090,2,2
Ahmedabad,Ahmedabad-Cityinventory,Hair Transplant,1,16720,2090,2090,1,1
Ahmedabad,Ahmedabad-Cityinventory,Hair Transplant,6,8360,2090,2090,1,1
Ahmedabad,Ahmedabad-Cityinventory,Dietitian,1,3135,2090,2090,1,1
Ahmedabad,Ahmedabad-Cityinventory,Dietitian,6,3135,2090,2090,1,1
Ahmedabad,Ahmedabad-Cityinventory,Endocrinologist,1,6540,2180,2180,2,0
Ahmedabad,Ahmedabad-Cityinventory,Endocrinologist,6,3270,2180,2180,1,1
Ahmedabad,Ahmedabad-Cityinventory,Gastroenterologist,1,23980,22890,22890,1,0
Ahmedabad,Ahmedabad-Cityinventory,Gastroenterologist,6,17765,10973,10973,1,1
Ahmedabad,Ahmedabad-Cityinventory,General Physician,1,3270,3270,3270,2,1
Ahmedabad,Ahmedabad-Cityinventory,General Physician,6,3135,2090,2090,2,2
Ahmedabad,Ahmedabad-Cityinventory,Urologist,1,14630,14108,14108,3,2
Ahmedabad,Ahmedabad-Cityinventory,Urologist,6,11495,7054,7054,3,3
Ahmedabad,Ahmedabad-Cityinventory,ENT,1,8720,8175,8175,2,1
Ahmedabad,Ahmedabad-Cityinventory,ENT,6,5225,3919,3919,2,2
Ahmedabad,Ahmedabad-Cityinventory,General Dentistry,1,13080,13080,13080,4,0
Ahmedabad,Ahmedabad-Cityinventory,General Dentistry,6,9810,6540,6540,4,2
Ahmedabad,Ahmedabad-Cityinventory,Oncologist,1,5225,4703,4703,2,1
Ahmedabad,Ahmedabad-Cityinventory,Oncologist,6,3135,2351,2351,2,2
Ahmedabad,Ahmedabad-Cityinventory,Cosmetic/Plastic Surgeon,1,22990,2404,2404,1,1
Ahmedabad,Ahmedabad-Cityinventory,Cosmetic/Plastic Surgeon,6,11495,2090,2090,1,1
Ahmedabad,Ahmedabad-Cityinventory,Pulmonologist,1,8360,7838,7838,2,1
Ahmedabad,Ahmedabad-Cityinventory,Pulmonologist,6,5225,3919,3919,2,2
Ahmedabad,Ahmedabad-Cityinventory,Cardiologist,1,9405,9405,9405,4,3
Ahmedabad,Ahmedabad-Cityinventory,Cardiologist,6,5225,4703,4703,4,4
Ahmedabad,Ahmedabad-Cityinventory,Nephrologist,1,5225,4703,4703,2,2
Ahmedabad,Ahmedabad-Cityinventory,Nephrologist,6,3135,2351,2351,2,2
Ahmedabad,Ahmedabad-Cityinventory,General Surgeon,1,8360,7838,7838,3,2
Ahmedabad,Ahmedabad-Cityinventory,General Surgeon,6,5225,3919,3919,3,3
Ahmedabad,Ahmedabad-Cityinventory,Veterinarian,1,3000,2900,2900,1,1
Ahmedabad,Ahmedabad-Cityinventory,Veterinarian,6,3000,2000,2000,1,1
Ahmedabad,Ahmedabad-Cityinventory,General Psychiatry,1,6540,6540,6540,4,3
Ahmedabad,Ahmedabad-Cityinventory,General Psychiatry,6,5225,3135,3135,5,5
Ahmedabad,Ahmedabad-Cityinventory,Audiologist,1,8000,2000,2000,1,1
Ahmedabad,Ahmedabad-Cityinventory,Audiologist,6,6000,2000,2000,1,1
Ahmedabad,Ahmedabad-Cityinventory,Speech Therapist,1,3135,2090,2090,1,1
Ahmedabad,Ahmedabad-Cityinventory,Speech Therapist,6,3135,2090,2090,1,1
Ahmedabad,Ahmedabad-Cityinventory,General Gynecology,1,30520,29430,29430,4,1
Ahmedabad,Ahmedabad-Cityinventory,General Gynecology,6,22990,14108,14108,1,1
Ahmedabad,Ahmedabad-Cityinventory,General Alt Medicine,1,5450,4905,4905,1,0
Ahmedabad,Ahmedabad-Cityinventory,General Alt Medicine,6,5225,2351,2351,1,1
Ahmedabad,Ahmedabad-Cityinventory,General Pediatrics,1,3270,2180,2180,1,1
Ahmedabad,Ahmedabad-Cityinventory,General Pediatrics,6,3135,2090,2090,1,1
Ahmedabad,Ahmedabad-Cityinventory,General Ophthalmology,1,11495,9092,9092,1,1
Ahmedabad,Ahmedabad-Cityinventory,General Ophthalmology,6,6270,4546,4546,1,1
Ahmedabad,Ahmedabad-Cityinventory,Orthopaedics,1,8360,7838,7838,4,2
Ahmedabad,Ahmedabad-Cityinventory,Orthopaedics,6,5225,3919,3919,4,4
Ahmedabad,Ahmedabad-Cityinventory,Homeopathy,1,5450,3270,3270,4,3
Ahmedabad,Ahmedabad-Cityinventory,Homeopathy,6,5225,2090,2090,1,1
Ahmedabad,Maninagar,General Dermatology,1,3135,2090,2090,1,1
Ahmedabad,Maninagar,General Dermatology,6,3135,2090,2090,1,1
Ahmedabad,Maninagar,Neurologist,1,8360,2090,2090,1,1
Ahmedabad,Maninagar,Neurologist,6,5225,2090,2090,1,1
Ahmedabad,Maninagar,Sexologist,1,3270,2180,2180,1,0
Ahmedabad,Maninagar,Sexologist,6,3135,2090,2090,1,1
Ahmedabad,Maninagar,Gastroenterologist,1,8360,2090,2090,1,1
Ahmedabad,Maninagar,Gastroenterologist,6,5225,2090,2090,1,1
Ahmedabad,Maninagar,General Physician,1,3135,2090,2090,1,1
Ahmedabad,Maninagar,General Physician,6,3135,2090,2090,1,1
Ahmedabad,Maninagar,Urologist,1,6540,2180,2180,1,0
Ahmedabad,Maninagar,Urologist,6,3135,2090,2090,1,1
Ahmedabad,Maninagar,ENT,1,5225,2090,2090,1,1
Ahmedabad,Maninagar,ENT,6,3135,2090,2090,1,1
Ahmedabad,Maninagar,General Dentistry,1,6540,2180,2180,1,0
Ahmedabad,Maninagar,General Dentistry,6,5450,2180,2180,1,0
Ahmedabad,Maninagar,General Psychiatry,1,3000,2000,2000,1,1
Ahmedabad,Maninagar,General Psychiatry,6,3000,2000,2000,1,1
Ahmedabad,Maninagar,General Gynecology,1,12540,2090,2090,1,1
Ahmedabad,Maninagar,General Gynecology,6,6270,2090,2090,1,1
Ahmedabad,Maninagar,General Ophthalmology,1,8000,2000,2000,1,1
Ahmedabad,Maninagar,General Ophthalmology,6,5000,2000,2000,1,1
Ahmedabad,Maninagar,Orthopaedics,1,8360,2090,2090,1,1
Ahmedabad,Maninagar,Orthopaedics,6,5225,2090,2090,1,1
Ahmedabad,Maninagar,Homeopathy,1,5225,2090,2090,1,0
Ahmedabad,Maninagar,Homeopathy,6,5000,2000,2000,1,1
Ahmedabad,Memnagar,General Dermatology,1,3270,3270,3270,2,1
Ahmedabad,Memnagar,General Dermatology,6,3135,2090,2090,2,2
Ahmedabad,Memnagar,Neurologist,1,8000,5000,5000,1,1
Ahmedabad,Memnagar,Neurologist,6,5000,3000,3000,1,1
Ahmedabad,Memnagar,Hair Transplant,1,5000,2000,2000,1,1
Ahmedabad,Memnagar,Hair Transplant,6,5000,2000,2000,1,1
Ahmedabad,Memnagar,Gastroenterologist,1,6000,6000,6000,2,2
Ahmedabad,Memnagar,Gastroenterologist,6,5000,3000,3000,2,2
Ahmedabad,Memnagar,General Physician,1,3270,2180,2180,1,1
Ahmedabad,Memnagar,General Physician,6,3135,2090,2090,1,1
Ahmedabad,Memnagar,ENT,1,3000,2000,2000,1,1
Ahmedabad,Memnagar,ENT,6,3000,2000,2000,1,1
Ahmedabad,Memnagar,General Dentistry,1,8360,7002,7002,1,0
Ahmedabad,Memnagar,General Dentistry,6,6270,3501,3501,1,0
Ahmedabad,Memnagar,General Gynecology,1,10000,2000,2000,1,1
Ahmedabad,Memnagar,General Gynecology,6,6000,2000,2000,1,1
Ahmedabad,Naranpura,General Dermatology,1,3135,2404,2404,1,1
Ahmedabad,Naranpura,General Dermatology,6,3135,2090,2090,1,1
Ahmedabad,Naranpura,Gastroenterologist,1,9405,9405,9405,2,2
Ahmedabad,Naranpura,Gastroenterologist,6,5225,4703,4703,2,2
Ahmedabad,Naranpura,General Physician,1,3135,2299,2299,1,1
Ahmedabad,Naranpura,General Physician,6,3135,2090,2090,1,1
Ahmedabad,Naranpura,ENT,1,5225,4703,4703,3,3
Ahmedabad,Naranpura,ENT,6,3135,2351,2351,3,3
Ahmedabad,Naranpura,General Dentistry,1,3270,3270,3270,1,0
Ahmedabad,Naranpura,General Dentistry,6,3270,2180,2180,1,0
Ahmedabad,Naranpura,Nephrologist,1,3000,3000,3000,1,1
Ahmedabad,Naranpura,Nephrologist,6,3000,2000,2000,1,1
Ahmedabad,Naranpura,General Surgeon,1,6000,6000,6000,2,2
Ahmedabad,Naranpura,General Surgeon,6,3000,3000,3000,2,2
Ahmedabad,Naranpura,General Psychiatry,1,3000,3000,3000,4,4
Ahmedabad,Naranpura,General Psychiatry,6,3000,2000,2000,4,4
Ahmedabad,Naranpura,General Gynecology,1,12540,7106,7106,1,0
Ahmedabad,Naranpura,General Gynecology,6,9405,3553,3553,1,1
Ahmedabad,Naranpura,General Ophthalmology,1,8000,2000,2000,1,1
Ahmedabad,Naranpura,General Ophthalmology,6,5000,2000,2000,1,1
Ahmedabad,Naranpura,Orthopaedics,1,6270,6270,6270,3,3
Ahmedabad,Naranpura,Orthopaedics,6,3135,3135,3135,3,3
Ahmedabad,Paldi,General Dermatology,1,5225,4703,4703,2,2
Ahmedabad,Paldi,General Dermatology,6,5225,2351,2351,2,2
Ahmedabad,Paldi,Hair Transplant,1,5000,2000,2000,1,1
Ahmedabad,Paldi,Hair Transplant,6,5000,2000,2000,1,1
Ahmedabad,Paldi,Gastroenterologist,1,5000,2000,2000,1,1
Ahmedabad,Paldi,Gastroenterologist,6,3000,2000,2000,1,1
Ahmedabad,Paldi,General Physician,1,3135,2090,2090,1,1
Ahmedabad,Paldi,General Physician,6,3135,2090,2090,1,1
Ahmedabad,Paldi,ENT,1,3000,2000,2000,1,1
Ahmedabad,Paldi,ENT,6,3000,2000,2000,1,1
Ahmedabad,Paldi,General Dentistry,1,6270,3344,3344,1,0
Ahmedabad,Paldi,General Dentistry,6,5225,2090,2090,1,0
Ahmedabad,Paldi,General Gynecology,1,5000,3200,3200,1,1
Ahmedabad,Paldi,General Gynecology,6,3000,2000,2000,1,1
Ahmedabad,Paldi,Orthopaedics,1,5225,2090,2090,1,1
Ahmedabad,Paldi,Orthopaedics,6,3000,2000,2000,1,1
Ahmedabad,Saraspur,General Dermatology,1,3135,2090,2090,1,1
Ahmedabad,Saraspur,General Dermatology,6,3135,2090,2090,1,1
Ahmedabad,Saraspur,Neurologist,1,8360,2090,2090,1,1
Ahmedabad,Saraspur,Neurologist,6,5225,2090,2090,1,1
Ahmedabad,Saraspur,Sexologist,1,3135,2090,2090,1,0
Ahmedabad,Saraspur,Sexologist,6,3135,2090,2090,1,1
Ahmedabad,Saraspur,Hair Transplant,1,3000,2000,2000,1,1
Ahmedabad,Saraspur,Hair Transplant,6,3000,2000,2000,1,1
Ahmedabad,Saraspur,Gastroenterologist,1,8360,2090,2090,1,1
Ahmedabad,Saraspur,Gastroenterologist,6,5225,2090,2090,1,1
Ahmedabad,Saraspur,General Physician,1,3135,2090,2090,1,1
Ahmedabad,Saraspur,General Physician,6,3135,2090,2090,1,1
Ahmedabad,Saraspur,Urologist,1,8360,6270,6270,4,4
Ahmedabad,Saraspur,Urologist,6,5225,3135,3135,4,4
Ahmedabad,Saraspur,ENT,1,3135,2090,2090,1,1
Ahmedabad,Saraspur,ENT,6,3135,2090,2090,1,1
Ahmedabad,Saraspur,General Dentistry,1,3135,2090,2090,1,0
Ahmedabad,Saraspur,General Dentistry,6,3000,2000,2000,1,1
Ahmedabad,Saraspur,Oncologist,1,3000,2000,2000,1,1
Ahmedabad,Saraspur,Oncologist,6,3000,2000,2000,1,1
Ahmedabad,Saraspur,Cosmetic/Plastic Surgeon,1,3000,2000,2000,1,1
Ahmedabad,Saraspur,Cosmetic/Plastic Surgeon,6,3000,2000,2000,1,1
Ahmedabad,Saraspur,Pulmonologist,1,3000,2000,2000,1,1
Ahmedabad,Saraspur,Pulmonologist,6,3000,2000,2000,1,1
Ahmedabad,Saraspur,Cardiologist,1,3000,2000,2000,1,1
Ahmedabad,Saraspur,Cardiologist,6,3000,2000,2000,1,1
Ahmedabad,Saraspur,Nephrologist,1,3000,2000,2000,1,1
Ahmedabad,Saraspur,Nephrologist,6,3000,2000,2000,1,1
Ahmedabad,Saraspur,General Psychiatry,1,6000,4700,4700,1,1
Ahmedabad,Saraspur,General Psychiatry,6,5000,2350,2350,1,1
Ahmedabad,Saraspur,General Gynecology,1,8360,2717,2717,1,1
Ahmedabad,Saraspur,General Gynecology,6,5225,2090,2090,1,1
Ahmedabad,Saraspur,General Ophthalmology,1,8000,2000,2000,1,1
Ahmedabad,Saraspur,General Ophthalmology,6,5000,2000,2000,1,1
Ahmedabad,Saraspur,Orthopaedics,1,8360,2090,2090,1,1
Ahmedabad,Saraspur,Orthopaedics,6,5225,2090,2090,1,1
Ahmedabad,Satellite,General Dermatology,1,6270,2090,2090,1,1
Ahmedabad,Satellite,General Dermatology,6,5225,2090,2090,1,1
Ahmedabad,Satellite,Neurologist,1,8000,5000,5000,1,1
Ahmedabad,Satellite,Neurologist,6,5000,3000,3000,1,1
Ahmedabad,Satellite,Hair Transplant,1,6000,2000,2000,1,1
Ahmedabad,Satellite,Hair Transplant,6,5000,2000,2000,1,1
Ahmedabad,Satellite,Gastroenterologist,1,8360,2090,2090,1,1
Ahmedabad,Satellite,Gastroenterologist,6,5225,2090,2090,1,1
Ahmedabad,Satellite,General Physician,1,5450,2398,2398,1,1
Ahmedabad,Satellite,General Physician,6,5225,2090,2090,1,1
Ahmedabad,Satellite,ENT,1,3135,2090,2090,1,1
Ahmedabad,Satellite,ENT,6,3135,2090,2090,1,1
Ahmedabad,Satellite,General Dentistry,1,8720,5450,5450,1,0
Ahmedabad,Satellite,General Dentistry,6,6540,2725,2725,1,0
Ahmedabad,Satellite,Cosmetic/Plastic Surgeon,1,5000,2000,2000,1,1
Ahmedabad,Satellite,Cosmetic/Plastic Surgeon,6,5000,2000,2000,1,1
Ahmedabad,Satellite,General Psychiatry,1,3135,3135,3135,1,0
Ahmedabad,Satellite,General Psychiatry,6,3000,2000,2000,1,1
Ahmedabad,Satellite,General Gynecology,1,15260,14715,14715,1,0
Ahmedabad,Satellite,General Gynecology,6,11495,7054,7054,1,1
Ahmedabad,Satellite,Orthopaedics,1,20710,6867,6867,1,0
Ahmedabad,Satellite,Orthopaedics,6,14630,3292,3292,1,1
Ahmednagar,Ahmednagar-Cityinventory,General Dermatology,1,3000,2000,2000,1,1
Ahmednagar,Ahmednagar-Cityinventory,General Dermatology,6,3000,2000,2000,1,1
Ahmednagar,Ahmednagar-Cityinventory,Orthopaedics,1,3000,2000,2000,1,1
Ahmednagar,Ahmednagar-Cityinventory,Orthopaedics,6,3000,2000,2000,1,1
Ajmer,Ajmer-Cityinventory,Sexologist,1,3135,2090,2090,1,1
Ajmer,Ajmer-Cityinventory,Sexologist,6,3135,2090,2090,1,1
Ajmer,Ajmer-Cityinventory,Gastroenterologist,1,3135,2090,2090,1,1
Ajmer,Ajmer-Cityinventory,Gastroenterologist,6,3135,2090,2090,1,1
Ajmer,Ajmer-Cityinventory,General Physician,1,3135,2090,2090,1,1
Ajmer,Ajmer-Cityinventory,General Physician,6,3135,2090,2090,1,1
Ajmer,Ajmer-Cityinventory,General Dentistry,1,3000,2000,2000,1,1
Ajmer,Ajmer-Cityinventory,General Dentistry,6,3000,2000,2000,1,1
Akola,Akola-Cityinventory,General Physician,1,3000,2000,2000,1,1
Akola,Akola-Cityinventory,General Physician,6,3000,2000,2000,1,1
Aligarh,Aligarh-Cityinventory,General Dermatology,1,5225,2090,2090,1,1
Aligarh,Aligarh-Cityinventory,General Dermatology,6,3135,2090,2090,1,1
Aligarh,Aligarh-Cityinventory,Sexologist,1,3135,2090,2090,1,1
Aligarh,Aligarh-Cityinventory,Sexologist,6,3135,2090,2090,1,1
Aligarh,Aligarh-Cityinventory,Hair Transplant,1,6000,2000,2000,1,1
Aligarh,Aligarh-Cityinventory,Hair Transplant,6,3000,2000,2000,1,1
Aligarh,Aligarh-Cityinventory,Gastroenterologist,1,5225,2090,2090,1,1
Aligarh,Aligarh-Cityinventory,Gastroenterologist,6,3135,2090,2090,1,1
Aligarh,Aligarh-Cityinventory,General Physician,1,3135,2090,2090,1,1
Aligarh,Aligarh-Cityinventory,General Physician,6,3135,2090,2090,1,1
Aligarh,Aligarh-Cityinventory,General Dentistry,1,3135,2090,2090,1,1
Aligarh,Aligarh-Cityinventory,General Dentistry,6,3135,2090,2090,1,1
Aligarh,Aligarh-Cityinventory,Pulmonologist,1,3000,2000,2000,1,1
Aligarh,Aligarh-Cityinventory,Pulmonologist,6,3000,2000,2000,1,1
Aligarh,Aligarh-Cityinventory,General Psychiatry,1,3135,2090,2090,1,1
Aligarh,Aligarh-Cityinventory,General Psychiatry,6,3135,2090,2090,1,1
Aligarh,Aligarh-Cityinventory,General Gynecology,1,3135,2090,2090,1,1
Aligarh,Aligarh-Cityinventory,General Gynecology,6,3135,2090,2090,1,1
Aligarh,Aligarh-Cityinventory,General Alt Medicine,1,3000,2000,2000,1,1
Aligarh,Aligarh-Cityinventory,General Alt Medicine,6,3000,2000,2000,1,1
Aligarh,Aligarh-Cityinventory,General Ophthalmology,1,3000,2000,2000,1,1
Aligarh,Aligarh-Cityinventory,General Ophthalmology,6,3000,2000,2000,1,1
Aligarh,Aligarh-Cityinventory,Orthopaedics,1,3000,2000,2000,1,1
Aligarh,Aligarh-Cityinventory,Orthopaedics,6,3000,2000,2000,1,1
Allahabad,Allahabad-Cityinventory,General Dermatology,1,3135,2090,2090,1,1
Allahabad,Allahabad-Cityinventory,General Dermatology,6,3135,2090,2090,1,1
Allahabad,Allahabad-Cityinventory,Neurologist,1,3000,2000,2000,1,1
Allahabad,Allahabad-Cityinventory,Neurologist,6,3000,2000,2000,1,1
Allahabad,Allahabad-Cityinventory,Sexologist,1,3135,2090,2090,1,1
Allahabad,Allahabad-Cityinventory,Sexologist,6,3135,2090,2090,1,1
Allahabad,Allahabad-Cityinventory,Physiotherapist,1,3135,2090,2090,1,1
Allahabad,Allahabad-Cityinventory,Physiotherapist,6,3135,2090,2090,1,1
Allahabad,Allahabad-Cityinventory,Hair Transplant,1,12540,2090,2090,1,1
Allahabad,Allahabad-Cityinventory,Hair Transplant,6,6270,2090,2090,1,1
Allahabad,Allahabad-Cityinventory,Endocrinologist,1,3135,2090,2090,1,1
Allahabad,Allahabad-Cityinventory,Endocrinologist,6,3135,2090,2090,1,1
Allahabad,Allahabad-Cityinventory,Gastroenterologist,1,9405,2090,2090,1,1
Allahabad,Allahabad-Cityinventory,Gastroenterologist,6,5225,2090,2090,1,1
Allahabad,Allahabad-Cityinventory,General Physician,1,3135,2299,2299,1,1
Allahabad,Allahabad-Cityinventory,General Physician,6,3135,2090,2090,1,1
Allahabad,Allahabad-Cityinventory,ENT,1,3135,2090,2090,1,1
Allahabad,Allahabad-Cityinventory,ENT,6,3135,2090,2090,1,1
Allahabad,Allahabad-Cityinventory,General Dentistry,1,6270,4807,4807,1,1
Allahabad,Allahabad-Cityinventory,General Dentistry,6,5225,2404,2404,1,1
Allahabad,Allahabad-Cityinventory,Cosmetic/Plastic Surgeon,1,11495,2090,2090,1,1
Allahabad,Allahabad-Cityinventory,Cosmetic/Plastic Surgeon,6,6270,2090,2090,1,1
Allahabad,Allahabad-Cityinventory,Pulmonologist,1,3135,2090,2090,1,1
Allahabad,Allahabad-Cityinventory,Pulmonologist,6,3135,2090,2090,1,1
Allahabad,Allahabad-Cityinventory,General Surgeon,1,16720,7733,7733,1,1
Allahabad,Allahabad-Cityinventory,General Surgeon,6,10000,3700,3700,1,1
Allahabad,Allahabad-Cityinventory,General Psychiatry,1,3135,2090,2090,1,1
Allahabad,Allahabad-Cityinventory,General Psychiatry,6,3135,2090,2090,1,1
Allahabad,Allahabad-Cityinventory,General Gynecology,1,5450,2180,2180,4,3
Allahabad,Allahabad-Cityinventory,General Gynecology,6,5225,2090,2090,1,1
Allahabad,Allahabad-Cityinventory,General Alt Medicine,1,3135,2090,2090,1,1
Allahabad,Allahabad-Cityinventory,General Alt Medicine,6,3135,2090,2090,1,1
Allahabad,Allahabad-Cityinventory,General Pediatrics,1,6270,2090,2090,1,1
Allahabad,Allahabad-Cityinventory,General Pediatrics,6,5225,2090,2090,1,1
Allahabad,Allahabad-Cityinventory,General Ophthalmology,1,5000,2000,2000,1,1
Allahabad,Allahabad-Cityinventory,General Ophthalmology,6,3000,2000,2000,1,1
Allahabad,Allahabad-Cityinventory,Orthopaedics,1,17765,3449,3449,1,1
Allahabad,Allahabad-Cityinventory,Orthopaedics,6,9405,2090,2090,1,1
Allahabad,Allahabad-Cityinventory,Homeopathy,1,6540,2180,2180,4,3
Allahabad,Allahabad-Cityinventory,Homeopathy,6,5225,2090,2090,1,1
Allahabad,Allahabad,General Dermatology,6,3135,2090,2090,1,1
Allahabad,Allahabad,General Physician,1,3135,2299,2299,1,1
Allahabad,Allahabad,General Physician,6,3135,2090,2090,1,1
Allahabad,Allahabad,ENT,6,3000,2000,2000,1,1
Allahabad,Allahabad,General Dentistry,1,6270,4807,4807,1,1
Allahabad,Allahabad,General Dentistry,6,5225,2404,2404,1,1
Allahabad,Allahabad,General Gynecology,1,3135,2090,2090,1,1
Allahabad,Allahabad,General Gynecology,6,3135,2090,2090,1,1
Allahabad,Allahabad,Orthopaedics,6,3135,2090,2090,1,1
Alwar,Alwar-Cityinventory,General Physician,1,3000,2000,2000,1,1
Alwar,Alwar-Cityinventory,General Physician,6,3000,2000,2000,1,1
Ambala,Ambala-Cityinventory,Gastroenterologist,1,3000,2000,2000,1,1
Ambala,Ambala-Cityinventory,Gastroenterologist,6,3000,2000,2000,1,1
Ambala,Ambala-Cityinventory,General Physician,1,3000,2000,2000,1,1
Ambala,Ambala-Cityinventory,General Physician,6,3000,2000,2000,1,1
Ambala,Ambala-Cityinventory,General Dentistry,1,3000,2000,2000,1,1
Ambala,Ambala-Cityinventory,General Dentistry,6,3000,2000,2000,1,1
Amravati,Amravati-Cityinventory,General Dermatology,1,3135,2090,2090,1,0
Amravati,Amravati-Cityinventory,General Dermatology,6,3000,2000,2000,1,1
Amravati,Amravati-Cityinventory,Sexologist,1,3135,2090,2090,1,1
Amravati,Amravati-Cityinventory,Sexologist,6,3135,2090,2090,1,1
Amravati,Amravati-Cityinventory,Gastroenterologist,1,3135,2090,2090,1,1
Amravati,Amravati-Cityinventory,Gastroenterologist,6,3135,2090,2090,1,1
Amravati,Amravati-Cityinventory,General Physician,1,3135,2090,2090,1,1
Amravati,Amravati-Cityinventory,General Physician,6,3135,2090,2090,1,1
Amravati,Amravati-Cityinventory,General Dentistry,1,3000,2000,2000,1,1
Amravati,Amravati-Cityinventory,General Dentistry,6,3000,2000,2000,1,1
Amravati,Amravati-Cityinventory,General Psychiatry,1,3000,2000,2000,1,1
Amravati,Amravati-Cityinventory,General Psychiatry,6,3000,2000,2000,1,1
Amravati,Amravati-Cityinventory,General Gynecology,1,3135,2090,2090,1,1
Amravati,Amravati-Cityinventory,General Gynecology,6,3135,2090,2090,1,1
Amravati,Amravati-Cityinventory,Orthopaedics,1,3000,2000,2000,1,1
Amravati,Amravati-Cityinventory,Orthopaedics,6,3000,2000,2000,1,1
Amritsar,Amritsar-Cityinventory,General Dermatology,1,5450,2180,2180,1,0
Amritsar,Amritsar-Cityinventory,General Dermatology,6,3270,2180,2180,1,1
Amritsar,Amritsar-Cityinventory,Neurologist,1,3135,2090,2090,1,1
Amritsar,Amritsar-Cityinventory,Neurologist,6,3135,2090,2090,1,1
Amritsar,Amritsar-Cityinventory,Sexologist,1,5225,2090,2090,4,3
Amritsar,Amritsar-Cityinventory,Sexologist,6,5225,2090,2090,1,1
Amritsar,Amritsar-Cityinventory,Physiotherapist,1,3000,2000,2000,1,1
Amritsar,Amritsar-Cityinventory,Physiotherapist,6,3000,2000,2000,1,1
Amritsar,Amritsar-Cityinventory,Hair Transplant,1,3000,2000,2000,1,1
Amritsar,Amritsar-Cityinventory,Hair Transplant,6,3000,2000,2000,1,1
Amritsar,Amritsar-Cityinventory,Dietitian,1,3000,2000,2000,1,1
Amritsar,Amritsar-Cityinventory,Dietitian,6,3000,2000,2000,1,1
Amritsar,Amritsar-Cityinventory,Endocrinologist,1,3135,2090,2090,1,1
Amritsar,Amritsar-Cityinventory,Endocrinologist,6,3135,2090,2090,1,1
Amritsar,Amritsar-Cityinventory,Gastroenterologist,1,9405,2090,2090,1,1
Amritsar,Amritsar-Cityinventory,Gastroenterologist,6,5225,2090,2090,1,1
Amritsar,Amritsar-Cityinventory,General Physician,1,3135,2090,2090,1,1
Amritsar,Amritsar-Cityinventory,General Physician,6,3135,2090,2090,1,1
Amritsar,Amritsar-Cityinventory,Urologist,1,5225,3553,3553,1,1
Amritsar,Amritsar-Cityinventory,Urologist,6,3135,2090,2090,1,1
Amritsar,Amritsar-Cityinventory,ENT,1,3135,2090,2090,1,1
Amritsar,Amritsar-Cityinventory,ENT,6,3135,2090,2090,1,1
Amritsar,Amritsar-Cityinventory,General Dentistry,1,5225,2090,2090,1,0
Amritsar,Amritsar-Cityinventory,General Dentistry,6,5225,2090,2090,1,1
Amritsar,Amritsar-Cityinventory,Cosmetic/Plastic Surgeon,1,18530,2180,2180,1,1
Amritsar,Amritsar-Cityinventory,Cosmetic/Plastic Surgeon,6,9405,2090,2090,1,1
Amritsar,Amritsar-Cityinventory,Pulmonologist,1,3135,2090,2090,1,1
Amritsar,Amritsar-Cityinventory,Pulmonologist,6,3135,2090,2090,1,1
Amritsar,Amritsar-Cityinventory,Cardiologist,1,3135,3135,3135,6,6
Amritsar,Amritsar-Cityinventory,Cardiologist,6,3135,2090,2090,6,6
Amritsar,Amritsar-Cityinventory,General Surgeon,1,3000,2700,2700,1,1
Amritsar,Amritsar-Cityinventory,General Surgeon,6,3000,2000,2000,1,1
Amritsar,Amritsar-Cityinventory,General Psychiatry,1,3135,2090,2090,1,1
Amritsar,Amritsar-Cityinventory,General Psychiatry,6,3135,2090,2090,1,1
Amritsar,Amritsar-Cityinventory,General Gynecology,1,8360,5957,5957,1,1
Amritsar,Amritsar-Cityinventory,General Gynecology,6,5225,2978,2978,1,1
Amritsar,Amritsar-Cityinventory,General Alt Medicine,1,3135,2090,2090,1,1
Amritsar,Amritsar-Cityinventory,General Alt Medicine,6,3135,2090,2090,1,1
Amritsar,Amritsar-Cityinventory,General Pediatrics,1,3135,2090,2090,1,1
Amritsar,Amritsar-Cityinventory,General Pediatrics,6,3135,2090,2090,1,1
Amritsar,Amritsar-Cityinventory,General Ophthalmology,1,5225,2090,2090,1,1
Amritsar,Amritsar-Cityinventory,General Ophthalmology,6,3135,2090,2090,1,1
Amritsar,Amritsar-Cityinventory,Orthopaedics,1,8360,3449,3449,1,1
Amritsar,Amritsar-Cityinventory,Orthopaedics,6,5225,2090,2090,1,1
Amritsar,Amritsar,General Dermatology,1,3135,2090,2090,1,1
Amritsar,Amritsar,General Dermatology,6,3135,2090,2090,1,1
Amritsar,Amritsar,Neurologist,6,3000,2000,2000,1,1
Amritsar,Amritsar,Gastroenterologist,6,3000,2000,2000,1,1
Amritsar,Amritsar,General Physician,6,3135,2090,2090,1,1
Amritsar,Amritsar,General Dentistry,6,3000,2000,2000,1,1
Amritsar,Amritsar,General Gynecology,6,3000,2000,2000,1,1
Amritsar,Amritsar,General Pediatrics,6,3000,2000,2000,1,1
Amritsar,Amritsar,Orthopaedics,1,6000,2000,2000,1,1
Amritsar,Amritsar,Orthopaedics,6,3000,2000,2000,1,1
Anand,Anand-Cityinventory,General Dentistry,1,3000,2000,2000,1,1
Anand,Anand-Cityinventory,General Dentistry,6,3000,2000,2000,1,1
Anantapur,Anantapur-Cityinventory,General Dermatology,1,3135,2090,2090,1,1
Anantapur,Anantapur-Cityinventory,General Dermatology,6,3135,2090,2090,1,1
Anantapur,Anantapur-Cityinventory,General Physician,1,3135,2090,2090,1,1
Anantapur,Anantapur-Cityinventory,General Physician,6,3135,2090,2090,1,1
Anantapur,Anantapur-Cityinventory,Urologist,1,3000,2000,2000,1,1
Anantapur,Anantapur-Cityinventory,Urologist,6,3000,2000,2000,1,1
Anantapur,Anantapur-Cityinventory,ENT,1,3000,2000,2000,1,1
Anantapur,Anantapur-Cityinventory,ENT,6,3000,2000,2000,1,1
Anantapur,Anantapur-Cityinventory,General Gynecology,1,3135,2090,2090,1,1
Anantapur,Anantapur-Cityinventory,General Gynecology,6,3135,2090,2090,1,1
Anantapur,Anantapur-Cityinventory,Orthopaedics,1,3135,2090,2090,1,1
Anantapur,Anantapur-Cityinventory,Orthopaedics,6,3135,2090,2090,1,1
Aurangabad,Aurangabad-Cityinventory,General Dermatology,1,5450,2180,2180,1,0
Aurangabad,Aurangabad-Cityinventory,General Dermatology,6,3270,2180,2180,1,0
Aurangabad,Aurangabad-Cityinventory,Neurologist,1,5225,2090,2090,1,1
Aurangabad,Aurangabad-Cityinventory,Neurologist,6,3135,2090,2090,1,1
Aurangabad,Aurangabad-Cityinventory,Sexologist,1,3135,2090,2090,1,1
Aurangabad,Aurangabad-Cityinventory,Sexologist,6,3135,2090,2090,1,1
Aurangabad,Aurangabad-Cityinventory,Physiotherapist,1,3135,2090,2090,1,1
Aurangabad,Aurangabad-Cityinventory,Physiotherapist,6,3000,2000,2000,1,1
Aurangabad,Aurangabad-Cityinventory,Hair Transplant,1,6000,2000,2000,1,1
Aurangabad,Aurangabad-Cityinventory,Hair Transplant,6,3000,2000,2000,1,1
Aurangabad,Aurangabad-Cityinventory,Gastroenterologist,1,12540,2090,2090,1,1
Aurangabad,Aurangabad-Cityinventory,Gastroenterologist,6,6270,2090,2090,1,1
Aurangabad,Aurangabad-Cityinventory,General Physician,1,3270,2180,2180,1,1
Aurangabad,Aurangabad-Cityinventory,General Physician,6,3135,2090,2090,1,1
Aurangabad,Aurangabad-Cityinventory,Urologist,1,3000,2000,2000,1,1
Aurangabad,Aurangabad-Cityinventory,Urologist,6,3000,2000,2000,1,1
Aurangabad,Aurangabad-Cityinventory,ENT,1,3270,2180,2180,1,0
Aurangabad,Aurangabad-Cityinventory,ENT,6,3135,2090,2090,1,1
Aurangabad,Aurangabad-Cityinventory,General Dentistry,1,3270,3270,3270,1,0
Aurangabad,Aurangabad-Cityinventory,General Dentistry,6,3135,2090,2090,1,1
Aurangabad,Aurangabad-Cityinventory,Cosmetic/Plastic Surgeon,1,9405,2090,2090,1,1
Aurangabad,Aurangabad-Cityinventory,Cosmetic/Plastic Surgeon,6,5225,2090,2090,1,1
Aurangabad,Aurangabad-Cityinventory,Cardiologist,1,5225,2090,2090,1,1
Aurangabad,Aurangabad-Cityinventory,Cardiologist,6,3135,2090,2090,1,1
Aurangabad,Aurangabad-Cityinventory,General Psychiatry,1,5450,4905,4905,2,1
Aurangabad,Aurangabad-Cityinventory,General Psychiatry,6,3135,2351,2351,2,2
Aurangabad,Aurangabad-Cityinventory,General Gynecology,1,6270,2090,2090,1,1
Aurangabad,Aurangabad-Cityinventory,General Gynecology,6,3135,2090,2090,1,1
Aurangabad,Aurangabad-Cityinventory,General Alt Medicine,1,3000,2000,2000,1,1
Aurangabad,Aurangabad-Cityinventory,General Alt Medicine,6,3000,2000,2000,1,1
Aurangabad,Aurangabad-Cityinventory,General Pediatrics,1,3135,2090,2090,1,1
Aurangabad,Aurangabad-Cityinventory,General Pediatrics,6,3135,2090,2090,1,1
Aurangabad,Aurangabad-Cityinventory,General Ophthalmology,1,3000,2000,2000,1,1
Aurangabad,Aurangabad-Cityinventory,General Ophthalmology,6,3000,2000,2000,1,1
Aurangabad,Aurangabad-Cityinventory,Orthopaedics,1,8360,2090,2090,1,1
Aurangabad,Aurangabad-Cityinventory,Orthopaedics,6,5225,2090,2090,1,1
Aurangabad,Aurangabad,General Dermatology,6,3000,2000,2000,1,1
Aurangabad,Aurangabad,Neurologist,1,3000,2000,2000,1,1
Aurangabad,Aurangabad,Neurologist,6,3000,2000,2000,1,1
Aurangabad,Aurangabad,Gastroenterologist,1,3000,2000,2000,1,1
Aurangabad,Aurangabad,Gastroenterologist,6,3000,2000,2000,1,1
Aurangabad,Aurangabad,General Physician,6,3000,2000,2000,1,1
Aurangabad,Aurangabad,General Gynecology,1,5000,2000,2000,1,1
Aurangabad,Aurangabad,General Gynecology,6,3000,2000,2000,1,1
Aurangabad,Aurangabad,Orthopaedics,1,6000,2000,2000,1,1
Aurangabad,Aurangabad,Orthopaedics,6,3000,2000,2000,1,1
Ballia,Ballia-Cityinventory,General Physician,1,3000,2000,2000,1,1
Ballia,Ballia-Cityinventory,General Physician,6,3000,2000,2000,1,1
Bangalore,Indiranagar,General Dermatology,1,37400,39545,39545,2,0
Bangalore,Indiranagar,General Dermatology,6,28600,19773,19773,2,1
Bangalore,Indiranagar,Neurologist,1,9450,9450,9450,6,6
Bangalore,Indiranagar,Neurologist,6,5250,4725,4725,6,6
Bangalore,Indiranagar,Sexologist,1,8800,2200,2200,1,0
Bangalore,Indiranagar,Sexologist,6,6600,2200,2200,1,1
Bangalore,Indiranagar,Physiotherapist,1,12100,15400,15400,2,0
Bangalore,Indiranagar,Physiotherapist,6,9450,7350,7350,2,2
Bangalore,Indiranagar,Hair Transplant,1,29400,2100,2100,1,0
Bangalore,Indiranagar,Hair Transplant,6,10000,2000,2000,1,1
Bangalore,Indiranagar,Dietitian,1,8400,5355,5355,1,0
Bangalore,Indiranagar,Dietitian,6,6300,2678,2678,1,0
Bangalore,Indiranagar,Endocrinologist,1,16800,15750,15750,2,2
Bangalore,Indiranagar,Endocrinologist,6,12600,7875,7875,2,2
Bangalore,Indiranagar,Gastroenterologist,1,14700,14175,14175,6,6
Bangalore,Indiranagar,Gastroenterologist,6,11550,7088,7088,6,6
Bangalore,Indiranagar,General Physician,1,9450,9450,9450,6,4
Bangalore,Indiranagar,General Physician,6,5250,4725,4725,6,6
Bangalore,Indiranagar,Urologist,1,11550,14700,14700,4,4
Bangalore,Indiranagar,Urologist,6,9450,7350,7350,4,4
Bangalore,Indiranagar,ENT,1,17850,15750,15750,6,6
Bangalore,Indiranagar,ENT,6,9450,7875,7875,6,6
Bangalore,Indiranagar,General Dentistry,1,17600,16500,16500,5,0
Bangalore,Indiranagar,General Dentistry,6,13200,8250,8250,5,1
Bangalore,Indiranagar,Cosmetic/Plastic Surgeon,1,14700,2100,2100,2,2
Bangalore,Indiranagar,Pulmonologist,1,8400,7875,7875,2,2
Bangalore,Indiranagar,Pulmonologist,6,5250,3938,3938,2,2
Bangalore,Indiranagar,Cardiologist,1,11550,11025,11025,3,2
Bangalore,Indiranagar,Cardiologist,6,6300,5513,5513,6,6
Bangalore,Indiranagar,Nephrologist,1,5000,4500,4500,6,6
Bangalore,Indiranagar,Nephrologist,6,3000,2250,2250,6,6
Bangalore,Indiranagar,General Surgeon,1,5000,4500,4500,6,6
Bangalore,Indiranagar,General Surgeon,6,3000,2250,2250,6,6
Bangalore,Indiranagar,General Psychiatry,1,18700,18150,18150,6,4
Bangalore,Indiranagar,General Psychiatry,6,14700,8663,8663,6,6
Bangalore,Indiranagar,General Gynecology,1,30000,30000,30000,4,2
Bangalore,Indiranagar,General Gynecology,6,30000,16616,16616,4,4
Bangalore,Indiranagar,General Alt Medicine,1,6000,6000,6000,1,0
Bangalore,Indiranagar,General Alt Medicine,6,5000,3000,3000,1,0
Bangalore,Indiranagar,General Pediatrics,1,8400,7875,7875,3,3
Bangalore,Indiranagar,General Pediatrics,6,5250,3938,3938,3,3
Bangalore,Indiranagar,General Ophthalmology,1,19950,18900,18900,5,4
Bangalore,Indiranagar,General Ophthalmology,6,14700,9450,9450,5,5
Bangalore,Indiranagar,Orthopaedics,1,26250,30000,30000,6,5
Bangalore,Indiranagar,Orthopaedics,6,19950,16800,16800,6,6
Bangalore,Indiranagar,Homeopathy,1,6000,2900,2900,1,1
Bangalore,Indiranagar,Homeopathy,6,5000,2000,2000,1,1
Bangalore,Vijayanagar,General Dermatology,1,15400,2200,2200,1,1
Bangalore,Vijayanagar,General Dermatology,6,8400,2100,2100,1,1
Bangalore,Vijayanagar,Neurologist,1,9450,2100,2100,1,1
Bangalore,Vijayanagar,Neurologist,6,5250,2100,2100,1,1
Bangalore,Vijayanagar,Sexologist,1,3000,3000,3000,6,5
Bangalore,Vijayanagar,Sexologist,6,3000,2000,2000,6,6
Bangalore,Vijayanagar,Endocrinologist,1,6300,2100,2100,1,1
Bangalore,Vijayanagar,Endocrinologist,6,3150,2100,2100,1,1
Bangalore,Vijayanagar,Gastroenterologist,1,5250,2100,2100,1,1
Bangalore,Vijayanagar,Gastroenterologist,6,3150,2100,2100,1,1
Bangalore,Vijayanagar,General Physician,1,5250,2100,2100,1,1
Bangalore,Vijayanagar,General Physician,6,3150,2100,2100,1,1
Bangalore,Vijayanagar,Urologist,1,6000,2000,2000,1,1
Bangalore,Vijayanagar,Urologist,6,5000,2000,2000,1,1
Bangalore,Vijayanagar,ENT,1,9450,9450,9450,1,1
Bangalore,Vijayanagar,ENT,6,5250,4725,4725,1,1
Bangalore,Vijayanagar,General Dentistry,1,13200,10450,10450,1,0
Bangalore,Vijayanagar,General Dentistry,6,9900,5225,5225,2,0
Bangalore,Vijayanagar,Cardiologist,1,6300,2100,2100,1,1
Bangalore,Vijayanagar,Cardiologist,6,3000,2000,2000,1,1
Bangalore,Vijayanagar,General Psychiatry,1,11550,11025,11025,5,5
Bangalore,Vijayanagar,General Psychiatry,6,6300,5513,5513,5,5
Bangalore,Vijayanagar,General Gynecology,1,12100,6380,6380,1,1
Bangalore,Vijayanagar,General Gynecology,6,9450,3045,3045,1,1
Bangalore,Vijayanagar,General Alt Medicine,1,6300,2100,2100,1,0
Bangalore,Vijayanagar,General Alt Medicine,6,5000,2000,2000,1,1
Bangalore,Vijayanagar,General Pediatrics,1,8400,2100,2100,1,1
Bangalore,Vijayanagar,General Pediatrics,6,5250,2100,2100,1,1
Bangalore,Vijayanagar,General Ophthalmology,1,3000,2000,2000,1,1
Bangalore,Vijayanagar,General Ophthalmology,6,3000,2000,2000,1,1
Bangalore,Vijayanagar,Orthopaedics,1,8800,8250,8250,1,0
Bangalore,Vijayanagar,Orthopaedics,6,6300,3938,3938,1,1
Bangalore,Bangalore-Cityinventory,General Dermatology,1,37400,36300,36300,6,1
Bangalore,Bangalore-Cityinventory,General Dermatology,6,27300,17325,17325,6,4
Bangalore,Bangalore-Cityinventory,Neurologist,1,34100,33000,33000,6,3
Bangalore,Bangalore-Cityinventory,Neurologist,6,16800,15750,15750,6,6
Bangalore,Bangalore-Cityinventory,Sexologist,1,23100,22050,22050,4,2
Bangalore,Bangalore-Cityinventory,Sexologist,6,18700,11550,11550,3,1
Bangalore,Bangalore-Cityinventory,Physiotherapist,1,27300,26775,26775,6,4
Bangalore,Bangalore-Cityinventory,Physiotherapist,6,14700,13388,13388,6,6
Bangalore,Bangalore-Cityinventory,Hair Transplant,1,42900,2200,2200,4,0
Bangalore,Bangalore-Cityinventory,Hair Transplant,6,31900,2200,2200,1,1
Bangalore,Bangalore-Cityinventory,Dietitian,1,36300,19525,19525,4,1
Bangalore,Bangalore-Cityinventory,Dietitian,6,27500,9763,9763,2,1
Bangalore,Bangalore-Cityinventory,Endocrinologist,1,22000,21450,21450,6,3
Bangalore,Bangalore-Cityinventory,Endocrinologist,6,11550,10238,10238,6,6
Bangalore,Bangalore-Cityinventory,Gastroenterologist,1,23100,22050,22050,4,3
Bangalore,Bangalore-Cityinventory,Gastroenterologist,6,17850,11025,11025,6,5
Bangalore,Bangalore-Cityinventory,General Physician,1,19950,18900,18900,6,5
Bangalore,Bangalore-Cityinventory,General Physician,6,9450,9450,9450,6,6
Bangalore,Bangalore-Cityinventory,Urologist,1,34100,33000,33000,6,4
Bangalore,Bangalore-Cityinventory,Urologist,6,16800,15750,15750,6,6
Bangalore,Bangalore-Cityinventory,ENT,1,27300,26775,26775,6,5
Bangalore,Bangalore-Cityinventory,ENT,6,14700,13388,13388,6,6
Bangalore,Bangalore-Cityinventory,General Dentistry,1,66000,37435,37435,6,0
Bangalore,Bangalore-Cityinventory,General Dentistry,6,51700,18718,18718,6,0
Bangalore,Bangalore-Cityinventory,Oncologist,1,27500,26400,26400,6,0
Bangalore,Bangalore-Cityinventory,Oncologist,6,19950,12600,12600,6,6
Bangalore,Bangalore-Cityinventory,Cosmetic/Plastic Surgeon,1,18700,18150,18150,3,0
Bangalore,Bangalore-Cityinventory,Cosmetic/Plastic Surgeon,6,14700,8663,8663,3,3
Bangalore,Bangalore-Cityinventory,Pulmonologist,1,29400,28350,28350,6,5
Bangalore,Bangalore-Cityinventory,Pulmonologist,6,14700,14175,14175,6,6
Bangalore,Bangalore-Cityinventory,Cardiologist,1,27300,26775,26775,6,2
Bangalore,Bangalore-Cityinventory,Cardiologist,6,14700,13388,13388,6,6
Bangalore,Bangalore-Cityinventory,Nephrologist,1,8400,7875,7875,6,5
Bangalore,Bangalore-Cityinventory,Nephrologist,6,6300,3938,3938,6,6
Bangalore,Bangalore-Cityinventory,General Surgeon,1,13200,13200,13200,4,2
Bangalore,Bangalore-Cityinventory,General Surgeon,6,6300,6300,6300,6,6
Bangalore,Bangalore-Cityinventory,Veterinarian,1,3300,3300,3300,2,2
Bangalore,Bangalore-Cityinventory,Veterinarian,6,3150,2100,2100,2,2
Bangalore,Bangalore-Cityinventory,Radiology,1,6300,6300,6300,1,0
Bangalore,Bangalore-Cityinventory,Radiology,6,5250,3150,3150,1,1
Bangalore,Bangalore-Cityinventory,Geriatrician,1,3150,2205,2205,1,1
Bangalore,Bangalore-Cityinventory,Geriatrician,6,3150,2100,2100,1,1
Bangalore,Bangalore-Cityinventory,General Psychiatry,1,61600,37912,37912,4,0
Bangalore,Bangalore-Cityinventory,General Psychiatry,6,30000,18095,18095,6,5
Bangalore,Bangalore-Cityinventory,Vascular Surgeon,1,3300,3300,3300,3,3
Bangalore,Bangalore-Cityinventory,Vascular Surgeon,6,3300,2200,2200,3,3
Bangalore,Bangalore-Cityinventory,Audiologist,1,3150,2100,2100,1,0
Bangalore,Bangalore-Cityinventory,Audiologist,6,3150,2100,2100,1,0
Bangalore,Bangalore-Cityinventory,Occupational Therapist,1,3300,2200,2200,1,0
Bangalore,Bangalore-Cityinventory,Occupational Therapist,6,3150,2100,2100,1,0
Bangalore,Bangalore-Cityinventory,Speech Therapist,1,3150,3150,3150,6,4
Bangalore,Bangalore-Cityinventory,Speech Therapist,6,3150,2100,2100,6,6
Bangalore,Bangalore-Cityinventory,Allergist/Immunologist,1,3150,2100,2100,1,1
Bangalore,Bangalore-Cityinventory,Allergist/Immunologist,6,3150,2100,2100,1,1
Bangalore,Bangalore-Cityinventory,Hematologist,1,5250,4725,4725,4,4
Bangalore,Bangalore-Cityinventory,Hematologist,6,5250,2363,2363,1,1
Bangalore,Bangalore-Cityinventory,General Gynecology,1,71500,37546,37546,6,0
Bangalore,Bangalore-Cityinventory,General Gynecology,6,55000,18773,18773,6,3
Bangalore,Bangalore-Cityinventory,General Alt Medicine,1,9900,9900,9900,4,1
Bangalore,Bangalore-Cityinventory,General Alt Medicine,6,5250,4725,4725,5,3
Bangalore,Bangalore-Cityinventory,General Pediatrics,1,19950,18900,18900,6,2
Bangalore,Bangalore-Cityinventory,General Pediatrics,6,9450,9450,9450,6,6
Bangalore,Bangalore-Cityinventory,General Ophthalmology,1,29400,28350,28350,6,4
Bangalore,Bangalore-Cityinventory,General Ophthalmology,6,14700,14175,14175,6,6
Bangalore,Bangalore-Cityinventory,Orthopaedics,1,37400,36300,36300,6,3
Bangalore,Bangalore-Cityinventory,Orthopaedics,6,27300,17325,17325,6,6
Bangalore,Bangalore-Cityinventory,Homeopathy,1,12600,12600,12600,4,0
Bangalore,Bangalore-Cityinventory,Homeopathy,6,9450,6300,6300,3,3
Bangalore,Yeshwantpur,General Dermatology,1,17600,3520,3520,1,0
Bangalore,Yeshwantpur,General Dermatology,6,8400,2100,2100,1,1
Bangalore,Yeshwantpur,Neurologist,1,5250,4725,4725,4,4
Bangalore,Yeshwantpur,Neurologist,6,3150,2363,2363,4,4
Bangalore,Yeshwantpur,Gastroenterologist,1,5000,4500,4500,5,5
Bangalore,Yeshwantpur,Gastroenterologist,6,5000,2250,2250,5,5
Bangalore,Yeshwantpur,General Physician,1,5250,4725,4725,1,1
Bangalore,Yeshwantpur,General Physician,6,3150,2363,2363,1,1
Bangalore,Yeshwantpur,Urologist,1,6000,4500,4500,3,3
Bangalore,Yeshwantpur,Urologist,6,5000,2250,2250,3,3
Bangalore,Yeshwantpur,ENT,1,14700,3360,3360,1,1
Bangalore,Yeshwantpur,ENT,6,11550,2100,2100,1,1
Bangalore,Yeshwantpur,General Dentistry,1,8400,5250,5250,2,2
Bangalore,Yeshwantpur,General Dentistry,6,6300,2625,2625,1,0
Bangalore,Yeshwantpur,Oncologist,1,9000,9000,9000,3,3
Bangalore,Yeshwantpur,Oncologist,6,0,4500,4500,3,3
Bangalore,Yeshwantpur,Pulmonologist,1,6000,6000,6000,2,2
Bangalore,Yeshwantpur,Pulmonologist,6,5000,3000,3000,2,2
Bangalore,Yeshwantpur,Cardiologist,1,10000,10000,10000,1,1
Bangalore,Yeshwantpur,Cardiologist,6,6000,5500,5500,1,1
Bangalore,Yeshwantpur,General Psychiatry,1,5250,3255,3255,1,0
Bangalore,Yeshwantpur,General Psychiatry,6,3000,2000,2000,1,1
Bangalore,Yeshwantpur,General Gynecology,1,12100,11550,11550,2,1
Bangalore,Yeshwantpur,General Gynecology,6,9900,5775,5775,2,1
Bangalore,Yeshwantpur,General Alt Medicine,1,3000,2000,2000,1,1
Bangalore,Yeshwantpur,General Alt Medicine,6,3000,2000,2000,1,1
Bangalore,Yeshwantpur,General Pediatrics,1,8000,2400,2400,1,0
Bangalore,Yeshwantpur,General Pediatrics,6,5000,2000,2000,1,1
Bangalore,Yeshwantpur,Orthopaedics,1,8800,8250,8250,1,1
Bangalore,Yeshwantpur,Orthopaedics,6,6300,3938,3938,1,1
Bangalore,Rajajinagar,General Dermatology,1,12100,3410,3410,1,1
Bangalore,Rajajinagar,General Dermatology,6,9450,2100,2100,1,1
Bangalore,Rajajinagar,Neurologist,1,8400,2100,2100,1,1
Bangalore,Rajajinagar,Neurologist,6,5250,2100,2100,1,1
Bangalore,Rajajinagar,Sexologist,1,5250,4725,4725,2,1
Bangalore,Rajajinagar,Sexologist,6,5250,2363,2363,2,1
Bangalore,Rajajinagar,Dietitian,1,3000,2000,2000,1,1
Bangalore,Rajajinagar,Dietitian,6,3000,2000,2000,1,1
Bangalore,Rajajinagar,Endocrinologist,1,3000,2000,2000,1,1
Bangalore,Rajajinagar,Endocrinologist,6,3000,2000,2000,1,1
Bangalore,Rajajinagar,Gastroenterologist,1,8400,2100,2100,1,1
Bangalore,Rajajinagar,Gastroenterologist,6,5250,2100,2100,1,1
Bangalore,Rajajinagar,General Physician,1,3150,2100,2100,1,0
Bangalore,Rajajinagar,General Physician,6,3150,2100,2100,1,1
Bangalore,Rajajinagar,Urologist,1,11550,4305,4305,1,1
Bangalore,Rajajinagar,Urologist,6,9450,2153,2153,1,1
Bangalore,Rajajinagar,ENT,1,9450,8190,8190,1,1
Bangalore,Rajajinagar,ENT,6,5250,4095,4095,1,1
Bangalore,Rajajinagar,General Dentistry,1,8800,6270,6270,1,0
Bangalore,Rajajinagar,General Dentistry,6,6600,3135,3135,1,0
Bangalore,Rajajinagar,Pulmonologist,1,5000,2000,2000,1,0
Bangalore,Rajajinagar,Pulmonologist,6,3000,2000,2000,1,1
Bangalore,Rajajinagar,Cardiologist,1,5250,2100,2100,1,1
Bangalore,Rajajinagar,Cardiologist,6,3000,2000,2000,1,1
Bangalore,Rajajinagar,General Surgeon,1,10000,2000,2000,1,1
Bangalore,Rajajinagar,General Surgeon,6,9000,2000,2000,1,1
Bangalore,Rajajinagar,General Psychiatry,1,6300,2100,2100,1,0
Bangalore,Rajajinagar,General Psychiatry,6,3150,2100,2100,1,1
Bangalore,Rajajinagar,General Gynecology,1,20900,13200,13200,1,0
Bangalore,Rajajinagar,General Gynecology,6,15400,6600,6600,1,0
Bangalore,Rajajinagar,General Alt Medicine,1,6000,2200,2200,1,0
Bangalore,Rajajinagar,General Alt Medicine,6,5000,2000,2000,1,0
Bangalore,Rajajinagar,General Pediatrics,1,3000,2000,2000,1,1
Bangalore,Rajajinagar,General Pediatrics,6,3000,2000,2000,1,1
Bangalore,Rajajinagar,Orthopaedics,1,11550,11025,11025,6,6
Bangalore,Rajajinagar,Orthopaedics,6,9450,5513,5513,6,6
Bangalore,Yelahanka,General Dermatology,1,37400,5830,5830,1,0
Bangalore,Yelahanka,General Dermatology,6,27300,2783,2783,1,1
Bangalore,Yelahanka,Neurologist,1,9450,9450,9450,5,5
Bangalore,Yelahanka,Neurologist,6,5250,4725,4725,5,5
Bangalore,Yelahanka,Sexologist,1,5500,2200,2200,1,0
Bangalore,Yelahanka,Sexologist,6,3300,2200,2200,1,1
Bangalore,Yelahanka,Physiotherapist,1,6600,2200,2200,1,1
Bangalore,Yelahanka,Physiotherapist,6,3150,2100,2100,1,1
Bangalore,Yelahanka,Hair Transplant,1,10000,2000,2000,1,1
Bangalore,Yelahanka,Hair Transplant,6,10000,2000,2000,1,1
Bangalore,Yelahanka,Endocrinologist,1,9450,2100,2100,1,0
Bangalore,Yelahanka,Endocrinologist,6,5250,2100,2100,1,0
Bangalore,Yelahanka,Gastroenterologist,1,12100,11550,11550,2,2
Bangalore,Yelahanka,Gastroenterologist,6,6300,5513,5513,2,2
Bangalore,Yelahanka,General Physician,1,14700,4725,4725,1,1
Bangalore,Yelahanka,General Physician,6,11550,2363,2363,1,1
Bangalore,Yelahanka,Urologist,1,6600,3300,3300,1,0
Bangalore,Yelahanka,Urologist,6,5250,2100,2100,1,1
Bangalore,Yelahanka,ENT,1,16800,15540,15540,1,1
Bangalore,Yelahanka,ENT,6,8400,7770,7770,1,1
Bangalore,Yelahanka,General Dentistry,1,13200,13200,13200,3,0
Bangalore,Yelahanka,General Dentistry,6,9900,6600,6600,3,0
Bangalore,Yelahanka,Oncologist,1,8000,7500,7500,2,2
Bangalore,Yelahanka,Oncologist,6,5250,3938,3938,2,2
Bangalore,Yelahanka,Pulmonologist,1,6300,2100,2100,1,1
Bangalore,Yelahanka,Pulmonologist,6,5250,2100,2100,1,1
Bangalore,Yelahanka,Cardiologist,1,13200,2200,2200,1,0
Bangalore,Yelahanka,Cardiologist,6,6300,2100,2100,1,1
Bangalore,Yelahanka,General Surgeon,1,105000,2100,2100,1,1
Bangalore,Yelahanka,General Psychiatry,1,22000,21450,21450,3,0
Bangalore,Yelahanka,General Psychiatry,6,16800,10238,10238,3,3
Bangalore,Yelahanka,Audiologist,1,3000,2000,2000,1,1
Bangalore,Yelahanka,Audiologist,6,3000,2000,2000,1,1
Bangalore,Yelahanka,Speech Therapist,1,3000,3000,3000,1,1
Bangalore,Yelahanka,Speech Therapist,6,3000,2000,2000,1,1
Bangalore,Yelahanka,General Gynecology,1,20900,19800,19800,3,1
Bangalore,Yelahanka,General Gynecology,6,9450,9450,9450,3,1
Bangalore,Yelahanka,General Alt Medicine,1,6600,2200,2200,1,1
Bangalore,Yelahanka,General Alt Medicine,6,5250,2100,2100,1,1
Bangalore,Yelahanka,General Pediatrics,1,23100,3045,3045,1,0
Bangalore,Yelahanka,General Pediatrics,6,18700,2200,2200,1,1
Bangalore,Yelahanka,General Ophthalmology,1,12600,12600,12600,2,1
Bangalore,Yelahanka,General Ophthalmology,6,9450,6300,6300,2,2
Bangalore,Yelahanka,Orthopaedics,1,14700,14175,14175,2,1
Bangalore,Yelahanka,Orthopaedics,6,11550,7088,7088,2,2
Bangalore,Yelahanka,Homeopathy,1,8800,2200,2200,1,1
Bangalore,Yelahanka,Homeopathy,6,6300,2100,2100,1,1
Bangalore,shivajinagar + MG Road,General Dermatology,1,17600,16500,16500,1,1
Bangalore,shivajinagar + MG Road,General Dermatology,6,13200,8250,8250,1,1
Bangalore,shivajinagar + MG Road,Neurologist,1,5250,4725,4725,6,6
Bangalore,shivajinagar + MG Road,Neurologist,6,3150,2363,2363,6,6
Bangalore,shivajinagar + MG Road,Sexologist,1,3000,2000,2000,1,1
Bangalore,shivajinagar + MG Road,Sexologist,6,3000,2000,2000,1,1
Bangalore,shivajinagar + MG Road,Hair Transplant,1,8000,2000,2000,1,1
Bangalore,shivajinagar + MG Road,Hair Transplant,6,6000,2000,2000,1,1
Bangalore,shivajinagar + MG Road,Dietitian,1,8400,2205,2205,2,0
Bangalore,shivajinagar + MG Road,Dietitian,6,6300,2100,2100,1,1
Bangalore,shivajinagar + MG Road,Gastroenterologist,1,8000,7500,7500,1,1
Bangalore,shivajinagar + MG Road,Gastroenterologist,6,5000,3750,3750,1,1
Bangalore,shivajinagar + MG Road,General Physician,1,8400,7875,7875,2,1
Bangalore,shivajinagar + MG Road,General Physician,6,5250,3938,3938,2,2
Bangalore,shivajinagar + MG Road,ENT,1,10000,10000,10000,1,1
Bangalore,shivajinagar + MG Road,ENT,6,9000,5050,5050,1,1
Bangalore,shivajinagar + MG Road,General Dentistry,1,13200,7370,7370,2,0
Bangalore,shivajinagar + MG Road,General Dentistry,6,9900,3685,3685,1,0
Bangalore,shivajinagar + MG Road,Pulmonologist,1,9000,9000,9000,6,6
Bangalore,shivajinagar + MG Road,Pulmonologist,6,5000,4500,4500,6,6
Bangalore,shivajinagar + MG Road,Cardiologist,1,0,0,0,1,1
Bangalore,shivajinagar + MG Road,General Psychiatry,1,9450,9450,9450,1,0
Bangalore,shivajinagar + MG Road,General Psychiatry,6,8400,4725,4725,1,0
Bangalore,shivajinagar + MG Road,General Gynecology,1,20000,20000,20000,1,1
Bangalore,shivajinagar + MG Road,General Gynecology,6,16800,12128,12128,1,1
Bangalore,shivajinagar + MG Road,General Pediatrics,1,8000,2000,2000,1,1
Bangalore,shivajinagar + MG Road,General Pediatrics,6,5000,2000,2000,1,1
Bangalore,shivajinagar + MG Road,Orthopaedics,1,6300,8400,8400,6,5
Bangalore,shivajinagar + MG Road,Orthopaedics,6,5250,4200,4200,6,6
Bangalore,shivajinagar + MG Road,Homeopathy,1,10000,2000,2000,1,0
Bangalore,shivajinagar + MG Road,Homeopathy,6,9000,2000,2000,1,1
Bangalore,Malleswaram,General Dermatology,1,11550,2100,2100,1,1
Bangalore,Malleswaram,General Dermatology,6,9450,2100,2100,1,1
Bangalore,Malleswaram,Neurologist,1,8400,7875,7875,6,5
Bangalore,Malleswaram,Neurologist,6,5250,3938,3938,6,6
Bangalore,Malleswaram,Physiotherapist,1,6000,3000,3000,1,0
Bangalore,Malleswaram,Hair Transplant,1,10000,2000,2000,1,1
Bangalore,Malleswaram,Hair Transplant,6,9000,2000,2000,1,1
Bangalore,Malleswaram,Endocrinologist,1,5000,2000,2000,1,1
Bangalore,Malleswaram,Endocrinologist,6,5000,2000,2000,1,1
Bangalore,Malleswaram,Gastroenterologist,1,9000,9000,9000,5,5
Bangalore,Malleswaram,Gastroenterologist,6,5000,4500,4500,5,5
Bangalore,Malleswaram,General Physician,1,8400,7875,7875,1,1
Bangalore,Malleswaram,General Physician,6,5250,3938,3938,1,1
Bangalore,Malleswaram,ENT,1,8400,7875,7875,3,3
Bangalore,Malleswaram,ENT,6,6300,3938,3938,3,3
Bangalore,Malleswaram,General Dentistry,1,20900,2200,2200,1,0
Bangalore,Malleswaram,General Dentistry,6,15400,2200,2200,1,0
Bangalore,Malleswaram,Cardiologist,1,9000,9000,9000,5,5
Bangalore,Malleswaram,Cardiologist,6,5000,4500,4500,5,5
Bangalore,Malleswaram,General Psychiatry,1,6300,3255,3255,1,0
Bangalore,Malleswaram,General Psychiatry,6,3150,2100,2100,1,1
Bangalore,Malleswaram,General Gynecology,1,20000,20000,20000,1,1
Bangalore,Malleswaram,General Gynecology,6,11550,11025,11025,1,1
Bangalore,Malleswaram,General Alt Medicine,1,6000,2300,2300,1,1
Bangalore,Malleswaram,General Alt Medicine,6,5000,2000,2000,1,1
Bangalore,Malleswaram,General Pediatrics,1,8000,2000,2000,1,1
Bangalore,Malleswaram,General Pediatrics,6,5000,2000,2000,1,1
Bangalore,Malleswaram,Orthopaedics,1,10000,10000,10000,1,1
Bangalore,Malleswaram,Orthopaedics,6,10000,8250,8250,1,1
Bangalore,Banaswadi,General Dermatology,1,24200,15400,15400,1,0
Bangalore,Banaswadi,General Dermatology,6,17850,7350,7350,1,1
Bangalore,Banaswadi,Neurologist,1,8400,2100,2100,1,1
Bangalore,Banaswadi,Neurologist,6,5250,2100,2100,1,1
Bangalore,Banaswadi,Sexologist,1,8400,2100,2100,1,1
Bangalore,Banaswadi,Sexologist,6,6000,2000,2000,1,1
Bangalore,Banaswadi,Physiotherapist,1,8400,7875,7875,2,0
Bangalore,Banaswadi,Physiotherapist,6,6000,3750,3750,1,1
Bangalore,Banaswadi,Dietitian,1,8400,2100,2100,1,1
Bangalore,Banaswadi,Dietitian,6,6300,2100,2100,1,1
Bangalore,Banaswadi,Endocrinologist,1,6300,2100,2100,1,1
Bangalore,Banaswadi,Endocrinologist,6,3150,2100,2100,1,1
Bangalore,Banaswadi,Gastroenterologist,1,6600,2200,2200,1,0
Bangalore,Banaswadi,Gastroenterologist,6,3150,2100,2100,1,1
Bangalore,Banaswadi,General Physician,1,6600,6600,6600,2,1
Bangalore,Banaswadi,General Physician,6,3300,3300,3300,2,2
Bangalore,Banaswadi,Urologist,1,6000,2000,2000,1,1
Bangalore,Banaswadi,Urologist,6,3000,2000,2000,1,1
Bangalore,Banaswadi,ENT,1,20000,2100,2100,1,1
Bangalore,Banaswadi,ENT,6,16800,2100,2100,1,1
Bangalore,Banaswadi,General Dentistry,1,24200,20900,20900,3,1
Bangalore,Banaswadi,General Dentistry,6,18700,10450,10450,3,0
Bangalore,Banaswadi,Oncologist,1,10000,2000,2000,1,1
Bangalore,Banaswadi,Oncologist,6,10000,2000,2000,1,1
Bangalore,Banaswadi,Pulmonologist,1,3000,3000,3000,2,2
Bangalore,Banaswadi,Pulmonologist,6,3000,2000,2000,2,2
Bangalore,Banaswadi,Cardiologist,1,5000,3300,3300,1,1
Bangalore,Banaswadi,Cardiologist,6,3000,2000,2000,1,1
Bangalore,Banaswadi,General Surgeon,1,105000,2100,2100,1,1
Bangalore,Banaswadi,General Surgeon,6,3000,2000,2000,1,1
Bangalore,Banaswadi,General Psychiatry,1,5500,3630,3630,1,1
Bangalore,Banaswadi,General Psychiatry,6,3300,2200,2200,1,0
Bangalore,Banaswadi,General Gynecology,1,20000,16065,16065,1,0
Bangalore,Banaswadi,General Gynecology,6,20000,8033,8033,1,0
Bangalore,Banaswadi,General Alt Medicine,1,3000,2000,2000,1,1
Bangalore,Banaswadi,General Alt Medicine,6,3000,2000,2000,1,1
Bangalore,Banaswadi,General Pediatrics,1,16800,3780,3780,2,1
Bangalore,Banaswadi,General Pediatrics,6,12600,2100,2100,1,1
Bangalore,Banaswadi,General Ophthalmology,1,6300,2100,2100,1,1
Bangalore,Banaswadi,General Ophthalmology,6,3000,2000,2000,1,1
Bangalore,Banaswadi,Orthopaedics,1,17600,16500,16500,2,1
Bangalore,Banaswadi,Orthopaedics,6,12600,7875,7875,2,2
Bangalore,HSR Layout,General Dermatology,1,44000,50974,50974,5,1
Bangalore,HSR Layout,General Dermatology,6,30000,24329,24329,5,5
Bangalore,HSR Layout,Neurologist,1,9450,9450,9450,6,4
Bangalore,HSR Layout,Neurologist,6,5250,4725,4725,6,6
Bangalore,HSR Layout,Sexologist,1,10000,2000,2000,1,0
Bangalore,HSR Layout,Sexologist,6,9450,2100,2100,1,1
Bangalore,HSR Layout,Physiotherapist,1,22000,21450,21450,5,1
Bangalore,HSR Layout,Physiotherapist,6,16800,10238,10238,3,3
Bangalore,HSR Layout,Hair Transplant,1,29400,2100,2100,1,0
Bangalore,HSR Layout,Hair Transplant,6,14700,2100,2100,1,1
Bangalore,HSR Layout,Dietitian,1,8400,3675,3675,1,0
Bangalore,HSR Layout,Dietitian,6,6300,2100,2100,1,0
Bangalore,HSR Layout,Endocrinologist,1,22000,4840,4840,1,0
Bangalore,HSR Layout,Endocrinologist,6,17600,2420,2420,1,1
Bangalore,HSR Layout,Gastroenterologist,1,34100,32912,32912,5,3
Bangalore,HSR Layout,Gastroenterologist,6,24150,15708,15708,5,5
Bangalore,HSR Layout,General Physician,1,23100,29400,29400,3,0
Bangalore,HSR Layout,General Physician,6,17850,14700,14700,3,3
Bangalore,HSR Layout,Urologist,1,20000,20000,20000,6,4
Bangalore,HSR Layout,Urologist,6,17850,14700,14700,6,6
Bangalore,HSR Layout,ENT,1,17850,15750,15750,6,2
Bangalore,HSR Layout,ENT,6,9450,7875,7875,6,6
Bangalore,HSR Layout,General Dentistry,1,39600,35530,35530,5,2
Bangalore,HSR Layout,General Dentistry,6,30800,17765,17765,5,1
Bangalore,HSR Layout,Oncologist,1,5000,4500,4500,2,1
Bangalore,HSR Layout,Oncologist,6,3000,2250,2250,2,2
Bangalore,HSR Layout,Cosmetic/Plastic Surgeon,1,105000,5250,5250,1,0
Bangalore,HSR Layout,Pulmonologist,1,12600,12600,12600,6,5
Bangalore,HSR Layout,Pulmonologist,6,9450,6300,6300,6,6
Bangalore,HSR Layout,Cardiologist,1,17850,17325,17325,6,3
Bangalore,HSR Layout,Cardiologist,6,14700,8663,8663,6,6
Bangalore,HSR Layout,Nephrologist,1,3000,3000,3000,2,2
Bangalore,HSR Layout,Nephrologist,6,3000,2000,2000,2,2
Bangalore,HSR Layout,General Surgeon,1,10000,10000,10000,6,6
Bangalore,HSR Layout,General Surgeon,6,10000,7500,7500,6,6
Bangalore,HSR Layout,General Psychiatry,1,22000,28600,28600,4,0
Bangalore,HSR Layout,General Psychiatry,6,16800,13650,13650,4,3
Bangalore,HSR Layout,General Gynecology,1,56100,45100,45100,5,2
Bangalore,HSR Layout,General Gynecology,6,30000,21525,21525,5,5
Bangalore,HSR Layout,General Alt Medicine,1,5250,3150,3150,1,0
Bangalore,HSR Layout,General Alt Medicine,6,5250,2100,2100,1,1
Bangalore,HSR Layout,General Pediatrics,1,24200,19525,19525,2,0
Bangalore,HSR Layout,General Pediatrics,6,17850,9319,9319,2,2
Bangalore,HSR Layout,General Ophthalmology,1,20000,20000,20000,5,5
Bangalore,HSR Layout,General Ophthalmology,6,20000,14175,14175,5,5
Bangalore,HSR Layout,Orthopaedics,1,30000,30000,30000,6,2
Bangalore,HSR Layout,Orthopaedics,6,30000,27300,27300,6,6
Bangalore,HSR Layout,Homeopathy,1,6300,6300,6300,2,0
Bangalore,HSR Layout,Homeopathy,6,5000,3000,3000,2,2
Bangalore,Hebbal + HBR layout,General Dermatology,1,34100,33000,33000,3,0
Bangalore,Hebbal + HBR layout,General Dermatology,6,24150,15750,15750,3,3
Bangalore,Hebbal + HBR layout,Neurologist,1,12600,12600,12600,6,6
Bangalore,Hebbal + HBR layout,Neurologist,6,6300,6300,6300,6,6
Bangalore,Hebbal + HBR layout,Sexologist,1,8000,6000,6000,1,1
Bangalore,Hebbal + HBR layout,Sexologist,6,6000,3000,3000,1,1
Bangalore,Hebbal + HBR layout,Physiotherapist,1,17600,22000,22000,1,0
Bangalore,Hebbal + HBR layout,Physiotherapist,6,12600,10500,10500,1,0
Bangalore,Hebbal + HBR layout,Hair Transplant,1,10000,2000,2000,1,1
Bangalore,Hebbal + HBR layout,Hair Transplant,6,17850,2100,2100,1,1
Bangalore,Hebbal + HBR layout,Dietitian,1,8400,2100,2100,1,0
Bangalore,Hebbal + HBR layout,Dietitian,6,6300,2100,2100,1,0
Bangalore,Hebbal + HBR layout,Endocrinologist,1,8400,6405,6405,1,1
Bangalore,Hebbal + HBR layout,Endocrinologist,6,6300,3203,3203,1,1
Bangalore,Hebbal + HBR layout,Gastroenterologist,1,26250,25200,25200,5,5
Bangalore,Hebbal + HBR layout,Gastroenterologist,6,12600,12600,12600,5,5
Bangalore,Hebbal + HBR layout,General Physician,1,9450,9450,9450,1,1
Bangalore,Hebbal + HBR layout,General Physician,6,5250,4725,4725,1,1
Bangalore,Hebbal + HBR layout,Urologist,1,11550,7875,7875,4,4
Bangalore,Hebbal + HBR layout,Urologist,6,9450,3938,3938,4,4
Bangalore,Hebbal + HBR layout,ENT,1,30000,30000,30000,3,3
Bangalore,Hebbal + HBR layout,ENT,6,29400,17903,17903,3,3
Bangalore,Hebbal + HBR layout,General Dentistry,1,27500,26400,26400,6,1
Bangalore,Hebbal + HBR layout,General Dentistry,6,20900,13200,13200,3,0
Bangalore,Hebbal + HBR layout,Oncologist,1,10000,9000,9000,5,5
Bangalore,Hebbal + HBR layout,Oncologist,6,10000,4500,4500,5,5
Bangalore,Hebbal + HBR layout,Pulmonologist,1,12600,16800,16800,6,6
Bangalore,Hebbal + HBR layout,Pulmonologist,6,9450,8400,8400,6,6
Bangalore,Hebbal + HBR layout,Cardiologist,1,8400,7875,7875,6,4
Bangalore,Hebbal + HBR layout,Cardiologist,6,5250,3938,3938,6,6
Bangalore,Hebbal + HBR layout,Nephrologist,1,3000,3000,3000,2,2
Bangalore,Hebbal + HBR layout,Nephrologist,6,3000,2000,2000,2,2
Bangalore,Hebbal + HBR layout,General Surgeon,1,105000,8400,8400,1,1
Bangalore,Hebbal + HBR layout,General Psychiatry,1,24200,30800,30800,2,1
Bangalore,Hebbal + HBR layout,General Psychiatry,6,18700,15400,15400,2,0
Bangalore,Hebbal + HBR layout,General Gynecology,1,34100,33000,33000,4,1
Bangalore,Hebbal + HBR layout,General Gynecology,6,24150,15750,15750,6,5
Bangalore,Hebbal + HBR layout,General Alt Medicine,1,5250,2100,2100,1,0
Bangalore,Hebbal + HBR layout,General Alt Medicine,6,5000,2000,2000,1,0
Bangalore,Hebbal + HBR layout,General Pediatrics,1,27300,26775,26775,2,1
Bangalore,Hebbal + HBR layout,General Pediatrics,6,21000,13388,13388,1,1
Bangalore,Hebbal + HBR layout,General Ophthalmology,1,11550,3990,3990,1,0
Bangalore,Hebbal + HBR layout,General Ophthalmology,6,9450,2100,2100,1,1
Bangalore,Hebbal + HBR layout,Orthopaedics,1,15400,19800,19800,6,3
Bangalore,Hebbal + HBR layout,Orthopaedics,6,11550,9450,9450,6,6
Bangalore,Hebbal + HBR layout,Homeopathy,1,10000,2000,2000,1,1
Bangalore,Hebbal + HBR layout,Homeopathy,6,9000,2000,2000,1,1
Bangalore,Majestic,General Dermatology,1,3150,3150,3150,1,0
Bangalore,Majestic,General Dermatology,6,3000,2000,2000,1,1
Bangalore,Majestic,Physiotherapist,1,6000,3000,3000,1,1
Bangalore,Majestic,General Physician,1,5000,2000,2000,1,1
Bangalore,Majestic,General Physician,6,3000,2000,2000,1,1
Bangalore,Majestic,ENT,1,3000,2000,2000,1,1
Bangalore,Majestic,ENT,6,3000,2000,2000,1,1
Bangalore,Majestic,General Dentistry,1,5250,3255,3255,1,0
Bangalore,Majestic,General Dentistry,6,5250,2100,2100,1,1
Bangalore,Majestic,General Psychiatry,1,6000,3000,3000,1,0
Bangalore,Majestic,General Gynecology,1,10000,2000,2000,1,0
Bangalore,Majestic,General Gynecology,6,9000,2000,2000,1,1
Bangalore,Majestic,General Pediatrics,1,8000,2000,2000,1,1
Bangalore,Majestic,General Pediatrics,6,5000,2000,2000,1,1
Bangalore,JP Nagar,General Dermatology,1,24200,30800,30800,3,2
Bangalore,JP Nagar,General Dermatology,6,17850,14700,14700,3,3
Bangalore,JP Nagar,Neurologist,1,8800,8250,8250,6,4
Bangalore,JP Nagar,Neurologist,6,5250,3938,3938,6,6
Bangalore,JP Nagar,Sexologist,1,6300,2100,2100,1,0
Bangalore,JP Nagar,Sexologist,6,5000,2000,2000,1,1
Bangalore,JP Nagar,Physiotherapist,1,14700,18900,18900,1,1
Bangalore,JP Nagar,Physiotherapist,6,10000,9000,9000,1,1
Bangalore,JP Nagar,Hair Transplant,1,8400,2100,2100,1,1
Bangalore,JP Nagar,Hair Transplant,6,6300,2100,2100,1,1
Bangalore,JP Nagar,Dietitian,1,6300,2940,2940,1,0
Bangalore,JP Nagar,Dietitian,6,5250,2100,2100,1,0
Bangalore,JP Nagar,Endocrinologist,1,20900,14960,14960,1,0
Bangalore,JP Nagar,Endocrinologist,6,14700,7140,7140,1,0
Bangalore,JP Nagar,Gastroenterologist,1,20000,20000,20000,3,2
Bangalore,JP Nagar,Gastroenterologist,6,14700,13388,13388,3,3
Bangalore,JP Nagar,General Physician,1,27300,19740,19740,1,0
Bangalore,JP Nagar,General Physician,6,21000,9870,9870,1,1
Bangalore,JP Nagar,Urologist,1,10000,10000,10000,3,3
Bangalore,JP Nagar,Urologist,6,9000,7000,7000,3,3
Bangalore,JP Nagar,ENT,1,14700,14175,14175,3,2
Bangalore,JP Nagar,ENT,6,8400,7088,7088,3,3
Bangalore,JP Nagar,General Dentistry,1,51700,32065,32065,2,0
Bangalore,JP Nagar,General Dentistry,6,39600,16033,16033,2,1
Bangalore,JP Nagar,Oncologist,1,10000,10000,10000,4,4
Bangalore,JP Nagar,Oncologist,6,6000,5250,5250,4,4
Bangalore,JP Nagar,Cosmetic/Plastic Surgeon,1,10000,5900,5900,1,0
Bangalore,JP Nagar,Cosmetic/Plastic Surgeon,6,10000,2950,2950,1,1
Bangalore,JP Nagar,Pulmonologist,1,10000,7500,7500,6,5
Bangalore,JP Nagar,Pulmonologist,6,9000,3750,3750,6,6
Bangalore,JP Nagar,Cardiologist,1,9000,10000,10000,6,5
Bangalore,JP Nagar,Cardiologist,6,5000,6000,6000,6,6
Bangalore,JP Nagar,Nephrologist,1,3000,3000,3000,2,2
Bangalore,JP Nagar,Nephrologist,6,3000,2000,2000,2,2
Bangalore,JP Nagar,General Surgeon,1,10000,10000,10000,5,5
Bangalore,JP Nagar,General Surgeon,6,6000,8000,8000,5,5
Bangalore,JP Nagar,General Psychiatry,1,22000,21450,21450,2,0
Bangalore,JP Nagar,General Psychiatry,6,16800,10238,10238,2,2
Bangalore,JP Nagar,General Gynecology,1,42900,30066,30066,2,0
Bangalore,JP Nagar,General Gynecology,6,30000,14350,14350,3,2
Bangalore,JP Nagar,General Alt Medicine,1,6300,6300,6300,2,1
Bangalore,JP Nagar,General Alt Medicine,6,5000,3000,3000,2,1
Bangalore,JP Nagar,General Pediatrics,1,8400,10500,10500,2,0
Bangalore,JP Nagar,General Pediatrics,6,5250,5250,5250,2,2
Bangalore,JP Nagar,General Ophthalmology,1,9000,9000,9000,2,2
Bangalore,JP Nagar,General Ophthalmology,6,8000,4500,4500,2,2
Bangalore,JP Nagar,Orthopaedics,1,20000,20000,20000,4,4
Bangalore,JP Nagar,Orthopaedics,6,12600,16800,16800,4,4
Bangalore,JP Nagar,Homeopathy,1,14700,2100,2100,1,1
Bangalore,JP Nagar,Homeopathy,6,11550,2100,2100,1,0
Bangalore,Jayanagar,General Dermatology,1,36300,39215,39215,2,1
Bangalore,Jayanagar,General Dermatology,6,26250,18716,18716,2,2
Bangalore,Jayanagar,Neurologist,1,8400,7875,7875,6,6
Bangalore,Jayanagar,Neurologist,6,5250,3938,3938,6,6
Bangalore,Jayanagar,Sexologist,1,8400,2100,2100,1,1
Bangalore,Jayanagar,Sexologist,6,6000,2000,2000,1,1
Bangalore,Jayanagar,Physiotherapist,1,6000,6000,6000,2,1
Bangalore,Jayanagar,Physiotherapist,6,5250,3150,3150,2,1
Bangalore,Jayanagar,Hair Transplant,1,14700,2100,2100,1,0
Bangalore,Jayanagar,Hair Transplant,6,11550,2100,2100,1,1
Bangalore,Jayanagar,Dietitian,1,3150,2100,2100,1,0
Bangalore,Jayanagar,Dietitian,6,3150,2100,2100,1,0
Bangalore,Jayanagar,Endocrinologist,1,8400,7875,7875,4,4
Bangalore,Jayanagar,Endocrinologist,6,6300,3938,3938,4,4
Bangalore,Jayanagar,Gastroenterologist,1,9450,9450,9450,6,4
Bangalore,Jayanagar,Gastroenterologist,6,8400,4725,4725,6,6
Bangalore,Jayanagar,General Physician,1,6300,6300,6300,3,3
Bangalore,Jayanagar,General Physician,6,3150,3150,3150,3,3
Bangalore,Jayanagar,Urologist,1,10000,10000,10000,6,5
Bangalore,Jayanagar,Urologist,6,9000,5250,5250,6,6
Bangalore,Jayanagar,ENT,1,9450,9450,9450,6,6
Bangalore,Jayanagar,ENT,6,5250,4725,4725,6,6
Bangalore,Jayanagar,General Dentistry,1,28600,28050,28050,2,0
Bangalore,Jayanagar,General Dentistry,6,22000,14025,14025,1,0
Bangalore,Jayanagar,Cosmetic/Plastic Surgeon,1,14700,2100,2100,1,0
Bangalore,Jayanagar,Cosmetic/Plastic Surgeon,6,10000,2000,2000,1,0
Bangalore,Jayanagar,Pulmonologist,1,3000,3000,3000,6,5
Bangalore,Jayanagar,Pulmonologist,6,3000,2000,2000,6,6
Bangalore,Jayanagar,Cardiologist,1,8000,10000,10000,5,5
Bangalore,Jayanagar,Cardiologist,6,5000,5000,5000,5,5
Bangalore,Jayanagar,General Surgeon,1,9000,10000,10000,5,5
Bangalore,Jayanagar,General Surgeon,6,5000,6000,6000,5,5
Bangalore,Jayanagar,General Psychiatry,1,20000,20000,20000,4,4
Bangalore,Jayanagar,General Psychiatry,6,16800,10238,10238,4,4
Bangalore,Jayanagar,General Gynecology,1,34100,28636,28636,2,0
Bangalore,Jayanagar,General Gynecology,6,24150,13668,13668,3,2
Bangalore,Jayanagar,General Alt Medicine,1,6300,2100,2100,1,1
Bangalore,Jayanagar,General Alt Medicine,6,5000,2000,2000,1,0
Bangalore,Jayanagar,General Pediatrics,1,8400,7875,7875,2,2
Bangalore,Jayanagar,General Pediatrics,6,5250,3938,3938,2,2
Bangalore,Jayanagar,General Ophthalmology,1,5000,4500,4500,2,2
Bangalore,Jayanagar,General Ophthalmology,6,3000,2250,2250,2,2
Bangalore,Jayanagar,Orthopaedics,1,17600,22000,22000,5,3
Bangalore,Jayanagar,Orthopaedics,6,8400,10500,10500,5,5
Bangalore,Jayanagar,Homeopathy,1,8000,2000,2000,1,1
Bangalore,Jayanagar,Homeopathy,6,6000,2000,2000,1,1
Bangalore,Banashankari + RR Nagar,General Dermatology,1,34100,9020,9020,1,1
Bangalore,Banashankari + RR Nagar,General Dermatology,6,24150,4305,4305,1,1
Bangalore,Banashankari + RR Nagar,Neurologist,1,9450,9450,9450,4,3
Bangalore,Banashankari + RR Nagar,Neurologist,6,5250,4725,4725,4,4
Bangalore,Banashankari + RR Nagar,Sexologist,1,5250,4725,4725,1,0
Bangalore,Banashankari + RR Nagar,Sexologist,6,5250,2363,2363,1,1
Bangalore,Banashankari + RR Nagar,Physiotherapist,1,6600,3630,3630,1,1
Bangalore,Banashankari + RR Nagar,Physiotherapist,6,3300,2200,2200,1,0
Bangalore,Banashankari + RR Nagar,Dietitian,1,6300,2100,2100,1,0
Bangalore,Banashankari + RR Nagar,Dietitian,6,5000,2000,2000,1,1
Bangalore,Banashankari + RR Nagar,Endocrinologist,1,8400,2100,2100,1,0
Bangalore,Banashankari + RR Nagar,Endocrinologist,6,5250,2100,2100,1,1
Bangalore,Banashankari + RR Nagar,Gastroenterologist,1,12600,12600,12600,3,3
Bangalore,Banashankari + RR Nagar,Gastroenterologist,6,6300,6300,6300,3,3
Bangalore,Banashankari + RR Nagar,General Physician,1,9450,12600,12600,3,2
Bangalore,Banashankari + RR Nagar,General Physician,6,5250,6300,6300,3,3
Bangalore,Banashankari + RR Nagar,Urologist,1,16800,5460,5460,1,1
Bangalore,Banashankari + RR Nagar,Urologist,6,12600,2730,2730,1,1
Bangalore,Banashankari + RR Nagar,ENT,1,17850,15750,15750,1,1
Bangalore,Banashankari + RR Nagar,ENT,6,9450,7875,7875,1,1
Bangalore,Banashankari + RR Nagar,General Dentistry,1,24200,12100,12100,2,0
Bangalore,Banashankari + RR Nagar,General Dentistry,6,18700,6050,6050,1,0
Bangalore,Banashankari + RR Nagar,Oncologist,1,9000,10000,10000,1,1
Bangalore,Banashankari + RR Nagar,Oncologist,6,5000,5300,5300,1,1
Bangalore,Banashankari + RR Nagar,Cosmetic/Plastic Surgeon,1,6000,2000,2000,1,0
Bangalore,Banashankari + RR Nagar,Cosmetic/Plastic Surgeon,6,5000,2000,2000,1,0
Bangalore,Banashankari + RR Nagar,Pulmonologist,1,12600,12600,12600,5,4
Bangalore,Banashankari + RR Nagar,Pulmonologist,6,9450,6300,6300,5,5
Bangalore,Banashankari + RR Nagar,Cardiologist,1,11550,11025,11025,3,3
Bangalore,Banashankari + RR Nagar,Cardiologist,6,6300,5513,5513,3,3
Bangalore,Banashankari + RR Nagar,General Psychiatry,1,14700,9975,9975,1,0
Bangalore,Banashankari + RR Nagar,General Psychiatry,6,11550,4988,4988,1,1
Bangalore,Banashankari + RR Nagar,General Gynecology,1,25300,33000,33000,2,0
Bangalore,Banashankari + RR Nagar,General Gynecology,6,19950,15750,15750,2,1
Bangalore,Banashankari + RR Nagar,General Alt Medicine,1,5500,3300,3300,1,0
Bangalore,Banashankari + RR Nagar,General Alt Medicine,6,5250,2100,2100,1,1
Bangalore,Banashankari + RR Nagar,General Pediatrics,1,8400,5880,5880,1,1
Bangalore,Banashankari + RR Nagar,General Pediatrics,6,5250,2940,2940,1,1
Bangalore,Banashankari + RR Nagar,General Ophthalmology,1,6000,6000,6000,2,1
Bangalore,Banashankari + RR Nagar,General Ophthalmology,6,3000,3000,3000,2,2
Bangalore,Banashankari + RR Nagar,Orthopaedics,1,16800,21000,21000,1,0
Bangalore,Banashankari + RR Nagar,Orthopaedics,6,12600,10500,10500,1,1
Bangalore,BTM Layout,General Dermatology,1,28600,26620,26620,1,0
Bangalore,BTM Layout,General Dermatology,6,20000,12705,12705,1,0
Bangalore,BTM Layout,Neurologist,1,6300,2100,2100,1,0
Bangalore,BTM Layout,Neurologist,6,5000,2000,2000,1,1
Bangalore,BTM Layout,Sexologist,1,5250,2100,2100,1,0
Bangalore,BTM Layout,Sexologist,6,5000,2000,2000,1,1
Bangalore,BTM Layout,Physiotherapist,1,8400,7875,7875,1,0
Bangalore,BTM Layout,Physiotherapist,6,6300,3938,3938,1,0
Bangalore,BTM Layout,Hair Transplant,1,16800,2100,2100,1,1
Bangalore,BTM Layout,Hair Transplant,6,10000,2000,2000,1,1
Bangalore,BTM Layout,Dietitian,1,11550,2100,2100,1,0
Bangalore,BTM Layout,Dietitian,6,9000,2000,2000,1,1
Bangalore,BTM Layout,Endocrinologist,1,8400,2100,2100,1,0
Bangalore,BTM Layout,Endocrinologist,6,6000,2000,2000,1,1
Bangalore,BTM Layout,Gastroenterologist,1,11550,2310,2310,1,0
Bangalore,BTM Layout,Gastroenterologist,6,9000,2000,2000,1,1
Bangalore,BTM Layout,General Physician,1,9450,9450,9450,1,1
Bangalore,BTM Layout,General Physician,6,5250,4725,4725,1,1
Bangalore,BTM Layout,Urologist,1,8000,7500,7500,6,6
Bangalore,BTM Layout,Urologist,6,6000,3750,3750,6,6
Bangalore,BTM Layout,ENT,1,8800,2200,2200,1,1
Bangalore,BTM Layout,ENT,6,5250,2100,2100,1,1
Bangalore,BTM Layout,General Dentistry,1,28600,28050,28050,1,0
Bangalore,BTM Layout,General Dentistry,6,14700,13388,13388,1,0
Bangalore,BTM Layout,Cosmetic/Plastic Surgeon,1,14700,2100,2100,2,1
Bangalore,BTM Layout,Pulmonologist,1,8000,2000,2000,1,0
Bangalore,BTM Layout,Pulmonologist,6,5000,2000,2000,1,1
Bangalore,BTM Layout,Cardiologist,1,6300,2100,2100,1,0
Bangalore,BTM Layout,Cardiologist,6,5000,2000,2000,1,1
Bangalore,BTM Layout,General Psychiatry,1,11550,11025,11025,1,0
Bangalore,BTM Layout,General Psychiatry,6,9000,5250,5250,1,1
Bangalore,BTM Layout,General Gynecology,1,20000,20000,20000,2,0
Bangalore,BTM Layout,General Gynecology,6,20000,13178,13178,3,3
Bangalore,BTM Layout,General Alt Medicine,1,6300,2100,2100,1,1
Bangalore,BTM Layout,General Alt Medicine,6,5000,2000,2000,1,1
Bangalore,BTM Layout,General Pediatrics,1,10000,2000,2000,1,0
Bangalore,BTM Layout,General Pediatrics,6,10000,2000,2000,1,1
Bangalore,BTM Layout,General Ophthalmology,1,8000,7500,7500,5,5
Bangalore,BTM Layout,General Ophthalmology,6,6000,3750,3750,5,5
Bangalore,BTM Layout,Orthopaedics,1,18700,24200,24200,2,2
Bangalore,BTM Layout,Orthopaedics,6,14700,11550,11550,2,2
Bangalore,BTM Layout,Homeopathy,1,10000,2000,2000,1,1
Bangalore,BTM Layout,Homeopathy,6,9000,2000,2000,1,0
Bangalore,Koramangala,General Dermatology,1,34100,25410,25410,2,1
Bangalore,Koramangala,General Dermatology,6,25300,12705,12705,2,1
Bangalore,Koramangala,Neurologist,1,9900,2200,2200,1,0
Bangalore,Koramangala,Neurologist,6,5250,2100,2100,1,1
Bangalore,Koramangala,Sexologist,1,12100,2200,2200,1,0
Bangalore,Koramangala,Sexologist,6,9900,2200,2200,1,1
Bangalore,Koramangala,Physiotherapist,1,6600,6600,6600,2,0
Bangalore,Koramangala,Physiotherapist,6,5250,3150,3150,2,2
Bangalore,Koramangala,Hair Transplant,1,16800,2100,2100,1,0
Bangalore,Koramangala,Hair Transplant,6,10000,2000,2000,1,1
Bangalore,Koramangala,Dietitian,1,3150,3150,3150,2,0
Bangalore,Koramangala,Dietitian,6,3150,2100,2100,2,1
Bangalore,Koramangala,Endocrinologist,1,8400,2100,2100,1,0
Bangalore,Koramangala,Endocrinologist,6,6300,2100,2100,1,1
Bangalore,Koramangala,Gastroenterologist,1,11550,11025,11025,2,1
Bangalore,Koramangala,Gastroenterologist,6,9450,5513,5513,2,2
Bangalore,Koramangala,General Physician,1,9450,9450,9450,2,1
Bangalore,Koramangala,General Physician,6,5250,4725,4725,2,2
Bangalore,Koramangala,Urologist,1,14700,2100,2100,1,1
Bangalore,Koramangala,Urologist,6,11550,2100,2100,1,1
Bangalore,Koramangala,ENT,1,17850,15750,15750,5,4
Bangalore,Koramangala,ENT,6,9450,7875,7875,5,5
Bangalore,Koramangala,General Dentistry,1,20900,19800,19800,4,0
Bangalore,Koramangala,General Dentistry,6,15400,9900,9900,4,2
Bangalore,Koramangala,Cosmetic/Plastic Surgeon,1,14700,2100,2100,2,0
Bangalore,Koramangala,Pulmonologist,1,6000,6000,6000,2,2
Bangalore,Koramangala,Pulmonologist,6,5000,3000,3000,2,2
Bangalore,Koramangala,Cardiologist,1,5250,4725,4725,3,2
Bangalore,Koramangala,Cardiologist,6,3150,2363,2363,5,5
Bangalore,Koramangala,General Psychiatry,1,17600,16500,16500,2,1
Bangalore,Koramangala,General Psychiatry,6,12600,7875,7875,2,2
Bangalore,Koramangala,General Gynecology,1,37400,47190,47190,1,0
Bangalore,Koramangala,General Gynecology,6,27300,22523,22523,1,1
Bangalore,Koramangala,General Alt Medicine,1,5250,2100,2100,1,1
Bangalore,Koramangala,General Alt Medicine,6,5000,2000,2000,1,1
Bangalore,Koramangala,General Pediatrics,1,12600,12600,12600,1,0
Bangalore,Koramangala,General Pediatrics,6,9450,6300,6300,1,1
Bangalore,Koramangala,General Ophthalmology,1,9000,9000,9000,2,2
Bangalore,Koramangala,General Ophthalmology,6,5000,4500,4500,2,2
Bangalore,Koramangala,Orthopaedics,1,16800,21000,21000,4,3
Bangalore,Koramangala,Orthopaedics,6,12600,10500,10500,4,4
Bangalore,Koramangala,Homeopathy,1,23100,3255,3255,1,0
Bangalore,Koramangala,Homeopathy,6,10000,2000,2000,1,1
Bangalore,Whitefield,General Dermatology,1,30800,39600,39600,4,3
Bangalore,Whitefield,General Dermatology,6,23100,18900,18900,4,3
Bangalore,Whitefield,Neurologist,1,8400,7875,7875,6,5
Bangalore,Whitefield,Neurologist,6,5250,3938,3938,6,6
Bangalore,Whitefield,Sexologist,1,22000,2200,2200,1,0
Bangalore,Whitefield,Sexologist,6,17600,2200,2200,1,1
Bangalore,Whitefield,Physiotherapist,1,13200,17600,17600,2,1
Bangalore,Whitefield,Physiotherapist,6,9450,8400,8400,2,1
Bangalore,Whitefield,Hair Transplant,1,20000,2100,2100,1,0
Bangalore,Whitefield,Hair Transplant,6,25300,2200,2200,1,1
Bangalore,Whitefield,Dietitian,1,12100,6600,6600,1,0
Bangalore,Whitefield,Dietitian,6,9450,3150,3150,1,1
Bangalore,Whitefield,Endocrinologist,1,6600,2200,2200,1,0
Bangalore,Whitefield,Endocrinologist,6,5500,2200,2200,1,1
Bangalore,Whitefield,Gastroenterologist,1,29400,28350,28350,5,4
Bangalore,Whitefield,Gastroenterologist,6,14700,14175,14175,5,5
Bangalore,Whitefield,General Physician,1,9450,9450,9450,6,4
Bangalore,Whitefield,General Physician,6,5250,4725,4725,6,6
Bangalore,Whitefield,Urologist,1,14700,14175,14175,5,5
Bangalore,Whitefield,Urologist,6,11550,7088,7088,5,5
Bangalore,Whitefield,ENT,1,17850,15750,15750,6,5
Bangalore,Whitefield,ENT,6,9450,7875,7875,6,6
Bangalore,Whitefield,General Dentistry,1,12100,11550,11550,6,1
Bangalore,Whitefield,General Dentistry,6,9900,5775,5775,6,1
Bangalore,Whitefield,Oncologist,1,3000,3000,3000,6,4
Bangalore,Whitefield,Oncologist,6,3000,2000,2000,6,6
Bangalore,Whitefield,Cosmetic/Plastic Surgeon,1,3150,3150,3150,2,0
Bangalore,Whitefield,Cosmetic/Plastic Surgeon,6,3000,2000,2000,2,2
Bangalore,Whitefield,Pulmonologist,1,11550,11025,11025,6,5
Bangalore,Whitefield,Pulmonologist,6,6300,5513,5513,6,6
Bangalore,Whitefield,Cardiologist,1,9450,9450,9450,6,4
Bangalore,Whitefield,Cardiologist,6,5250,4725,4725,6,6
Bangalore,Whitefield,Nephrologist,1,5000,4500,4500,6,6
Bangalore,Whitefield,Nephrologist,6,3000,2250,2250,6,6
Bangalore,Whitefield,General Surgeon,1,11550,11025,11025,6,5
Bangalore,Whitefield,General Surgeon,6,9450,5513,5513,6,6
Bangalore,Whitefield,General Psychiatry,1,30800,39600,39600,3,0
Bangalore,Whitefield,General Psychiatry,6,23100,18900,18900,3,2
Bangalore,Whitefield,Speech Therapist,1,3150,2835,2835,1,1
Bangalore,Whitefield,Speech Therapist,6,3000,2000,2000,1,1
Bangalore,Whitefield,General Gynecology,1,30000,30000,30000,5,3
Bangalore,Whitefield,General Gynecology,6,30000,22439,22439,5,4
Bangalore,Whitefield,General Alt Medicine,1,6600,5500,5500,1,1
Bangalore,Whitefield,General Alt Medicine,6,5500,2750,2750,1,0
Bangalore,Whitefield,General Pediatrics,1,8400,7875,7875,6,5
Bangalore,Whitefield,General Pediatrics,6,5250,3938,3938,6,6
Bangalore,Whitefield,General Ophthalmology,1,11550,11025,11025,6,5
Bangalore,Whitefield,General Ophthalmology,6,6300,5513,5513,6,6
Bangalore,Whitefield,Orthopaedics,1,23100,22050,22050,6,5
Bangalore,Whitefield,Orthopaedics,6,17850,11025,11025,6,6
Bangalore,Whitefield,Homeopathy,1,20900,2200,2200,1,1
Bangalore,Whitefield,Homeopathy,6,14700,2100,2100,1,1
Bangalore,Marathahalli,General Dermatology,1,46200,30553,30553,4,2
Bangalore,Marathahalli,General Dermatology,6,30000,14582,14582,4,4
Bangalore,Marathahalli,Neurologist,1,9900,2200,2200,1,0
Bangalore,Marathahalli,Neurologist,6,5250,2100,2100,1,1
Bangalore,Marathahalli,Sexologist,1,6300,2100,2100,1,0
Bangalore,Marathahalli,Sexologist,6,5250,2100,2100,1,1
Bangalore,Marathahalli,Physiotherapist,1,12100,15400,15400,1,1
Bangalore,Marathahalli,Physiotherapist,6,9450,7350,7350,1,1
Bangalore,Marathahalli,Hair Transplant,1,24150,2100,2100,1,0
Bangalore,Marathahalli,Hair Transplant,6,12600,2100,2100,1,1
Bangalore,Marathahalli,Dietitian,1,6300,6300,6300,1,0
Bangalore,Marathahalli,Dietitian,6,5250,3150,3150,1,0
Bangalore,Marathahalli,Endocrinologist,1,9450,9450,9450,3,3
Bangalore,Marathahalli,Endocrinologist,6,5250,4725,4725,3,3
Bangalore,Marathahalli,Gastroenterologist,1,12600,12600,12600,5,5
Bangalore,Marathahalli,Gastroenterologist,6,9450,6300,6300,5,5
Bangalore,Marathahalli,General Physician,1,8800,2640,2640,1,0
Bangalore,Marathahalli,General Physician,6,5250,2100,2100,1,0
Bangalore,Marathahalli,Urologist,1,16800,2100,2100,1,1
Bangalore,Marathahalli,Urologist,6,12600,2100,2100,1,1
Bangalore,Marathahalli,ENT,1,17850,15750,15750,2,2
Bangalore,Marathahalli,ENT,6,9450,7875,7875,2,1
Bangalore,Marathahalli,General Dentistry,1,39600,26656,26656,3,0
Bangalore,Marathahalli,General Dentistry,6,29400,12723,12723,3,0
Bangalore,Marathahalli,Pulmonologist,1,6000,2000,2000,1,1
Bangalore,Marathahalli,Pulmonologist,6,5000,2000,2000,1,1
Bangalore,Marathahalli,Cardiologist,1,8400,7875,7875,4,4
Bangalore,Marathahalli,Cardiologist,6,5250,3938,3938,4,4
Bangalore,Marathahalli,General Surgeon,1,5000,2000,2000,1,1
Bangalore,Marathahalli,General Surgeon,6,5000,2000,2000,1,1
Bangalore,Marathahalli,General Psychiatry,1,24200,11990,11990,1,0
Bangalore,Marathahalli,General Psychiatry,6,18700,5995,5995,1,0
Bangalore,Marathahalli,Speech Therapist,1,6000,3000,3000,1,1
Bangalore,Marathahalli,General Gynecology,1,49500,45210,45210,3,0
Bangalore,Marathahalli,General Gynecology,6,30000,21578,21578,3,2
Bangalore,Marathahalli,General Alt Medicine,1,11550,3780,3780,1,0
Bangalore,Marathahalli,General Alt Medicine,6,9450,2100,2100,1,1
Bangalore,Marathahalli,General Pediatrics,1,8800,8250,8250,1,0
Bangalore,Marathahalli,General Pediatrics,6,5500,4125,4125,1,0
Bangalore,Marathahalli,General Ophthalmology,1,12100,2200,2200,1,1
Bangalore,Marathahalli,General Ophthalmology,6,6300,2100,2100,1,1
Bangalore,Marathahalli,Orthopaedics,1,22000,2200,2200,1,1
Bangalore,Marathahalli,Orthopaedics,6,12100,2200,2200,1,1
Bangalore,Marathahalli,Homeopathy,1,10000,5600,5600,1,0
Bangalore,Marathahalli,Homeopathy,6,10000,2800,2800,1,1
Bangalore,Electronics City,General Dermatology,1,23100,22050,22050,1,0
Bangalore,Electronics City,General Dermatology,6,11550,11025,11025,1,1
Bangalore,Electronics City,Neurologist,1,8800,2640,2640,1,0
Bangalore,Electronics City,Neurologist,6,5250,2100,2100,1,0
Bangalore,Electronics City,Sexologist,1,5250,2100,2100,1,1
Bangalore,Electronics City,Sexologist,6,5500,2200,2200,1,1
Bangalore,Electronics City,Physiotherapist,1,6000,2600,2600,2,2
Bangalore,Electronics City,Physiotherapist,6,5250,2100,2100,1,1
Bangalore,Electronics City,Endocrinologist,1,6300,2100,2100,1,1
Bangalore,Electronics City,Endocrinologist,6,3150,2100,2100,1,1
Bangalore,Electronics City,Gastroenterologist,1,5500,2200,2200,1,0
Bangalore,Electronics City,Gastroenterologist,6,3150,2100,2100,1,1
Bangalore,Electronics City,General Physician,1,8400,4095,4095,1,0
Bangalore,Electronics City,General Physician,6,5500,2200,2200,1,1
Bangalore,Electronics City,Urologist,1,14700,2100,2100,1,0
Bangalore,Electronics City,Urologist,6,11550,2100,2100,1,0
Bangalore,Electronics City,ENT,1,12600,12600,12600,1,0
Bangalore,Electronics City,ENT,6,6600,6600,6600,1,1
Bangalore,Electronics City,General Dentistry,1,30800,26180,26180,2,0
Bangalore,Electronics City,General Dentistry,6,24200,13090,13090,1,0
Bangalore,Electronics City,Pulmonologist,1,3150,2100,2100,1,1
Bangalore,Electronics City,Pulmonologist,6,3000,2000,2000,1,1
Bangalore,Electronics City,Cardiologist,1,10000,2000,2000,1,0
Bangalore,Electronics City,Cardiologist,6,9000,2000,2000,1,1
Bangalore,Electronics City,General Psychiatry,1,9900,2200,2200,1,0
Bangalore,Electronics City,General Psychiatry,6,8400,2100,2100,1,1
Bangalore,Electronics City,General Gynecology,1,27500,26400,26400,2,0
Bangalore,Electronics City,General Gynecology,6,19950,12600,12600,1,1
Bangalore,Electronics City,General Alt Medicine,1,6300,2100,2100,1,0
Bangalore,Electronics City,General Alt Medicine,6,5000,2000,2000,1,1
Bangalore,Electronics City,General Pediatrics,1,17600,4950,4950,1,0
Bangalore,Electronics City,General Pediatrics,6,12600,2363,2363,1,1
Bangalore,Electronics City,General Ophthalmology,1,6300,2100,2100,1,1
Bangalore,Electronics City,General Ophthalmology,6,3150,2100,2100,1,1
Bangalore,Electronics City,Orthopaedics,1,16800,21000,21000,1,0
Bangalore,Electronics City,Orthopaedics,6,12600,10500,10500,1,1
Bangalore,Electronics City,Homeopathy,1,5250,2100,2100,1,0
Bangalore,Electronics City,Homeopathy,6,5000,2000,2000,1,1
Bardhaman,Bardhaman-Cityinventory,General Physician,1,3135,2090,2090,1,1
Bardhaman,Bardhaman-Cityinventory,General Physician,6,3135,2090,2090,1,1
Bardhaman,Bardhaman-Cityinventory,General Dentistry,1,3000,2000,2000,1,1
Bardhaman,Bardhaman-Cityinventory,General Dentistry,6,3000,2000,2000,1,1
Bardhaman,Bardhaman-Cityinventory,General Gynecology,1,3000,2000,2000,1,1
Bardhaman,Bardhaman-Cityinventory,General Gynecology,6,3000,2000,2000,1,1
Bareilly,Bareilly-Cityinventory,General Dermatology,1,3135,2090,2090,1,1
Bareilly,Bareilly-Cityinventory,General Dermatology,6,3135,2090,2090,1,1
Bareilly,Bareilly-Cityinventory,Physiotherapist,1,3000,2000,2000,1,1
Bareilly,Bareilly-Cityinventory,Physiotherapist,6,3000,2000,2000,1,1
Bareilly,Bareilly-Cityinventory,Hair Transplant,1,3000,2000,2000,1,1
Bareilly,Bareilly-Cityinventory,Hair Transplant,6,3000,2000,2000,1,1
Bareilly,Bareilly-Cityinventory,Gastroenterologist,1,8720,2180,2180,1,0
Bareilly,Bareilly-Cityinventory,Gastroenterologist,6,5225,2090,2090,1,1
Bareilly,Bareilly-Cityinventory,General Physician,1,3135,2090,2090,1,1
Bareilly,Bareilly-Cityinventory,General Physician,6,3135,2090,2090,1,1
Bareilly,Bareilly-Cityinventory,Urologist,1,3000,2000,2000,1,1
Bareilly,Bareilly-Cityinventory,Urologist,6,3000,2000,2000,1,1
Bareilly,Bareilly-Cityinventory,ENT,1,3135,2090,2090,1,1
Bareilly,Bareilly-Cityinventory,ENT,6,3135,2090,2090,1,1
Bareilly,Bareilly-Cityinventory,General Dentistry,1,3135,2090,2090,1,1
Bareilly,Bareilly-Cityinventory,General Dentistry,6,3135,2090,2090,1,1
Bareilly,Bareilly-Cityinventory,Cosmetic/Plastic Surgeon,1,3000,2000,2000,1,1
Bareilly,Bareilly-Cityinventory,Cosmetic/Plastic Surgeon,6,3000,2000,2000,1,1
Bareilly,Bareilly-Cityinventory,Pulmonologist,1,3135,2090,2090,1,1
Bareilly,Bareilly-Cityinventory,Pulmonologist,6,3135,2090,2090,1,1
Bareilly,Bareilly-Cityinventory,Cardiologist,1,3000,2000,2000,1,1
Bareilly,Bareilly-Cityinventory,Cardiologist,6,3000,2000,2000,1,1
Bareilly,Bareilly-Cityinventory,General Psychiatry,1,3135,2090,2090,1,1
Bareilly,Bareilly-Cityinventory,General Psychiatry,6,3135,2090,2090,1,1
Bareilly,Bareilly-Cityinventory,General Gynecology,1,3135,2090,2090,1,1
Bareilly,Bareilly-Cityinventory,General Gynecology,6,3135,2090,2090,1,1
Bareilly,Bareilly-Cityinventory,General Alt Medicine,1,3000,2000,2000,1,1
Bareilly,Bareilly-Cityinventory,General Alt Medicine,6,3000,2000,2000,1,1
Bareilly,Bareilly-Cityinventory,General Pediatrics,1,3135,2090,2090,1,1
Bareilly,Bareilly-Cityinventory,General Pediatrics,6,3135,2090,2090,1,1
Bareilly,Bareilly-Cityinventory,General Ophthalmology,1,3135,2090,2090,1,0
Bareilly,Bareilly-Cityinventory,General Ophthalmology,6,3135,2090,2090,1,1
Bareilly,Bareilly-Cityinventory,Orthopaedics,1,5225,2090,2090,1,1
Bareilly,Bareilly-Cityinventory,Orthopaedics,6,3135,2090,2090,1,1
Bareilly,Bareilly-Cityinventory,Homeopathy,1,3135,2090,2090,1,1
Bareilly,Bareilly-Cityinventory,Homeopathy,6,3000,2000,2000,1,1
Bathinda,Bathinda-Cityinventory,General Dermatology,1,3135,2090,2090,1,1
Bathinda,Bathinda-Cityinventory,General Dermatology,6,3135,2090,2090,1,1
Bathinda,Bathinda-Cityinventory,Gastroenterologist,1,3000,2000,2000,1,1
Bathinda,Bathinda-Cityinventory,Gastroenterologist,6,3000,2000,2000,1,1
Bathinda,Bathinda-Cityinventory,General Physician,1,3135,2090,2090,1,1
Bathinda,Bathinda-Cityinventory,General Physician,6,3135,2090,2090,1,1
Bathinda,Bathinda-Cityinventory,ENT,1,3135,2090,2090,1,1
Bathinda,Bathinda-Cityinventory,ENT,6,3135,2090,2090,1,1
Bathinda,Bathinda-Cityinventory,General Dentistry,1,3000,2000,2000,1,1
Bathinda,Bathinda-Cityinventory,General Dentistry,6,3000,2000,2000,1,1
Bathinda,Bathinda-Cityinventory,General Alt Medicine,1,0,2000,2000,1,1
Bathinda,Bathinda-Cityinventory,Orthopaedics,1,3000,3000,3000,3,3
Bathinda,Bathinda-Cityinventory,Orthopaedics,6,3000,2000,2000,3,3
Begusarai,Begusarai-Cityinventory,General Physician,1,3000,2000,2000,1,1
Begusarai,Begusarai-Cityinventory,General Physician,6,3000,2000,2000,1,1
Belgaum,Belgaum-Cityinventory,General Dermatology,1,3135,2090,2090,1,1
Belgaum,Belgaum-Cityinventory,General Dermatology,6,3135,2090,2090,1,1
Belgaum,Belgaum-Cityinventory,Hair Transplant,1,3000,2000,2000,1,1
Belgaum,Belgaum-Cityinventory,Hair Transplant,6,3000,2000,2000,1,1
Belgaum,Belgaum-Cityinventory,Gastroenterologist,1,3000,2000,2000,1,1
Belgaum,Belgaum-Cityinventory,Gastroenterologist,6,3000,2000,2000,1,1
Belgaum,Belgaum-Cityinventory,General Physician,1,3135,2090,2090,1,1
Belgaum,Belgaum-Cityinventory,General Physician,6,3135,2090,2090,1,1
Belgaum,Belgaum-Cityinventory,General Dentistry,1,3135,2090,2090,1,0
Belgaum,Belgaum-Cityinventory,General Dentistry,6,3000,2000,2000,1,1
Belgaum,Belgaum-Cityinventory,Orthopaedics,1,3135,2090,2090,1,1
Belgaum,Belgaum-Cityinventory,Orthopaedics,6,3135,2090,2090,1,1
Bharatpur,Bharatpur-Cityinventory,General Physician,1,3000,2000,2000,1,1
Bharatpur,Bharatpur-Cityinventory,General Physician,6,3000,2000,2000,1,1
Bharuch,Bharuch-Cityinventory,General Physician,1,3135,2090,2090,1,1
Bharuch,Bharuch-Cityinventory,General Physician,6,3135,2090,2090,1,1
Bharuch,Bharuch-Cityinventory,General Dentistry,1,3000,2000,2000,1,1
Bharuch,Bharuch-Cityinventory,General Dentistry,6,3000,2000,2000,1,1
Bharuch,Bharuch-Cityinventory,General Gynecology,1,3000,2000,2000,1,1
Bharuch,Bharuch-Cityinventory,General Gynecology,6,3000,2000,2000,1,1
Bhilai,Bhilai-Cityinventory,General Physician,1,3000,2000,2000,1,1
Bhilai,Bhilai-Cityinventory,General Physician,6,3000,2000,2000,1,1
Bhilai,Bhilai-Cityinventory,General Dentistry,1,3000,2000,2000,1,1
Bhilai,Bhilai-Cityinventory,General Dentistry,6,3000,2000,2000,1,1
Bhiwadi,Bhiwadi-Cityinventory,General Physician,1,3000,2000,2000,1,1
Bhiwadi,Bhiwadi-Cityinventory,General Physician,6,3000,2000,2000,1,1
Bhopal,Bhopal-Cityinventory,General Dermatology,1,15260,7739,7739,1,0
Bhopal,Bhopal-Cityinventory,General Dermatology,6,8360,3710,3710,1,1
Bhopal,Bhopal-Cityinventory,Neurologist,1,6270,2090,2090,1,1
Bhopal,Bhopal-Cityinventory,Neurologist,6,3135,2090,2090,1,1
Bhopal,Bhopal-Cityinventory,Sexologist,1,5225,2090,2090,4,1
Bhopal,Bhopal-Cityinventory,Sexologist,6,5450,2180,2180,1,1
Bhopal,Bhopal-Cityinventory,Physiotherapist,1,3270,3270,3270,2,2
Bhopal,Bhopal-Cityinventory,Physiotherapist,6,3135,2090,2090,2,2
Bhopal,Bhopal-Cityinventory,Hair Transplant,1,8360,2090,2090,1,1
Bhopal,Bhopal-Cityinventory,Hair Transplant,6,5225,2090,2090,1,1
Bhopal,Bhopal-Cityinventory,Dietitian,1,3135,2090,2090,1,1
Bhopal,Bhopal-Cityinventory,Dietitian,6,3135,2090,2090,1,1
Bhopal,Bhopal-Cityinventory,Endocrinologist,1,3135,2090,2090,1,1
Bhopal,Bhopal-Cityinventory,Endocrinologist,6,3135,2090,2090,1,1
Bhopal,Bhopal-Cityinventory,Gastroenterologist,1,23980,2180,2180,1,1
Bhopal,Bhopal-Cityinventory,Gastroenterologist,6,11495,2090,2090,1,1
Bhopal,Bhopal-Cityinventory,General Physician,1,3135,3135,3135,2,2
Bhopal,Bhopal-Cityinventory,General Physician,6,3135,2090,2090,2,2
Bhopal,Bhopal-Cityinventory,Urologist,1,8360,7838,7838,1,1
Bhopal,Bhopal-Cityinventory,Urologist,6,5225,3919,3919,1,1
Bhopal,Bhopal-Cityinventory,ENT,1,6540,2180,2180,1,1
Bhopal,Bhopal-Cityinventory,ENT,6,3135,2090,2090,1,1
Bhopal,Bhopal-Cityinventory,General Dentistry,1,8720,8175,8175,4,1
Bhopal,Bhopal-Cityinventory,General Dentistry,6,6270,3919,3919,1,1
Bhopal,Bhopal-Cityinventory,Oncologist,1,3000,2000,2000,1,1
Bhopal,Bhopal-Cityinventory,Oncologist,6,3000,2000,2000,1,1
Bhopal,Bhopal-Cityinventory,Cosmetic/Plastic Surgeon,1,22990,5225,5225,1,1
Bhopal,Bhopal-Cityinventory,Cosmetic/Plastic Surgeon,6,11495,2613,2613,1,1
Bhopal,Bhopal-Cityinventory,Pulmonologist,1,5450,2180,2180,1,0
Bhopal,Bhopal-Cityinventory,Pulmonologist,6,3135,2090,2090,1,1
Bhopal,Bhopal-Cityinventory,Cardiologist,1,6270,6270,6270,2,2
Bhopal,Bhopal-Cityinventory,Cardiologist,6,5225,3135,3135,2,2
Bhopal,Bhopal-Cityinventory,General Surgeon,1,8360,2090,2090,1,1
Bhopal,Bhopal-Cityinventory,General Surgeon,6,5225,2090,2090,1,1
Bhopal,Bhopal-Cityinventory,General Psychiatry,1,11495,10764,10764,4,3
Bhopal,Bhopal-Cityinventory,General Psychiatry,6,9405,5382,5382,1,1
Bhopal,Bhopal-Cityinventory,General Gynecology,1,15260,6104,6104,1,0
Bhopal,Bhopal-Cityinventory,General Gynecology,6,11495,2926,2926,1,1
Bhopal,Bhopal-Cityinventory,General Alt Medicine,1,3135,2090,2090,1,1
Bhopal,Bhopal-Cityinventory,General Alt Medicine,6,3135,2090,2090,1,1
Bhopal,Bhopal-Cityinventory,General Pediatrics,1,3270,2180,2180,1,1
Bhopal,Bhopal-Cityinventory,General Pediatrics,6,3135,2090,2090,1,1
Bhopal,Bhopal-Cityinventory,General Ophthalmology,1,8360,2090,2090,1,1
Bhopal,Bhopal-Cityinventory,General Ophthalmology,6,5225,2090,2090,1,1
Bhopal,Bhopal-Cityinventory,Orthopaedics,1,5450,2180,2180,1,0
Bhopal,Bhopal-Cityinventory,Orthopaedics,6,3135,2090,2090,1,1
Bhopal,Bhopal-Cityinventory,Homeopathy,1,3270,3270,3270,2,1
Bhopal,Bhopal-Cityinventory,Homeopathy,6,3135,2090,2090,2,2
Bhopal,Central Bhopal,General Dermatology,1,3135,3135,3135,2,1
Bhopal,Central Bhopal,General Dermatology,6,3000,2000,2000,2,2
Bhopal,Central Bhopal,General Physician,1,3000,2100,2100,1,1
Bhopal,Central Bhopal,General Physician,6,3000,2000,2000,1,1
Bhopal,Central Bhopal,ENT,1,5000,2000,2000,1,1
Bhopal,Central Bhopal,ENT,6,3000,2000,2000,1,1
Bhopal,Central Bhopal,General Dentistry,1,8360,3449,3449,1,0
Bhopal,Central Bhopal,General Dentistry,6,6000,2000,2000,1,1
Bhopal,Central Bhopal,General Psychiatry,1,3135,2090,2090,1,0
Bhopal,Central Bhopal,General Psychiatry,6,3000,2000,2000,1,1
Bhopal,Central Bhopal,General Gynecology,1,11495,5748,5748,1,0
Bhopal,Central Bhopal,General Gynecology,6,9000,2750,2750,1,1
Bhopal,East Bhopal,General Physician,1,3000,2000,2000,1,1
Bhopal,East Bhopal,General Physician,6,3000,2000,2000,1,1
Bhopal,East Bhopal,General Gynecology,1,6000,2000,2000,1,1
Bhopal,East Bhopal,General Gynecology,6,5000,2000,2000,1,1
Bhopal,East Bhopal,General Pediatrics,1,3000,2000,2000,1,1
Bhopal,East Bhopal,General Pediatrics,6,3000,2000,2000,1,1
Bhopal,South Bhopal,General Dentistry,1,6270,2090,2090,1,1
Bhopal,South Bhopal,General Dentistry,6,5000,2000,2000,1,1
Bhopal,South Bhopal,General Gynecology,1,6000,2000,2000,1,1
Bhopal,South Bhopal,General Gynecology,6,5000,2000,2000,1,1
Bhopal,South Bhopal,Homeopathy,1,3000,2000,2000,1,1
Bhopal,South Bhopal,Homeopathy,6,3000,2000,2000,1,1
Bhopal,Old Bhopal,General Dermatology,1,3000,2000,2000,1,1
Bhopal,Old Bhopal,General Dermatology,6,3000,2000,2000,1,1
Bhopal,Old Bhopal,General Physician,1,3135,2717,2717,1,1
Bhopal,Old Bhopal,General Physician,6,3135,2090,2090,1,1
Bhopal,Old Bhopal,General Dentistry,1,5225,2090,2090,1,1
Bhopal,Old Bhopal,General Dentistry,6,5000,2000,2000,1,1
Bhopal,Old Bhopal,General Psychiatry,1,5000,4500,4500,2,2
Bhopal,Old Bhopal,General Psychiatry,6,5000,2250,2250,2,2
Bhopal,Old Bhopal,General Gynecology,1,8360,2090,2090,1,1
Bhopal,Old Bhopal,General Gynecology,6,5225,2090,2090,1,1
Bhopal,Old Bhopal,Orthopaedics,1,3000,2000,2000,1,1
Bhopal,Old Bhopal,Orthopaedics,6,3000,2000,2000,1,1
Bhubaneswar,Bhubaneswar-Cityinventory,General Dermatology,1,8360,7838,7838,1,1
Bhubaneswar,Bhubaneswar-Cityinventory,General Dermatology,6,5225,3919,3919,1,1
Bhubaneswar,Bhubaneswar-Cityinventory,Neurologist,1,5225,4703,4703,6,5
Bhubaneswar,Bhubaneswar-Cityinventory,Neurologist,6,3135,2351,2351,6,6
Bhubaneswar,Bhubaneswar-Cityinventory,Sexologist,1,6540,2180,2180,1,0
Bhubaneswar,Bhubaneswar-Cityinventory,Sexologist,6,5225,2090,2090,1,1
Bhubaneswar,Bhubaneswar-Cityinventory,Physiotherapist,1,3135,2090,2090,1,1
Bhubaneswar,Bhubaneswar-Cityinventory,Physiotherapist,6,3135,2090,2090,1,1
Bhubaneswar,Bhubaneswar-Cityinventory,Hair Transplant,1,11495,2090,2090,1,1
Bhubaneswar,Bhubaneswar-Cityinventory,Hair Transplant,6,6270,2090,2090,1,1
Bhubaneswar,Bhubaneswar-Cityinventory,Dietitian,1,5450,2180,2180,1,1
Bhubaneswar,Bhubaneswar-Cityinventory,Dietitian,6,5225,2090,2090,1,1
Bhubaneswar,Bhubaneswar-Cityinventory,Endocrinologist,1,6270,6270,6270,1,1
Bhubaneswar,Bhubaneswar-Cityinventory,Endocrinologist,6,3135,3135,3135,1,1
Bhubaneswar,Bhubaneswar-Cityinventory,Gastroenterologist,1,22990,21945,21945,1,1
Bhubaneswar,Bhubaneswar-Cityinventory,Gastroenterologist,6,11495,10973,10973,1,1
Bhubaneswar,Bhubaneswar-Cityinventory,General Physician,1,3135,3135,3135,3,3
Bhubaneswar,Bhubaneswar-Cityinventory,General Physician,6,3135,2090,2090,3,3
Bhubaneswar,Bhubaneswar-Cityinventory,Urologist,1,5225,4703,4703,6,6
Bhubaneswar,Bhubaneswar-Cityinventory,Urologist,6,3135,2351,2351,6,6
Bhubaneswar,Bhubaneswar-Cityinventory,ENT,1,8720,5123,5123,2,1
Bhubaneswar,Bhubaneswar-Cityinventory,ENT,6,6270,2456,2456,1,1
Bhubaneswar,Bhubaneswar-Cityinventory,General Dentistry,1,8360,7838,7838,2,1
Bhubaneswar,Bhubaneswar-Cityinventory,General Dentistry,6,6270,3919,3919,1,1
Bhubaneswar,Bhubaneswar-Cityinventory,Oncologist,1,5450,2180,2180,1,0
Bhubaneswar,Bhubaneswar-Cityinventory,Oncologist,6,3135,2090,2090,1,1
Bhubaneswar,Bhubaneswar-Cityinventory,Cosmetic/Plastic Surgeon,1,14630,8778,8778,1,0
Bhubaneswar,Bhubaneswar-Cityinventory,Cosmetic/Plastic Surgeon,6,8360,4389,4389,1,1
Bhubaneswar,Bhubaneswar-Cityinventory,Pulmonologist,1,5225,2090,2090,1,1
Bhubaneswar,Bhubaneswar-Cityinventory,Pulmonologist,6,3135,2090,2090,1,1
Bhubaneswar,Bhubaneswar-Cityinventory,Cardiologist,1,5225,4703,4703,6,6
Bhubaneswar,Bhubaneswar-Cityinventory,Cardiologist,6,3135,2351,2351,6,6
Bhubaneswar,Bhubaneswar-Cityinventory,Nephrologist,1,3135,3135,3135,6,6
Bhubaneswar,Bhubaneswar-Cityinventory,Nephrologist,6,3135,2090,2090,6,6
Bhubaneswar,Bhubaneswar-Cityinventory,General Surgeon,1,3135,3135,3135,3,3
Bhubaneswar,Bhubaneswar-Cityinventory,General Surgeon,6,3135,2090,2090,3,3
Bhubaneswar,Bhubaneswar-Cityinventory,General Psychiatry,1,3135,3135,3135,5,4
Bhubaneswar,Bhubaneswar-Cityinventory,General Psychiatry,6,3135,2090,2090,5,5
Bhubaneswar,Bhubaneswar-Cityinventory,Speech Therapist,1,3000,2000,2000,1,1
Bhubaneswar,Bhubaneswar-Cityinventory,Speech Therapist,6,3000,2000,2000,1,1
Bhubaneswar,Bhubaneswar-Cityinventory,General Gynecology,1,16720,15675,15675,2,2
Bhubaneswar,Bhubaneswar-Cityinventory,General Gynecology,6,8360,7838,7838,2,2
Bhubaneswar,Bhubaneswar-Cityinventory,General Alt Medicine,1,3135,3135,3135,2,2
Bhubaneswar,Bhubaneswar-Cityinventory,General Alt Medicine,6,3135,2090,2090,2,2
Bhubaneswar,Bhubaneswar-Cityinventory,General Pediatrics,1,5225,2926,2926,1,1
Bhubaneswar,Bhubaneswar-Cityinventory,General Pediatrics,6,3135,2090,2090,1,1
Bhubaneswar,Bhubaneswar-Cityinventory,General Ophthalmology,1,6540,2289,2289,1,0
Bhubaneswar,Bhubaneswar-Cityinventory,General Ophthalmology,6,3135,2090,2090,1,1
Bhubaneswar,Bhubaneswar-Cityinventory,Orthopaedics,1,5225,4703,4703,6,6
Bhubaneswar,Bhubaneswar-Cityinventory,Orthopaedics,6,3135,2351,2351,6,6
Bhubaneswar,Bhubaneswar-Cityinventory,Homeopathy,1,5225,2090,2090,1,1
Bhubaneswar,Bhubaneswar-Cityinventory,Homeopathy,6,5225,2090,2090,1,1
Bhubaneswar,Bhubaneswar,General Dermatology,1,5450,4905,4905,2,1
Bhubaneswar,Bhubaneswar,General Dermatology,6,5225,2351,2351,2,2
Bhubaneswar,Bhubaneswar,Neurologist,1,8360,7838,7838,6,6
Bhubaneswar,Bhubaneswar,Neurologist,6,6270,3919,3919,6,6
Bhubaneswar,Bhubaneswar,General Physician,1,3135,3135,3135,3,3
Bhubaneswar,Bhubaneswar,General Physician,6,3135,2090,2090,3,3
Bhubaneswar,Bhubaneswar,ENT,6,3000,2000,2000,2,2
Bhubaneswar,Bhubaneswar,General Dentistry,1,5450,4905,4905,2,0
Bhubaneswar,Bhubaneswar,General Dentistry,6,5225,2351,2351,2,2
Bhubaneswar,Bhubaneswar,General Gynecology,1,17765,17243,17243,2,2
Bhubaneswar,Bhubaneswar,General Gynecology,6,9405,8621,8621,2,2
Bhubaneswar,Bhubaneswar,General Pediatrics,6,3135,2090,2090,1,1
Bhubaneswar,Bhubaneswar,Orthopaedics,1,5000,4500,4500,6,6
Bhubaneswar,Bhubaneswar,Orthopaedics,6,5000,2250,2250,6,6
Bhubaneswar,Bhubaneswar,Homeopathy,1,3000,2000,2000,1,1
Bhubaneswar,Bhubaneswar,Homeopathy,6,3000,2000,2000,1,1
Bikaner,Bikaner-Cityinventory,General Physician,1,3135,2090,2090,1,1
Bikaner,Bikaner-Cityinventory,General Physician,6,3135,2090,2090,1,1
Bikaner,Bikaner-Cityinventory,General Dentistry,1,3000,2000,2000,1,1
Bikaner,Bikaner-Cityinventory,General Dentistry,6,3000,2000,2000,1,1
Bilaspur,Bilaspur-Cityinventory,General Dermatology,1,3000,2000,2000,1,1
Bilaspur,Bilaspur-Cityinventory,General Dermatology,6,3000,2000,2000,1,1
Bilaspur,Bilaspur-Cityinventory,Neurologist,1,3000,3000,3000,6,6
Bilaspur,Bilaspur-Cityinventory,Neurologist,6,3000,2000,2000,6,6
Bilaspur,Bilaspur-Cityinventory,Endocrinologist,1,3000,2000,2000,1,1
Bilaspur,Bilaspur-Cityinventory,Endocrinologist,6,3000,2000,2000,1,1
Bilaspur,Bilaspur-Cityinventory,Gastroenterologist,1,3000,3000,3000,6,6
Bilaspur,Bilaspur-Cityinventory,Gastroenterologist,6,3000,2000,2000,6,6
Bilaspur,Bilaspur-Cityinventory,General Physician,1,5000,2000,2000,1,1
Bilaspur,Bilaspur-Cityinventory,General Physician,6,3000,2000,2000,1,1
Bilaspur,Bilaspur-Cityinventory,Urologist,1,3000,3000,3000,2,2
Bilaspur,Bilaspur-Cityinventory,Urologist,6,3000,2000,2000,2,2
Bilaspur,Bilaspur-Cityinventory,ENT,1,6000,2500,2500,1,0
Bilaspur,Bilaspur-Cityinventory,ENT,6,5000,2000,2000,1,1
Bilaspur,Bilaspur-Cityinventory,General Dentistry,1,100000,2000,2000,4,4
Bilaspur,Bilaspur-Cityinventory,General Dentistry,6,3000,2000,2000,1,1
Bilaspur,Bilaspur-Cityinventory,General Surgeon,1,3000,3000,3000,1,1
Bilaspur,Bilaspur-Cityinventory,General Surgeon,6,3000,2000,2000,1,1
Bilaspur,Bilaspur-Cityinventory,General Gynecology,1,3000,3000,3000,2,2
Bilaspur,Bilaspur-Cityinventory,General Gynecology,6,3000,2000,2000,2,2
Bilaspur,Bilaspur-Cityinventory,General Ophthalmology,1,3000,2000,2000,1,1
Bilaspur,Bilaspur-Cityinventory,General Ophthalmology,6,3000,2000,2000,1,1
Bilaspur,Bilaspur-Cityinventory,Orthopaedics,1,3000,2700,2700,1,1
Bilaspur,Bilaspur-Cityinventory,Orthopaedics,6,3000,2000,2000,1,1
Bilaspur,Bilaspur-Cityinventory,General Dermatology,6,3135,2090,2090,4,4
Bilaspur,Bilaspur-Cityinventory,Neurologist,6,3135,2090,2090,4,4
Bilaspur,Bilaspur-Cityinventory,Endocrinologist,6,3000,2000,2000,4,4
Bilaspur,Bilaspur-Cityinventory,Gastroenterologist,6,3135,2090,2090,6,6
Bilaspur,Bilaspur-Cityinventory,General Physician,1,3135,2090,2090,4,4
Bilaspur,Bilaspur-Cityinventory,General Physician,6,3135,2090,2090,4,4
Bilaspur,Bilaspur-Cityinventory,Urologist,6,3135,2090,2090,4,4
Bilaspur,Bilaspur-Cityinventory,ENT,6,3135,2090,2090,4,4
Bilaspur,Bilaspur-Cityinventory,General Dentistry,1,3135,2090,2090,1,1
Bilaspur,Bilaspur-Cityinventory,General Dentistry,6,3135,2090,2090,1,1
Bilaspur,Bilaspur-Cityinventory,General Surgeon,6,3000,2000,2000,1,1
Bilaspur,Bilaspur-Cityinventory,General Gynecology,6,3135,2090,2090,4,4
Bilaspur,Bilaspur-Cityinventory,General Ophthalmology,6,3000,2000,2000,1,1
Bilaspur,Bilaspur-Cityinventory,Orthopaedics,6,3135,2090,2090,1,1
Bilaspur,Bilaspur,General Physician,6,3000,2000,2000,1,1
Bokaro,Bokaro-Cityinventory,General Physician,1,3135,2090,2090,1,1
Bokaro,Bokaro-Cityinventory,General Physician,6,3135,2090,2090,1,1
Bokaro,Bokaro-Cityinventory,General Dentistry,1,3000,2000,2000,1,1
Bokaro,Bokaro-Cityinventory,General Dentistry,6,3000,2000,2000,1,1
Chandigarh,Chandigarh-Cityinventory,General Dermatology,1,15260,14715,14715,4,1
Chandigarh,Chandigarh-Cityinventory,General Dermatology,6,11495,7054,7054,1,1
Chandigarh,Chandigarh-Cityinventory,Neurologist,1,5225,2090,2090,1,1
Chandigarh,Chandigarh-Cityinventory,Neurologist,6,3135,2090,2090,1,1
Chandigarh,Chandigarh-Cityinventory,Sexologist,1,13080,2180,2180,4,1
Chandigarh,Chandigarh-Cityinventory,Sexologist,6,9405,2090,2090,1,1
Chandigarh,Chandigarh-Cityinventory,Physiotherapist,1,3135,3135,3135,3,2
Chandigarh,Chandigarh-Cityinventory,Physiotherapist,6,3135,2090,2090,3,3
Chandigarh,Chandigarh-Cityinventory,Hair Transplant,1,6270,2090,2090,1,0
Chandigarh,Chandigarh-Cityinventory,Hair Transplant,6,3135,2090,2090,1,1
Chandigarh,Chandigarh-Cityinventory,Dietitian,1,8720,2180,2180,1,0
Chandigarh,Chandigarh-Cityinventory,Dietitian,6,5225,2090,2090,1,0
Chandigarh,Chandigarh-Cityinventory,Endocrinologist,1,3135,2090,2090,1,1
Chandigarh,Chandigarh-Cityinventory,Endocrinologist,6,3135,2090,2090,1,1
Chandigarh,Chandigarh-Cityinventory,Gastroenterologist,1,22990,2090,2090,1,1
Chandigarh,Chandigarh-Cityinventory,Gastroenterologist,6,11495,2090,2090,1,1
Chandigarh,Chandigarh-Cityinventory,General Physician,1,3135,3135,3135,1,1
Chandigarh,Chandigarh-Cityinventory,General Physician,6,3135,2090,2090,1,1
Chandigarh,Chandigarh-Cityinventory,Urologist,1,8360,7838,7838,2,2
Chandigarh,Chandigarh-Cityinventory,Urologist,6,5225,3919,3919,2,2
Chandigarh,Chandigarh-Cityinventory,ENT,1,5225,2090,2090,1,1
Chandigarh,Chandigarh-Cityinventory,ENT,6,3135,2090,2090,1,1
Chandigarh,Chandigarh-Cityinventory,General Dentistry,1,8720,8175,8175,1,0
Chandigarh,Chandigarh-Cityinventory,General Dentistry,6,6270,3919,3919,1,1
Chandigarh,Chandigarh-Cityinventory,Oncologist,1,3000,2000,2000,1,1
Chandigarh,Chandigarh-Cityinventory,Oncologist,6,3000,2000,2000,1,1
Chandigarh,Chandigarh-Cityinventory,Cosmetic/Plastic Surgeon,1,23980,2180,2180,1,0
Chandigarh,Chandigarh-Cityinventory,Cosmetic/Plastic Surgeon,6,11495,2090,2090,1,1
Chandigarh,Chandigarh-Cityinventory,Pulmonologist,1,3135,2090,2090,1,1
Chandigarh,Chandigarh-Cityinventory,Pulmonologist,6,3135,2090,2090,1,1
Chandigarh,Chandigarh-Cityinventory,Cardiologist,1,3135,2090,2090,1,1
Chandigarh,Chandigarh-Cityinventory,Cardiologist,6,3135,2090,2090,1,1
Chandigarh,Chandigarh-Cityinventory,General Surgeon,1,5225,2090,2090,1,1
Chandigarh,Chandigarh-Cityinventory,General Surgeon,6,5225,2090,2090,1,1
Chandigarh,Chandigarh-Cityinventory,Veterinarian,1,3000,2000,2000,1,1
Chandigarh,Chandigarh-Cityinventory,Veterinarian,6,3000,2000,2000,1,1
Chandigarh,Chandigarh-Cityinventory,General Psychiatry,1,6270,6270,6270,5,5
Chandigarh,Chandigarh-Cityinventory,General Psychiatry,6,5225,3135,3135,5,5
Chandigarh,Chandigarh-Cityinventory,General Gynecology,1,6270,6270,6270,4,3
Chandigarh,Chandigarh-Cityinventory,General Gynecology,6,5225,3135,3135,4,4
Chandigarh,Chandigarh-Cityinventory,General Alt Medicine,1,6270,3553,3553,4,3
Chandigarh,Chandigarh-Cityinventory,General Alt Medicine,6,3135,2090,2090,1,1
Chandigarh,Chandigarh-Cityinventory,General Pediatrics,1,3135,2090,2090,1,1
Chandigarh,Chandigarh-Cityinventory,General Pediatrics,6,3135,2090,2090,1,1
Chandigarh,Chandigarh-Cityinventory,General Ophthalmology,1,11495,2090,2090,1,1
Chandigarh,Chandigarh-Cityinventory,General Ophthalmology,6,6270,2090,2090,1,1
Chandigarh,Chandigarh-Cityinventory,Orthopaedics,1,11495,10973,10973,2,2
Chandigarh,Chandigarh-Cityinventory,Orthopaedics,6,6270,5486,5486,2,2
Chandigarh,Chandigarh-Cityinventory,Homeopathy,1,3000,2000,2000,1,1
Chandigarh,Chandigarh-Cityinventory,Homeopathy,6,3000,2000,2000,1,1
Chandigarh,Sector 20,General Dermatology,1,5225,4703,4703,3,3
Chandigarh,Sector 20,General Dermatology,6,3135,2351,2351,3,3
Chandigarh,Sector 20,Sexologist,1,3000,2000,2000,1,1
Chandigarh,Sector 20,Sexologist,6,3000,2000,2000,1,1
Chandigarh,Sector 20,Physiotherapist,1,3135,3135,3135,3,3
Chandigarh,Sector 20,Physiotherapist,6,3135,2090,2090,3,3
Chandigarh,Sector 20,Gastroenterologist,1,11495,2090,2090,1,1
Chandigarh,Sector 20,Gastroenterologist,6,6270,2090,2090,1,1
Chandigarh,Sector 20,General Physician,1,3135,3135,3135,1,1
Chandigarh,Sector 20,General Physician,6,3135,2090,2090,1,1
Chandigarh,Sector 20,Urologist,1,5000,2000,2000,1,1
Chandigarh,Sector 20,Urologist,6,5000,2000,2000,1,1
Chandigarh,Sector 20,ENT,1,3135,2090,2090,1,1
Chandigarh,Sector 20,ENT,6,3135,2090,2090,1,1
Chandigarh,Sector 20,General Dentistry,1,11495,7942,7942,1,1
Chandigarh,Sector 20,General Dentistry,6,9405,3971,3971,1,1
Chandigarh,Sector 20,Cosmetic/Plastic Surgeon,1,6000,2000,2000,1,1
Chandigarh,Sector 20,Cosmetic/Plastic Surgeon,6,5000,2000,2000,1,1
Chandigarh,Sector 20,General Psychiatry,1,5225,4703,4703,4,4
Chandigarh,Sector 20,General Psychiatry,6,5225,2351,2351,4,4
Chandigarh,Sector 20,General Gynecology,1,11495,3135,3135,1,1
Chandigarh,Sector 20,General Gynecology,6,9405,2090,2090,1,1
Chandigarh,Sector 20,General Alt Medicine,1,5000,2000,2000,1,1
Chandigarh,Sector 20,General Alt Medicine,6,5000,2000,2000,1,1
Chandigarh,Sector 20,General Pediatrics,1,3000,2000,2000,1,1
Chandigarh,Sector 20,General Pediatrics,6,3000,2000,2000,1,1
Chandigarh,Sector 20,General Ophthalmology,1,8000,2000,2000,1,1
Chandigarh,Sector 20,General Ophthalmology,6,5000,2000,2000,1,1
Chandigarh,Sector 20,Orthopaedics,1,6270,2090,2090,1,1
Chandigarh,Sector 20,Orthopaedics,6,3135,2090,2090,1,1
Chandigarh,Sector 20,Homeopathy,1,3000,2000,2000,1,1
Chandigarh,Sector 20,Homeopathy,6,3000,2000,2000,1,1
Chandigarh,Sector 36,General Dermatology,1,8360,4076,4076,1,1
Chandigarh,Sector 36,General Dermatology,6,5225,2090,2090,1,1
Chandigarh,Sector 36,Sexologist,1,3000,2000,2000,1,1
Chandigarh,Sector 36,Sexologist,6,3000,2000,2000,1,1
Chandigarh,Sector 36,Physiotherapist,1,5000,2000,2000,1,1
Chandigarh,Sector 36,Physiotherapist,6,3000,2000,2000,1,1
Chandigarh,Sector 36,Gastroenterologist,1,11495,2090,2090,1,1
Chandigarh,Sector 36,Gastroenterologist,6,6270,2090,2090,1,1
Chandigarh,Sector 36,General Physician,1,3135,2090,2090,1,1
Chandigarh,Sector 36,General Physician,6,3135,2090,2090,1,1
Chandigarh,Sector 36,Urologist,1,5000,4500,4500,3,3
Chandigarh,Sector 36,Urologist,6,3000,2250,2250,3,3
Chandigarh,Sector 36,ENT,1,5225,2090,2090,1,1
Chandigarh,Sector 36,ENT,6,3135,2090,2090,1,1
Chandigarh,Sector 36,General Dentistry,1,8360,2090,2090,1,1
Chandigarh,Sector 36,General Dentistry,6,6270,2090,2090,1,1
Chandigarh,Sector 36,General Psychiatry,1,5225,4703,4703,3,3
Chandigarh,Sector 36,General Psychiatry,6,5225,2351,2351,3,3
Chandigarh,Sector 36,General Gynecology,1,5225,4703,4703,3,3
Chandigarh,Sector 36,General Gynecology,6,3135,2351,2351,3,3
Chandigarh,Sector 36,General Alt Medicine,1,3000,2000,2000,1,1
Chandigarh,Sector 36,General Alt Medicine,6,3000,2000,2000,1,1
Chandigarh,Sector 36,General Pediatrics,1,3000,2000,2000,1,1
Chandigarh,Sector 36,General Pediatrics,6,3000,2000,2000,1,1
Chandigarh,Sector 36,General Ophthalmology,1,8000,2000,2000,1,1
Chandigarh,Sector 36,General Ophthalmology,6,5000,2000,2000,1,1
Chandigarh,Sector 36,Orthopaedics,1,6270,6270,6270,1,1
Chandigarh,Sector 36,Orthopaedics,6,3135,3135,3135,1,1
Chennai,Chennai North,General Dermatology,1,16800,2100,2100,1,0
Chennai,Chennai North,General Dermatology,6,8400,2100,2100,1,1
Chennai,Chennai North,Neurologist,1,11550,2100,2100,1,1
Chennai,Chennai North,Neurologist,6,6300,2100,2100,1,1
Chennai,Chennai North,Sexologist,1,3000,2000,2000,1,1
Chennai,Chennai North,Sexologist,6,3000,2000,2000,1,1
Chennai,Chennai North,Physiotherapist,1,3000,2000,2000,1,1
Chennai,Chennai North,Physiotherapist,6,3000,2000,2000,1,1
Chennai,Chennai North,Endocrinologist,1,3150,2100,2100,1,1
Chennai,Chennai North,Endocrinologist,6,3150,2100,2100,1,1
Chennai,Chennai North,Gastroenterologist,1,14700,14175,14175,6,6
Chennai,Chennai North,Gastroenterologist,6,11550,7088,7088,6,6
Chennai,Chennai North,General Physician,1,6300,2100,2100,1,1
Chennai,Chennai North,General Physician,6,3150,2100,2100,1,1
Chennai,Chennai North,Urologist,1,8400,2100,2100,1,1
Chennai,Chennai North,Urologist,6,5250,2100,2100,1,1
Chennai,Chennai North,ENT,1,9450,2100,2100,1,0
Chennai,Chennai North,ENT,6,5250,2100,2100,1,1
Chennai,Chennai North,General Dentistry,1,6600,3740,3740,1,0
Chennai,Chennai North,General Dentistry,6,5250,2100,2100,1,1
Chennai,Chennai North,Oncologist,1,6000,2000,2000,1,0
Chennai,Chennai North,Oncologist,6,3000,2000,2000,1,1
Chennai,Chennai North,Pulmonologist,1,8400,2100,2100,1,1
Chennai,Chennai North,Pulmonologist,6,5250,2100,2100,1,1
Chennai,Chennai North,Cardiologist,1,9900,2200,2200,1,0
Chennai,Chennai North,Cardiologist,6,5250,2100,2100,1,1
Chennai,Chennai North,General Psychiatry,1,12600,9345,9345,1,1
Chennai,Chennai North,General Psychiatry,6,6300,4673,4673,1,1
Chennai,Chennai North,General Gynecology,1,27300,10395,10395,1,0
Chennai,Chennai North,General Gynecology,6,22000,5445,5445,1,1
Chennai,Chennai North,General Pediatrics,1,8800,5610,5610,1,0
Chennai,Chennai North,General Pediatrics,6,5250,2678,2678,1,1
Chennai,Chennai North,General Ophthalmology,1,6000,2000,2000,1,1
Chennai,Chennai North,General Ophthalmology,6,3000,2000,2000,1,1
Chennai,Chennai North,Orthopaedics,1,9900,9900,9900,1,1
Chennai,Chennai North,Orthopaedics,6,5250,4725,4725,1,1
Chennai,Chennai North,Homeopathy,1,0,,,1,1
Chennai,Chennai South East 2,General Dermatology,1,22000,3960,3960,1,0
Chennai,Chennai South East 2,General Dermatology,6,16800,2100,2100,1,0
Chennai,Chennai South East 2,Neurologist,1,12600,2100,2100,1,1
Chennai,Chennai South East 2,Neurologist,6,6300,2100,2100,1,1
Chennai,Chennai South East 2,Physiotherapist,1,3000,3000,3000,2,2
Chennai,Chennai South East 2,Physiotherapist,6,3000,2000,2000,2,2
Chennai,Chennai South East 2,Gastroenterologist,1,6600,2200,2200,1,1
Chennai,Chennai South East 2,Gastroenterologist,6,5250,2100,2100,1,1
Chennai,Chennai South East 2,General Physician,1,6300,2100,2100,1,1
Chennai,Chennai South East 2,General Physician,6,3150,2100,2100,1,1
Chennai,Chennai South East 2,Urologist,1,3000,3000,3000,6,5
Chennai,Chennai South East 2,Urologist,6,3000,2000,2000,6,6
Chennai,Chennai South East 2,ENT,1,13200,13200,13200,1,0
Chennai,Chennai South East 2,ENT,6,9450,6300,6300,1,1
Chennai,Chennai South East 2,General Dentistry,1,12100,5720,5720,1,1
Chennai,Chennai South East 2,General Dentistry,6,9900,2860,2860,1,1
Chennai,Chennai South East 2,Oncologist,1,6000,2000,2000,1,1
Chennai,Chennai South East 2,Oncologist,6,3000,2000,2000,1,1
Chennai,Chennai South East 2,General Psychiatry,1,13200,2200,2200,1,1
Chennai,Chennai South East 2,General Psychiatry,6,9450,2100,2100,1,1
Chennai,Chennai South East 2,General Gynecology,1,20000,9030,9030,1,0
Chennai,Chennai South East 2,General Gynecology,6,19950,4515,4515,1,1
Chennai,Chennai South East 2,General Alt Medicine,1,3150,2100,2100,1,1
Chennai,Chennai South East 2,General Alt Medicine,6,3000,2000,2000,1,1
Chennai,Chennai South East 2,General Pediatrics,1,6000,2000,2000,1,0
Chennai,Chennai South East 2,General Pediatrics,6,3000,2000,2000,1,1
Chennai,Chennai South East 2,Orthopaedics,1,6600,2200,2200,1,0
Chennai,Chennai South East 2,Orthopaedics,6,3150,2100,2100,1,1
Chennai,Chennai North East,General Dermatology,1,9450,2100,2100,1,1
Chennai,Chennai North East,General Dermatology,6,5250,2100,2100,1,1
Chennai,Chennai North East,Neurologist,1,8800,2200,2200,1,1
Chennai,Chennai North East,Neurologist,6,5250,2100,2100,1,1
Chennai,Chennai North East,Gastroenterologist,1,6300,2835,2835,1,1
Chennai,Chennai North East,Gastroenterologist,6,5000,2000,2000,1,1
Chennai,Chennai North East,General Physician,1,5000,2700,2700,1,1
Chennai,Chennai North East,General Physician,6,5000,2000,2000,1,1
Chennai,Chennai North East,Urologist,1,5000,2000,2000,1,1
Chennai,Chennai North East,Urologist,6,3000,2000,2000,1,1
Chennai,Chennai North East,ENT,1,9450,2100,2100,1,0
Chennai,Chennai North East,ENT,6,5250,2100,2100,1,1
Chennai,Chennai North East,General Dentistry,1,10000,2000,2000,1,0
Chennai,Chennai North East,General Dentistry,6,10000,2000,2000,1,1
Chennai,Chennai North East,Oncologist,1,6000,2000,2000,1,1
Chennai,Chennai North East,Oncologist,6,3000,2000,2000,1,1
Chennai,Chennai North East,General Psychiatry,1,5000,2000,2000,1,0
Chennai,Chennai North East,General Psychiatry,6,3000,2000,2000,1,1
Chennai,Chennai North East,General Gynecology,1,9450,2100,2100,1,0
Chennai,Chennai North East,General Gynecology,6,8800,2200,2200,1,0
Chennai,Chennai North East,General Pediatrics,1,8000,2000,2000,1,1
Chennai,Chennai North East,General Pediatrics,6,5000,2000,2000,1,1
Chennai,Chennai North East,Orthopaedics,1,6300,2100,2100,1,1
Chennai,Chennai North East,Orthopaedics,6,3000,2000,2000,1,0
Chennai,Chennai Central East,General Dermatology,1,14700,2100,2100,1,1
Chennai,Chennai Central East,General Dermatology,6,8400,2100,2100,1,1
Chennai,Chennai Central East,Neurologist,1,12100,2200,2200,1,1
Chennai,Chennai Central East,Neurologist,6,6300,2100,2100,1,1
Chennai,Chennai Central East,Sexologist,1,5000,2000,2000,1,1
Chennai,Chennai Central East,Sexologist,6,3000,2000,2000,1,1
Chennai,Chennai Central East,Physiotherapist,1,5000,4200,4200,1,0
Chennai,Chennai Central East,Physiotherapist,6,3000,2100,2100,1,1
Chennai,Chennai Central East,Endocrinologist,1,6300,2100,2100,1,1
Chennai,Chennai Central East,Endocrinologist,6,3150,2100,2100,1,1
Chennai,Chennai Central East,Gastroenterologist,1,8400,7875,7875,3,2
Chennai,Chennai Central East,Gastroenterologist,6,5250,3938,3938,3,3
Chennai,Chennai Central East,General Physician,1,8400,3675,3675,1,1
Chennai,Chennai Central East,General Physician,6,5250,2100,2100,1,1
Chennai,Chennai Central East,Urologist,1,6600,6600,6600,2,1
Chennai,Chennai Central East,Urologist,6,3150,3150,3150,2,2
Chennai,Chennai Central East,ENT,1,12100,11550,11550,2,0
Chennai,Chennai Central East,ENT,6,6600,5775,5775,2,2
Chennai,Chennai Central East,General Dentistry,1,12100,7810,7810,1,0
Chennai,Chennai Central East,General Dentistry,6,9900,3905,3905,1,1
Chennai,Chennai Central East,Oncologist,1,5000,2000,2000,1,1
Chennai,Chennai Central East,Oncologist,6,3000,2000,2000,1,1
Chennai,Chennai Central East,Pulmonologist,1,3000,3000,3000,6,5
Chennai,Chennai Central East,Pulmonologist,6,3000,2000,2000,6,6
Chennai,Chennai Central East,Cardiologist,1,5250,4515,4515,1,0
Chennai,Chennai Central East,Cardiologist,6,3000,2150,2150,1,1
Chennai,Chennai Central East,General Psychiatry,1,8800,4400,4400,1,0
Chennai,Chennai Central East,General Psychiatry,6,5250,2100,2100,1,1
Chennai,Chennai Central East,General Gynecology,1,23100,3255,3255,1,0
Chennai,Chennai Central East,General Gynecology,6,18700,2200,2200,1,0
Chennai,Chennai Central East,General Alt Medicine,1,3000,2000,2000,1,1
Chennai,Chennai Central East,General Alt Medicine,6,3000,2000,2000,1,1
Chennai,Chennai Central East,General Pediatrics,1,8400,7875,7875,3,3
Chennai,Chennai Central East,General Pediatrics,6,5250,3938,3938,3,3
Chennai,Chennai Central East,General Ophthalmology,1,6000,2000,2000,1,1
Chennai,Chennai Central East,General Ophthalmology,6,3000,2000,2000,1,1
Chennai,Chennai Central East,Orthopaedics,1,14700,9030,9030,1,1
Chennai,Chennai Central East,Orthopaedics,6,8400,4515,4515,1,1
Chennai,Chennai South East 1,General Dermatology,1,24200,23100,23100,2,0
Chennai,Chennai South East 1,General Dermatology,6,18700,11550,11550,2,1
Chennai,Chennai South East 1,Neurologist,1,12100,11550,11550,2,1
Chennai,Chennai South East 1,Neurologist,6,6300,5513,5513,2,2
Chennai,Chennai South East 1,Sexologist,1,9000,2000,2000,1,1
Chennai,Chennai South East 1,Sexologist,6,8000,2000,2000,1,1
Chennai,Chennai South East 1,Physiotherapist,1,8800,2200,2200,1,0
Chennai,Chennai South East 1,Physiotherapist,6,6300,2100,2100,1,1
Chennai,Chennai South East 1,Hair Transplant,1,5250,2100,2100,1,0
Chennai,Chennai South East 1,Hair Transplant,6,5000,2000,2000,1,1
Chennai,Chennai South East 1,Dietitian,1,6000,2000,2000,1,1
Chennai,Chennai South East 1,Dietitian,6,5000,2000,2000,1,1
Chennai,Chennai South East 1,Endocrinologist,1,8400,2100,2100,1,1
Chennai,Chennai South East 1,Endocrinologist,6,5250,2100,2100,1,1
Chennai,Chennai South East 1,Gastroenterologist,1,24200,12980,12980,1,0
Chennai,Chennai South East 1,Gastroenterologist,6,17850,6195,6195,1,0
Chennai,Chennai South East 1,General Physician,1,11550,11025,11025,1,0
Chennai,Chennai South East 1,General Physician,6,9450,5513,5513,1,1
Chennai,Chennai South East 1,Urologist,1,17600,22000,22000,4,2
Chennai,Chennai South East 1,Urologist,6,12600,10500,10500,4,4
Chennai,Chennai South East 1,ENT,1,27500,12980,12980,1,0
Chennai,Chennai South East 1,ENT,6,19950,6195,6195,1,0
Chennai,Chennai South East 1,General Dentistry,1,24200,19140,19140,1,0
Chennai,Chennai South East 1,General Dentistry,6,18700,9570,9570,1,0
Chennai,Chennai South East 1,Oncologist,1,9000,9000,9000,1,0
Chennai,Chennai South East 1,Oncologist,6,5000,4500,4500,1,1
Chennai,Chennai South East 1,Pulmonologist,1,17600,13640,13640,1,1
Chennai,Chennai South East 1,Pulmonologist,6,12600,6510,6510,1,1
Chennai,Chennai South East 1,Cardiologist,1,8400,7875,7875,3,2
Chennai,Chennai South East 1,Cardiologist,6,6300,3938,3938,3,3
Chennai,Chennai South East 1,General Psychiatry,1,27300,26775,26775,2,0
Chennai,Chennai South East 1,General Psychiatry,6,14700,13388,13388,2,2
Chennai,Chennai South East 1,General Gynecology,1,30000,20423,20423,1,0
Chennai,Chennai South East 1,General Gynecology,6,42900,10698,10698,2,1
Chennai,Chennai South East 1,General Alt Medicine,1,6300,2100,2100,1,0
Chennai,Chennai South East 1,General Alt Medicine,6,5000,2000,2000,1,1
Chennai,Chennai South East 1,General Pediatrics,1,8400,2100,2100,1,0
Chennai,Chennai South East 1,General Pediatrics,6,5250,2100,2100,1,1
Chennai,Chennai South East 1,General Ophthalmology,1,22000,12210,12210,1,0
Chennai,Chennai South East 1,General Ophthalmology,6,16800,5828,5828,1,1
Chennai,Chennai South East 1,Orthopaedics,1,20900,19800,19800,2,0
Chennai,Chennai South East 1,Orthopaedics,6,9450,9450,9450,2,2
Chennai,Chennai South West 1,General Dermatology,1,39600,11880,11880,1,0
Chennai,Chennai South West 1,General Dermatology,6,29400,5670,5670,1,1
Chennai,Chennai South West 1,Neurologist,1,9450,9450,9450,6,6
Chennai,Chennai South West 1,Neurologist,6,5250,4725,4725,6,6
Chennai,Chennai South West 1,Sexologist,1,6300,2100,2100,1,1
Chennai,Chennai South West 1,Sexologist,6,5250,2100,2100,1,1
Chennai,Chennai South West 1,Physiotherapist,1,12100,2750,2750,1,1
Chennai,Chennai South West 1,Physiotherapist,6,6300,2100,2100,1,1
Chennai,Chennai South West 1,Dietitian,1,3000,2000,2000,1,1
Chennai,Chennai South West 1,Dietitian,6,3000,2000,2000,1,1
Chennai,Chennai South West 1,Endocrinologist,1,8400,2100,2100,1,0
Chennai,Chennai South West 1,Endocrinologist,6,5250,2100,2100,1,1
Chennai,Chennai South West 1,Gastroenterologist,1,15400,14850,14850,2,2
Chennai,Chennai South West 1,Gastroenterologist,6,11550,7088,7088,2,2
Chennai,Chennai South West 1,General Physician,1,9900,3190,3190,1,0
Chennai,Chennai South West 1,General Physician,6,5250,2100,2100,1,1
Chennai,Chennai South West 1,Urologist,1,9900,2200,2200,1,1
Chennai,Chennai South West 1,Urologist,6,5250,2100,2100,1,1
Chennai,Chennai South West 1,ENT,1,17600,2200,2200,1,1
Chennai,Chennai South West 1,ENT,6,8400,2100,2100,1,1
Chennai,Chennai South West 1,General Dentistry,1,23100,11550,11550,1,1
Chennai,Chennai South West 1,General Dentistry,6,18700,6050,6050,1,1
Chennai,Chennai South West 1,Oncologist,1,5000,4500,4500,2,1
Chennai,Chennai South West 1,Oncologist,6,3000,2250,2250,2,2
Chennai,Chennai South West 1,Pulmonologist,1,9900,2200,2200,1,1
Chennai,Chennai South West 1,Pulmonologist,6,5250,2100,2100,1,1
Chennai,Chennai South West 1,Cardiologist,1,9900,7040,7040,1,1
Chennai,Chennai South West 1,Cardiologist,6,5250,3360,3360,1,1
Chennai,Chennai South West 1,General Psychiatry,1,5250,4725,4725,6,5
Chennai,Chennai South West 1,General Psychiatry,6,3150,2363,2363,6,6
Chennai,Chennai South West 1,General Gynecology,1,28600,28050,28050,1,0
Chennai,Chennai South West 1,General Gynecology,6,21000,13388,13388,1,0
Chennai,Chennai South West 1,General Alt Medicine,1,6300,2100,2100,1,0
Chennai,Chennai South West 1,General Alt Medicine,6,5000,2000,2000,1,0
Chennai,Chennai South West 1,General Pediatrics,1,13200,2200,2200,1,0
Chennai,Chennai South West 1,General Pediatrics,6,9450,2100,2100,1,1
Chennai,Chennai South West 1,General Ophthalmology,1,9000,2000,2000,1,1
Chennai,Chennai South West 1,General Ophthalmology,6,8000,2000,2000,1,1
Chennai,Chennai South West 1,Orthopaedics,1,22000,21450,21450,2,1
Chennai,Chennai South West 1,Orthopaedics,6,11550,10238,10238,2,2
Chennai,Chennai South West 2,General Dermatology,1,26250,17745,17745,1,0
Chennai,Chennai South West 2,General Dermatology,6,20900,9295,9295,1,0
Chennai,Chennai South West 2,Neurologist,1,20900,2200,2200,1,0
Chennai,Chennai South West 2,Neurologist,6,9450,2100,2100,1,0
Chennai,Chennai South West 2,Sexologist,1,6300,2100,2100,1,1
Chennai,Chennai South West 2,Sexologist,6,3150,2100,2100,1,1
Chennai,Chennai South West 2,Physiotherapist,1,9450,2310,2310,1,1
Chennai,Chennai South West 2,Physiotherapist,6,5250,2100,2100,1,1
Chennai,Chennai South West 2,Hair Transplant,1,10000,2000,2000,1,1
Chennai,Chennai South West 2,Hair Transplant,6,9000,2000,2000,1,1
Chennai,Chennai South West 2,Dietitian,1,5000,2000,2000,1,1
Chennai,Chennai South West 2,Dietitian,6,3000,2000,2000,1,1
Chennai,Chennai South West 2,Endocrinologist,1,9450,2100,2100,1,1
Chennai,Chennai South West 2,Endocrinologist,6,5250,2100,2100,1,1
Chennai,Chennai South West 2,Gastroenterologist,1,27300,2100,2100,1,0
Chennai,Chennai South West 2,Gastroenterologist,6,21000,2100,2100,1,1
Chennai,Chennai South West 2,General Physician,1,11550,3885,3885,1,0
Chennai,Chennai South West 2,General Physician,6,9450,2100,2100,1,1
Chennai,Chennai South West 2,Urologist,1,9900,2200,2200,1,0
Chennai,Chennai South West 2,Urologist,6,5250,2100,2100,1,1
Chennai,Chennai South West 2,ENT,1,20900,4620,4620,1,0
Chennai,Chennai South West 2,ENT,6,9450,2205,2205,1,0
Chennai,Chennai South West 2,General Dentistry,1,20900,19800,19800,1,0
Chennai,Chennai South West 2,General Dentistry,6,15400,9900,9900,1,0
Chennai,Chennai South West 2,Oncologist,1,6000,2000,2000,1,0
Chennai,Chennai South West 2,Oncologist,6,3000,2000,2000,1,0
Chennai,Chennai South West 2,Cosmetic/Plastic Surgeon,1,10000,2000,2000,1,1
Chennai,Chennai South West 2,Cosmetic/Plastic Surgeon,6,9000,2000,2000,1,1
Chennai,Chennai South West 2,Pulmonologist,1,12100,2200,2200,1,0
Chennai,Chennai South West 2,Pulmonologist,6,6300,2100,2100,1,1
Chennai,Chennai South West 2,Cardiologist,1,9450,2100,2100,1,0
Chennai,Chennai South West 2,Cardiologist,6,5250,2100,2100,1,1
Chennai,Chennai South West 2,Nephrologist,1,9450,6930,6930,1,0
Chennai,Chennai South West 2,Nephrologist,6,5250,3465,3465,1,1
Chennai,Chennai South West 2,General Surgeon,1,9450,2100,2100,1,0
Chennai,Chennai South West 2,General Surgeon,6,5250,2100,2100,1,1
Chennai,Chennai South West 2,Veterinarian,1,3000,2000,2000,1,1
Chennai,Chennai South West 2,Veterinarian,6,3000,2000,2000,1,1
Chennai,Chennai South West 2,General Psychiatry,1,5250,4725,4725,5,1
Chennai,Chennai South West 2,General Psychiatry,6,3150,2363,2363,5,5
Chennai,Chennai South West 2,Speech Therapist,1,3150,2100,2100,1,0
Chennai,Chennai South West 2,Speech Therapist,6,3000,2000,2000,1,1
Chennai,Chennai South West 2,General Gynecology,1,30000,30000,30000,1,0
Chennai,Chennai South West 2,General Gynecology,6,31900,17545,17545,1,0
Chennai,Chennai South West 2,General Alt Medicine,1,12100,3630,3630,1,0
Chennai,Chennai South West 2,General Alt Medicine,6,9450,2100,2100,1,1
Chennai,Chennai South West 2,General Pediatrics,1,8400,2835,2835,1,0
Chennai,Chennai South West 2,General Pediatrics,6,5250,2100,2100,1,1
Chennai,Chennai South West 2,General Ophthalmology,1,9450,2100,2100,1,1
Chennai,Chennai South West 2,General Ophthalmology,6,8400,2100,2100,1,1
Chennai,Chennai South West 2,Orthopaedics,1,23100,21210,21210,1,0
Chennai,Chennai South West 2,Orthopaedics,6,17850,10605,10605,1,1
Chennai,Chennai South West 2,Homeopathy,1,3000,3000,3000,2,2
Chennai,Chennai South West 2,Homeopathy,6,3150,2100,2100,1,0
Chennai,Chennai West,General Dermatology,1,21000,2100,2100,1,1
Chennai,Chennai West,General Dermatology,6,16800,2100,2100,1,1
Chennai,Chennai West,Neurologist,1,11550,2100,2100,1,1
Chennai,Chennai West,Neurologist,6,6300,2100,2100,1,1
Chennai,Chennai West,Sexologist,1,6300,2100,2100,1,1
Chennai,Chennai West,Sexologist,6,3150,2100,2100,1,1
Chennai,Chennai West,Physiotherapist,1,3000,2000,2000,1,1
Chennai,Chennai West,Physiotherapist,6,3000,2000,2000,1,1
Chennai,Chennai West,Endocrinologist,1,5250,2100,2100,1,1
Chennai,Chennai West,Endocrinologist,6,3150,2100,2100,1,1
Chennai,Chennai West,Gastroenterologist,1,8400,2100,2100,1,1
Chennai,Chennai West,Gastroenterologist,6,5250,2100,2100,1,1
Chennai,Chennai West,General Physician,1,5250,2100,2100,1,1
Chennai,Chennai West,General Physician,6,3150,2100,2100,1,1
Chennai,Chennai West,Urologist,1,9450,9450,9450,2,2
Chennai,Chennai West,Urologist,6,8400,4725,4725,2,2
Chennai,Chennai West,ENT,1,16800,2100,2100,1,0
Chennai,Chennai West,ENT,6,8400,2100,2100,1,1
Chennai,Chennai West,General Dentistry,1,13200,3960,3960,1,0
Chennai,Chennai West,General Dentistry,6,9450,2100,2100,1,1
Chennai,Chennai West,Oncologist,1,6000,2000,2000,1,1
Chennai,Chennai West,Oncologist,6,3000,2000,2000,1,1
Chennai,Chennai West,Cosmetic/Plastic Surgeon,1,3000,2000,2000,1,1
Chennai,Chennai West,Cosmetic/Plastic Surgeon,6,3000,2000,2000,1,1
Chennai,Chennai West,Pulmonologist,1,9450,2100,2100,1,1
Chennai,Chennai West,Pulmonologist,6,5250,2100,2100,1,1
Chennai,Chennai West,Cardiologist,1,9450,2100,2100,1,1
Chennai,Chennai West,Cardiologist,6,5250,2100,2100,1,1
Chennai,Chennai West,Nephrologist,1,3000,2000,2000,1,1
Chennai,Chennai West,Nephrologist,6,3000,2000,2000,1,1
Chennai,Chennai West,Veterinarian,1,3000,2000,2000,1,1
Chennai,Chennai West,Veterinarian,6,3000,2000,2000,1,1
Chennai,Chennai West,General Psychiatry,1,11550,11025,11025,3,2
Chennai,Chennai West,General Psychiatry,6,6300,5513,5513,3,3
Chennai,Chennai West,General Gynecology,1,30000,3045,3045,1,0
Chennai,Chennai West,General Gynecology,6,28600,2200,2200,1,0
Chennai,Chennai West,General Alt Medicine,1,3000,2000,2000,1,1
Chennai,Chennai West,General Alt Medicine,6,3000,2000,2000,1,1
Chennai,Chennai West,General Pediatrics,1,9450,2100,2100,1,1
Chennai,Chennai West,General Pediatrics,6,5250,2100,2100,1,1
Chennai,Chennai West,General Ophthalmology,1,6000,2000,2000,1,1
Chennai,Chennai West,General Ophthalmology,6,3000,2000,2000,1,1
Chennai,Chennai West,Orthopaedics,1,9900,2200,2200,1,1
Chennai,Chennai West,Orthopaedics,6,5250,2100,2100,1,1
Chennai,Chennai South 1,General Dermatology,1,21000,15330,15330,1,1
Chennai,Chennai South 1,General Dermatology,6,16800,7665,7665,1,1
Chennai,Chennai South 1,Neurologist,1,12600,12600,12600,4,4
Chennai,Chennai South 1,Neurologist,6,6300,6300,6300,4,4
Chennai,Chennai South 1,Physiotherapist,1,11550,2100,2100,1,0
Chennai,Chennai South 1,Physiotherapist,6,9000,2000,2000,1,1
Chennai,Chennai South 1,Endocrinologist,1,8000,2000,2000,1,0
Chennai,Chennai South 1,Endocrinologist,6,5000,2000,2000,1,1
Chennai,Chennai South 1,Gastroenterologist,1,8400,7875,7875,3,2
Chennai,Chennai South 1,Gastroenterologist,6,5250,3938,3938,3,3
Chennai,Chennai South 1,General Physician,1,9900,9900,9900,1,0
Chennai,Chennai South 1,General Physician,6,8400,4725,4725,1,1
Chennai,Chennai South 1,Urologist,1,6000,6000,6000,2,2
Chennai,Chennai South 1,Urologist,6,3000,3000,3000,2,2
Chennai,Chennai South 1,ENT,1,12100,11550,11550,1,0
Chennai,Chennai South 1,ENT,6,6300,5513,5513,1,1
Chennai,Chennai South 1,General Dentistry,1,9900,9350,9350,1,0
Chennai,Chennai South 1,General Dentistry,6,5500,4675,4675,1,0
Chennai,Chennai South 1,Oncologist,1,5000,4500,4500,1,0
Chennai,Chennai South 1,Oncologist,6,3000,2250,2250,1,1
Chennai,Chennai South 1,Pulmonologist,1,6000,5300,5300,1,1
Chennai,Chennai South 1,Pulmonologist,6,3000,2650,2650,1,1
Chennai,Chennai South 1,Cardiologist,1,6300,6300,6300,2,1
Chennai,Chennai South 1,Cardiologist,6,5000,3000,3000,2,2
Chennai,Chennai South 1,General Psychiatry,1,8800,8250,8250,2,1
Chennai,Chennai South 1,General Psychiatry,6,5250,3938,3938,2,2
Chennai,Chennai South 1,General Gynecology,1,27500,25850,25850,1,0
Chennai,Chennai South 1,General Gynecology,6,19950,12338,12338,1,1
Chennai,Chennai South 1,General Alt Medicine,1,6300,2100,2100,1,1
Chennai,Chennai South 1,General Alt Medicine,6,3000,2000,2000,1,1
Chennai,Chennai South 1,General Pediatrics,1,8400,2205,2205,1,1
Chennai,Chennai South 1,General Pediatrics,6,5250,2100,2100,1,1
Chennai,Chennai South 1,Orthopaedics,1,20000,20000,20000,1,1
Chennai,Chennai South 1,Orthopaedics,6,16800,10238,10238,1,1
Chennai,Chennai South 2,General Dermatology,1,30800,27940,27940,1,0
Chennai,Chennai South 2,General Dermatology,6,23100,13335,13335,1,1
Chennai,Chennai South 2,Neurologist,1,27300,25673,25673,2,2
Chennai,Chennai South 2,Neurologist,6,14700,12836,12836,2,2
Chennai,Chennai South 2,Sexologist,1,6300,2100,2100,1,1
Chennai,Chennai South 2,Sexologist,6,3150,2100,2100,1,1
Chennai,Chennai South 2,Physiotherapist,1,10000,5800,5800,1,1
Chennai,Chennai South 2,Physiotherapist,6,9000,2900,2900,1,1
Chennai,Chennai South 2,Endocrinologist,1,9450,9135,9135,1,1
Chennai,Chennai South 2,Endocrinologist,6,5250,4568,4568,1,1
Chennai,Chennai South 2,Gastroenterologist,1,12600,12600,12600,5,3
Chennai,Chennai South 2,Gastroenterologist,6,9450,6300,6300,5,5
Chennai,Chennai South 2,General Physician,1,11550,11025,11025,3,3
Chennai,Chennai South 2,General Physician,6,9450,5513,5513,3,3
Chennai,Chennai South 2,Urologist,1,12100,11550,11550,2,2
Chennai,Chennai South 2,Urologist,6,9450,5513,5513,2,2
Chennai,Chennai South 2,ENT,1,22000,21450,21450,2,0
Chennai,Chennai South 2,ENT,6,16800,10238,10238,2,2
Chennai,Chennai South 2,General Dentistry,1,20900,9020,9020,1,0
Chennai,Chennai South 2,General Dentistry,6,15400,4510,4510,1,0
Chennai,Chennai South 2,Oncologist,1,5000,6000,6000,6,6
Chennai,Chennai South 2,Oncologist,6,3000,3000,3000,6,6
Chennai,Chennai South 2,Pulmonologist,1,12600,12600,12600,2,2
Chennai,Chennai South 2,Pulmonologist,6,9450,6300,6300,2,2
Chennai,Chennai South 2,Cardiologist,1,14700,14175,14175,5,4
Chennai,Chennai South 2,Cardiologist,6,11550,7088,7088,5,5
Chennai,Chennai South 2,Nephrologist,1,6300,5670,5670,1,1
Chennai,Chennai South 2,Nephrologist,6,5250,2835,2835,1,1
Chennai,Chennai South 2,General Surgeon,1,10000,10000,10000,5,5
Chennai,Chennai South 2,General Surgeon,6,10000,10000,10000,5,5
Chennai,Chennai South 2,General Psychiatry,1,21000,9345,9345,1,1
Chennai,Chennai South 2,General Psychiatry,6,11550,4673,4673,1,1
Chennai,Chennai South 2,General Gynecology,1,20000,20000,20000,1,0
Chennai,Chennai South 2,General Gynecology,6,20000,11918,11918,1,1
Chennai,Chennai South 2,General Alt Medicine,1,3150,2100,2100,1,1
Chennai,Chennai South 2,General Alt Medicine,6,3000,2000,2000,1,1
Chennai,Chennai South 2,General Pediatrics,1,16800,13755,13755,1,1
Chennai,Chennai South 2,General Pediatrics,6,12600,6878,6878,1,1
Chennai,Chennai South 2,General Ophthalmology,1,3000,3000,3000,4,4
Chennai,Chennai South 2,General Ophthalmology,6,3000,2000,2000,4,4
Chennai,Chennai South 2,Orthopaedics,1,27500,26400,26400,3,2
Chennai,Chennai South 2,Orthopaedics,6,12600,12600,12600,3,3
Chennai,Chennai Central,General Dermatology,1,27300,23940,23940,1,1
Chennai,Chennai Central,General Dermatology,6,21000,11970,11970,1,1
Chennai,Chennai Central,Neurologist,1,24150,23625,23625,3,3
Chennai,Chennai Central,Neurologist,6,19950,11813,11813,3,3
Chennai,Chennai Central,Sexologist,1,5250,2100,2100,1,1
Chennai,Chennai Central,Sexologist,6,3150,2100,2100,1,1
Chennai,Chennai Central,Physiotherapist,1,8800,8030,8030,1,0
Chennai,Chennai Central,Physiotherapist,6,6300,3833,3833,1,1
Chennai,Chennai Central,Dietitian,1,0,0,0,1,1
Chennai,Chennai Central,Endocrinologist,1,8400,2100,2100,1,1
Chennai,Chennai Central,Endocrinologist,6,5250,2100,2100,1,1
Chennai,Chennai Central,Gastroenterologist,1,14700,14175,14175,5,5
Chennai,Chennai Central,Gastroenterologist,6,11550,7088,7088,5,5
Chennai,Chennai Central,General Physician,1,11550,11025,11025,3,3
Chennai,Chennai Central,General Physician,6,9450,5513,5513,3,3
Chennai,Chennai Central,Urologist,1,15400,2970,2970,1,1
Chennai,Chennai Central,Urologist,6,11550,2100,2100,1,1
Chennai,Chennai Central,ENT,1,27500,12760,12760,1,1
Chennai,Chennai Central,ENT,6,20900,6380,6380,1,1
Chennai,Chennai Central,General Dentistry,1,22000,15730,15730,1,0
Chennai,Chennai Central,General Dentistry,6,16800,7508,7508,1,0
Chennai,Chennai Central,Oncologist,1,5000,6000,6000,5,4
Chennai,Chennai Central,Oncologist,6,3000,3000,3000,5,5
Chennai,Chennai Central,Cosmetic/Plastic Surgeon,1,9000,2000,2000,1,1
Chennai,Chennai Central,Cosmetic/Plastic Surgeon,6,8000,2000,2000,1,1
Chennai,Chennai Central,Pulmonologist,1,16800,9555,9555,1,1
Chennai,Chennai Central,Pulmonologist,6,12600,4778,4778,1,1
Chennai,Chennai Central,Cardiologist,1,8400,7875,7875,6,5
Chennai,Chennai Central,Cardiologist,6,6300,3938,3938,6,6
Chennai,Chennai Central,Nephrologist,1,5000,2000,2000,1,1
Chennai,Chennai Central,Nephrologist,6,5000,2000,2000,1,1
Chennai,Chennai Central,General Psychiatry,1,23100,22050,22050,6,6
Chennai,Chennai Central,General Psychiatry,6,11550,11025,11025,6,6
Chennai,Chennai Central,General Gynecology,1,30000,24045,24045,1,0
Chennai,Chennai Central,General Gynecology,6,31900,12595,12595,1,1
Chennai,Chennai Central,General Alt Medicine,1,3150,2100,2100,1,1
Chennai,Chennai Central,General Alt Medicine,6,3000,2000,2000,1,1
Chennai,Chennai Central,General Pediatrics,1,20000,11025,11025,1,1
Chennai,Chennai Central,General Pediatrics,6,20000,5513,5513,1,1
Chennai,Chennai Central,General Ophthalmology,1,11550,7350,7350,1,0
Chennai,Chennai Central,General Ophthalmology,6,9000,3500,3500,1,1
Chennai,Chennai Central,Orthopaedics,1,36300,46200,46200,1,0
Chennai,Chennai Central,Orthopaedics,6,26250,22050,22050,1,1
Chennai,Chennai South Central,General Dermatology,1,5250,2100,2100,1,0
Chennai,Chennai South Central,General Dermatology,6,3150,2100,2100,1,1
Chennai,Chennai South Central,General Physician,1,3000,2000,2000,1,1
Chennai,Chennai South Central,General Physician,6,3000,2000,2000,1,1
Chennai,Chennai South Central,ENT,1,3150,2520,2520,1,0
Chennai,Chennai South Central,ENT,6,3000,2000,2000,1,1
Chennai,Chennai South Central,General Dentistry,1,6300,2100,2100,1,1
Chennai,Chennai South Central,General Dentistry,6,5000,2000,2000,1,1
Chennai,Chennai South Central,Oncologist,1,5000,2000,2000,1,1
Chennai,Chennai South Central,Oncologist,6,3000,2000,2000,1,1
Chennai,Chennai South Central,General Psychiatry,1,3150,2100,2100,1,0
Chennai,Chennai South Central,General Psychiatry,6,3000,2000,2000,1,1
Chennai,Chennai South Central,General Gynecology,1,8000,2000,2000,1,0
Chennai,Chennai South Central,General Gynecology,6,6300,2100,2100,1,0
Chennai,Chennai South Central,Orthopaedics,1,3150,2100,2100,1,1
Chennai,Chennai South Central,Orthopaedics,6,3000,2000,2000,1,1
Chennai,Chennai South,Oncologist,1,9000,2000,2000,1,1
Chennai,Chennai South,Oncologist,6,5000,2000,2000,1,1
Chennai,Chennai-Cityinventory,General Dermatology,1,34100,31504,31504,5,3
Chennai,Chennai-Cityinventory,General Dermatology,6,24150,15036,15036,5,5
Chennai,Chennai-Cityinventory,Neurologist,1,24200,23100,23100,6,5
Chennai,Chennai-Cityinventory,Neurologist,6,11550,11025,11025,6,6
Chennai,Chennai-Cityinventory,Sexologist,1,8400,2100,2100,4,2
Chennai,Chennai-Cityinventory,Sexologist,6,6300,2100,2100,1,1
Chennai,Chennai-Cityinventory,Physiotherapist,1,12600,12600,12600,3,2
Chennai,Chennai-Cityinventory,Physiotherapist,6,6300,6300,6300,3,3
Chennai,Chennai-Cityinventory,Hair Transplant,1,40700,2200,2200,4,0
Chennai,Chennai-Cityinventory,Hair Transplant,6,29400,2100,2100,1,1
Chennai,Chennai-Cityinventory,Dietitian,1,9900,4730,4730,4,1
Chennai,Chennai-Cityinventory,Dietitian,6,5250,2258,2258,1,1
Chennai,Chennai-Cityinventory,Endocrinologist,1,8800,8250,8250,1,0
Chennai,Chennai-Cityinventory,Endocrinologist,6,5250,3938,3938,1,1
Chennai,Chennai-Cityinventory,Gastroenterologist,1,25300,24750,24750,6,3
Chennai,Chennai-Cityinventory,Gastroenterologist,6,19950,11813,11813,6,6
Chennai,Chennai-Cityinventory,General Physician,1,21000,20475,20475,5,5
Chennai,Chennai-Cityinventory,General Physician,6,16800,10238,10238,5,5
Chennai,Chennai-Cityinventory,Urologist,1,21000,20475,20475,6,6
Chennai,Chennai-Cityinventory,Urologist,6,11550,10238,10238,6,6
Chennai,Chennai-Cityinventory,ENT,1,27500,13200,13200,6,0
Chennai,Chennai-Cityinventory,ENT,6,12600,6300,6300,6,5
Chennai,Chennai-Cityinventory,General Dentistry,1,27500,26400,26400,6,0
Chennai,Chennai-Cityinventory,General Dentistry,6,20900,13200,13200,4,1
Chennai,Chennai-Cityinventory,Oncologist,1,9900,9900,9900,6,3
Chennai,Chennai-Cityinventory,Oncologist,6,5250,4725,4725,6,6
Chennai,Chennai-Cityinventory,Cosmetic/Plastic Surgeon,1,30000,9450,9450,1,0
Chennai,Chennai-Cityinventory,Cosmetic/Plastic Surgeon,6,17850,4725,4725,1,1
Chennai,Chennai-Cityinventory,Pulmonologist,1,12600,12600,12600,4,3
Chennai,Chennai-Cityinventory,Pulmonologist,6,6300,6300,6300,6,6
Chennai,Chennai-Cityinventory,Cardiologist,1,12100,11550,11550,4,2
Chennai,Chennai-Cityinventory,Cardiologist,6,9450,5513,5513,6,6
Chennai,Chennai-Cityinventory,Nephrologist,1,5250,4725,4725,4,4
Chennai,Chennai-Cityinventory,Nephrologist,6,3150,2363,2363,6,6
Chennai,Chennai-Cityinventory,General Surgeon,1,24200,23100,23100,4,0
Chennai,Chennai-Cityinventory,General Surgeon,6,17850,11025,11025,6,6
Chennai,Chennai-Cityinventory,Veterinarian,1,3150,2100,2100,1,1
Chennai,Chennai-Cityinventory,Veterinarian,6,3150,2100,2100,1,1
Chennai,Chennai-Cityinventory,Radiology,1,3150,3150,3150,1,0
Chennai,Chennai-Cityinventory,Radiology,6,3150,2100,2100,1,1
Chennai,Chennai-Cityinventory,General Psychiatry,1,30000,30000,30000,4,3
Chennai,Chennai-Cityinventory,General Psychiatry,6,16800,15750,15750,6,6
Chennai,Chennai-Cityinventory,Vascular Surgeon,1,3150,3150,3150,2,2
Chennai,Chennai-Cityinventory,Vascular Surgeon,6,3150,2100,2100,2,2
Chennai,Chennai-Cityinventory,Occupational Therapist,1,3300,2200,2200,1,0
Chennai,Chennai-Cityinventory,Occupational Therapist,6,3300,2200,2200,1,0
Chennai,Chennai-Cityinventory,Speech Therapist,1,3300,3300,3300,1,0
Chennai,Chennai-Cityinventory,Speech Therapist,6,3300,2200,2200,1,0
Chennai,Chennai-Cityinventory,Allergist/Immunologist,1,3150,2100,2100,1,1
Chennai,Chennai-Cityinventory,Allergist/Immunologist,6,3150,2100,2100,1,1
Chennai,Chennai-Cityinventory,Hematologist,1,3150,3150,3150,1,1
Chennai,Chennai-Cityinventory,Hematologist,6,3150,2100,2100,1,1
Chennai,Chennai-Cityinventory,General Gynecology,1,51700,36391,36391,6,0
Chennai,Chennai-Cityinventory,General Gynecology,6,25300,18196,18196,6,3
Chennai,Chennai-Cityinventory,General Alt Medicine,1,8800,5610,5610,1,0
Chennai,Chennai-Cityinventory,General Alt Medicine,6,5250,2678,2678,1,1
Chennai,Chennai-Cityinventory,General Pediatrics,1,8400,7875,7875,6,4
Chennai,Chennai-Cityinventory,General Pediatrics,6,5250,3938,3938,6,6
Chennai,Chennai-Cityinventory,General Ophthalmology,1,20900,19800,19800,2,1
Chennai,Chennai-Cityinventory,General Ophthalmology,6,9450,9450,9450,2,2
Chennai,Chennai-Cityinventory,Orthopaedics,1,27500,26400,26400,6,6
Chennai,Chennai-Cityinventory,Orthopaedics,6,12600,12600,12600,6,6
Chennai,Chennai-Cityinventory,Homeopathy,1,6600,6600,6600,4,3
Chennai,Chennai-Cityinventory,Homeopathy,6,5250,3150,3150,2,2
Chittoor,Chittoor-Cityinventory,General Physician,1,3000,2000,2000,1,1
Chittoor,Chittoor-Cityinventory,General Physician,6,3000,2000,2000,1,1
Chittoor,Chittoor,General Physician,6,3135,2090,2090,1,1
Coimbatore,Coimbatore-Cityinventory,General Dermatology,1,11495,8569,8569,1,1
Coimbatore,Coimbatore-Cityinventory,General Dermatology,6,9405,4285,4285,1,1
Coimbatore,Coimbatore-Cityinventory,Neurologist,1,6270,2090,2090,1,1
Coimbatore,Coimbatore-Cityinventory,Neurologist,6,3135,2090,2090,1,1
Coimbatore,Coimbatore-Cityinventory,Sexologist,1,5450,2180,2180,4,1
Coimbatore,Coimbatore-Cityinventory,Sexologist,6,5225,2090,2090,1,1
Coimbatore,Coimbatore-Cityinventory,Physiotherapist,1,3135,2404,2404,1,0
Coimbatore,Coimbatore-Cityinventory,Physiotherapist,6,3135,2090,2090,1,0
Coimbatore,Coimbatore-Cityinventory,Hair Transplant,1,9405,2090,2090,1,1
Coimbatore,Coimbatore-Cityinventory,Hair Transplant,6,5225,2090,2090,1,1
Coimbatore,Coimbatore-Cityinventory,Dietitian,1,3135,2090,2090,1,1
Coimbatore,Coimbatore-Cityinventory,Dietitian,6,3135,2090,2090,1,1
Coimbatore,Coimbatore-Cityinventory,Endocrinologist,1,3135,2090,2090,1,1
Coimbatore,Coimbatore-Cityinventory,Endocrinologist,6,3135,2090,2090,1,1
Coimbatore,Coimbatore-Cityinventory,Gastroenterologist,1,22990,2090,2090,1,1
Coimbatore,Coimbatore-Cityinventory,Gastroenterologist,6,11495,2090,2090,1,1
Coimbatore,Coimbatore-Cityinventory,General Physician,1,3135,3135,3135,2,2
Coimbatore,Coimbatore-Cityinventory,General Physician,6,3135,2090,2090,2,2
Coimbatore,Coimbatore-Cityinventory,Urologist,1,5225,2090,2090,1,1
Coimbatore,Coimbatore-Cityinventory,Urologist,6,3135,2090,2090,1,1
Coimbatore,Coimbatore-Cityinventory,ENT,1,5225,2090,2090,1,1
Coimbatore,Coimbatore-Cityinventory,ENT,6,3135,2090,2090,1,1
Coimbatore,Coimbatore-Cityinventory,General Dentistry,1,11990,11445,11445,4,2
Coimbatore,Coimbatore-Cityinventory,General Dentistry,6,9405,5486,5486,1,1
Coimbatore,Coimbatore-Cityinventory,Oncologist,1,3135,2090,2090,1,1
Coimbatore,Coimbatore-Cityinventory,Oncologist,6,3135,2090,2090,1,1
Coimbatore,Coimbatore-Cityinventory,Cosmetic/Plastic Surgeon,1,16720,2090,2090,1,1
Coimbatore,Coimbatore-Cityinventory,Cosmetic/Plastic Surgeon,6,12540,2090,2090,1,1
Coimbatore,Coimbatore-Cityinventory,Pulmonologist,1,5225,4389,4389,1,1
Coimbatore,Coimbatore-Cityinventory,Pulmonologist,6,3135,2195,2195,1,1
Coimbatore,Coimbatore-Cityinventory,Cardiologist,1,3135,2090,2090,1,1
Coimbatore,Coimbatore-Cityinventory,Cardiologist,6,3135,2090,2090,1,1
Coimbatore,Coimbatore-Cityinventory,General Surgeon,1,8360,6375,6375,1,1
Coimbatore,Coimbatore-Cityinventory,General Surgeon,6,5225,3187,3187,1,1
Coimbatore,Coimbatore-Cityinventory,General Psychiatry,1,14630,14108,14108,4,4
Coimbatore,Coimbatore-Cityinventory,General Psychiatry,6,11495,7054,7054,1,1
Coimbatore,Coimbatore-Cityinventory,Speech Therapist,1,3000,2000,2000,1,1
Coimbatore,Coimbatore-Cityinventory,Speech Therapist,6,3000,2000,2000,1,1
Coimbatore,Coimbatore-Cityinventory,General Gynecology,1,11990,8502,8502,1,0
Coimbatore,Coimbatore-Cityinventory,General Gynecology,6,6270,4076,4076,1,1
Coimbatore,Coimbatore-Cityinventory,General Alt Medicine,1,3270,2180,2180,1,1
Coimbatore,Coimbatore-Cityinventory,General Alt Medicine,6,3135,2090,2090,1,1
Coimbatore,Coimbatore-Cityinventory,General Pediatrics,1,3270,2180,2180,1,0
Coimbatore,Coimbatore-Cityinventory,General Pediatrics,6,3135,2090,2090,1,1
Coimbatore,Coimbatore-Cityinventory,General Ophthalmology,1,6270,2090,2090,1,1
Coimbatore,Coimbatore-Cityinventory,General Ophthalmology,6,5225,2090,2090,1,1
Coimbatore,Coimbatore-Cityinventory,Orthopaedics,1,3135,3135,3135,3,3
Coimbatore,Coimbatore-Cityinventory,Orthopaedics,6,3135,2090,2090,3,3
Coimbatore,Coimbatore-Cityinventory,Homeopathy,1,3000,2000,2000,1,1
Coimbatore,Coimbatore-Cityinventory,Homeopathy,6,3000,2000,2000,1,1
Coimbatore,Gandhipuram,General Dermatology,1,6270,2090,2090,1,1
Coimbatore,Gandhipuram,General Dermatology,6,3135,2090,2090,1,1
Coimbatore,Gandhipuram,Neurologist,1,3135,2090,2090,1,1
Coimbatore,Gandhipuram,Neurologist,6,3135,2090,2090,1,1
Coimbatore,Gandhipuram,General Physician,1,3135,2299,2299,1,1
Coimbatore,Gandhipuram,General Physician,6,3135,2090,2090,1,1
Coimbatore,Gandhipuram,ENT,1,5225,2090,2090,1,1
Coimbatore,Gandhipuram,ENT,6,3135,2090,2090,1,1
Coimbatore,Gandhipuram,General Dentistry,1,6270,5434,5434,1,0
Coimbatore,Gandhipuram,General Dentistry,6,5225,2717,2717,1,1
Coimbatore,Gandhipuram,General Psychiatry,1,6270,2090,2090,1,1
Coimbatore,Gandhipuram,General Psychiatry,6,5225,2090,2090,1,1
Coimbatore,Gandhipuram,General Gynecology,1,15260,2180,2180,1,0
Coimbatore,Gandhipuram,General Gynecology,6,8720,2180,2180,1,0
Coimbatore,Gandhipuram,General Pediatrics,1,104500,2090,2090,1,0
Coimbatore,Gandhipuram,Orthopaedics,1,3000,2000,2000,1,1
Coimbatore,Gandhipuram,Orthopaedics,6,3000,2000,2000,1,1
Coimbatore,Race Course,General Dermatology,1,3135,2090,2090,1,1
Coimbatore,Race Course,General Dermatology,6,3135,2090,2090,1,1
Coimbatore,Race Course,General Physician,1,3000,2000,2000,1,1
Coimbatore,Race Course,General Physician,6,3000,2000,2000,1,1
Coimbatore,Race Course,ENT,1,3135,2090,2090,1,1
Coimbatore,Race Course,ENT,6,3135,2090,2090,1,1
Coimbatore,Race Course,General Dentistry,1,8360,2090,2090,1,0
Coimbatore,Race Course,General Dentistry,6,6270,2090,2090,1,0
Coimbatore,Race Course,General Gynecology,1,12540,2090,2090,1,0
Coimbatore,Race Course,General Gynecology,6,6270,2090,2090,1,0
Coimbatore,Race Course,General Pediatrics,1,104500,2090,2090,1,0
Coimbatore,Race Course,Orthopaedics,1,3000,2000,2000,1,1
Coimbatore,Race Course,Orthopaedics,6,3000,2000,2000,1,1
Coimbatore,Sai Baba Colony,General Dermatology,1,6270,2090,2090,1,1
Coimbatore,Sai Baba Colony,General Dermatology,6,3135,2090,2090,1,1
Coimbatore,Sai Baba Colony,General Physician,1,3135,3031,3031,1,1
Coimbatore,Sai Baba Colony,General Physician,6,3135,2090,2090,1,1
Coimbatore,Sai Baba Colony,ENT,1,3135,2090,2090,1,1
Coimbatore,Sai Baba Colony,ENT,6,3135,2090,2090,1,1
Coimbatore,Sai Baba Colony,General Dentistry,1,8720,2180,2180,1,0
Coimbatore,Sai Baba Colony,General Dentistry,6,6270,2090,2090,1,0
Coimbatore,Sai Baba Colony,General Psychiatry,1,5000,4500,4500,2,2
Coimbatore,Sai Baba Colony,General Psychiatry,6,3000,2250,2250,2,2
Coimbatore,Sai Baba Colony,General Gynecology,1,13080,2180,2180,1,0
Coimbatore,Sai Baba Colony,General Gynecology,6,6540,2180,2180,1,0
Coimbatore,Sai Baba Colony,General Pediatrics,1,3135,2090,2090,1,0
Coimbatore,Sai Baba Colony,General Pediatrics,6,3000,2000,2000,1,1
Coimbatore,Sai Baba Colony,Orthopaedics,1,3000,3000,3000,3,3
Coimbatore,Sai Baba Colony,Orthopaedics,6,3000,2000,2000,3,3
Coimbatore,Singanallur,General Dermatology,1,3135,3135,3135,2,2
Coimbatore,Singanallur,General Dermatology,6,3135,2090,2090,2,2
Coimbatore,Singanallur,General Physician,1,3000,2000,2000,1,1
Coimbatore,Singanallur,General Physician,6,3000,2000,2000,1,1
Coimbatore,Singanallur,ENT,1,3135,2090,2090,1,1
Coimbatore,Singanallur,ENT,6,3135,2090,2090,1,1
Coimbatore,Singanallur,General Dentistry,1,8360,2090,2090,1,0
Coimbatore,Singanallur,General Dentistry,6,6000,2000,2000,1,0
Coimbatore,Singanallur,General Gynecology,1,6270,2090,2090,1,0
Coimbatore,Singanallur,General Gynecology,6,3135,2090,2090,1,0
Coimbatore,Singanallur,General Pediatrics,1,104500,2090,2090,1,0
Cooch Behar,Cooch Behar-Cityinventory,General Physician,1,3000,2000,2000,1,1
Cooch Behar,Cooch Behar-Cityinventory,General Physician,6,3000,2000,2000,1,1
Cuddalore,Cuddalore-Cityinventory,General Physician,1,3000,2000,2000,1,1
Cuddalore,Cuddalore-Cityinventory,General Physician,6,3000,2000,2000,1,1
Cuttack,Cuttack-Cityinventory,General Dermatology,1,3135,2090,2090,1,1
Cuttack,Cuttack-Cityinventory,General Dermatology,6,3135,2090,2090,1,1
Cuttack,Cuttack-Cityinventory,Hair Transplant,1,3000,2000,2000,1,1
Cuttack,Cuttack-Cityinventory,Hair Transplant,6,3000,2000,2000,1,1
Cuttack,Cuttack-Cityinventory,Gastroenterologist,1,6270,2090,2090,1,1
Cuttack,Cuttack-Cityinventory,Gastroenterologist,6,3135,2090,2090,1,1
Cuttack,Cuttack-Cityinventory,General Physician,1,3135,2090,2090,1,1
Cuttack,Cuttack-Cityinventory,General Physician,6,3135,2090,2090,1,1
Cuttack,Cuttack-Cityinventory,ENT,1,3135,2090,2090,1,1
Cuttack,Cuttack-Cityinventory,ENT,6,3135,2090,2090,1,1
Cuttack,Cuttack-Cityinventory,General Dentistry,1,3135,2090,2090,1,1
Cuttack,Cuttack-Cityinventory,General Dentistry,6,3135,2090,2090,1,1
Cuttack,Cuttack-Cityinventory,Oncologist,1,3000,2000,2000,1,1
Cuttack,Cuttack-Cityinventory,Oncologist,6,3000,2000,2000,1,1
Cuttack,Cuttack-Cityinventory,Cosmetic/Plastic Surgeon,1,3000,2000,2000,1,1
Cuttack,Cuttack-Cityinventory,Cosmetic/Plastic Surgeon,6,3000,2000,2000,1,1
Cuttack,Cuttack-Cityinventory,General Surgeon,1,3000,2000,2000,1,1
Cuttack,Cuttack-Cityinventory,General Surgeon,6,3000,2000,2000,1,1
Cuttack,Cuttack-Cityinventory,General Psychiatry,1,3135,2090,2090,1,1
Cuttack,Cuttack-Cityinventory,General Psychiatry,6,3135,2090,2090,1,1
Cuttack,Cuttack-Cityinventory,General Gynecology,1,5225,2090,2090,1,1
Cuttack,Cuttack-Cityinventory,General Gynecology,6,3135,2090,2090,1,1
Cuttack,Cuttack-Cityinventory,General Pediatrics,1,3000,2000,2000,1,1
Cuttack,Cuttack-Cityinventory,General Pediatrics,6,3000,2000,2000,1,1
Cuttack,Cuttack-Cityinventory,General Ophthalmology,1,3000,2000,2000,1,1
Cuttack,Cuttack-Cityinventory,General Ophthalmology,6,3000,2000,2000,1,1
Cuttack,Cuttack-Cityinventory,Orthopaedics,1,3135,2090,2090,1,1
Cuttack,Cuttack-Cityinventory,Orthopaedics,6,3135,2090,2090,1,1
Darbhanga,Darbhanga-Cityinventory,General Physician,1,3000,2000,2000,1,1
Darbhanga,Darbhanga-Cityinventory,General Physician,6,3000,2000,2000,1,1
Darjeeling,Darjeeling-Cityinventory,General Dentistry,1,3000,2000,2000,1,1
Darjeeling,Darjeeling-Cityinventory,General Dentistry,6,3000,2000,2000,1,1
Davanagere,Davanagere-Cityinventory,General Dermatology,1,3000,2000,2000,1,1
Davanagere,Davanagere-Cityinventory,General Dermatology,6,3000,2000,2000,1,1
Davanagere,Davanagere-Cityinventory,Gastroenterologist,1,3000,2000,2000,1,1
Davanagere,Davanagere-Cityinventory,Gastroenterologist,6,3000,2000,2000,1,1
Davanagere,Davanagere-Cityinventory,General Physician,1,3000,2000,2000,1,1
Davanagere,Davanagere-Cityinventory,General Physician,6,3000,2000,2000,1,1
Dehradun,Dehradun-Cityinventory,General Dermatology,1,11990,2180,2180,1,0
Dehradun,Dehradun-Cityinventory,General Dermatology,6,9405,2090,2090,1,1
Dehradun,Dehradun-Cityinventory,Neurologist,1,3135,3135,3135,2,2
Dehradun,Dehradun-Cityinventory,Neurologist,6,3135,2090,2090,2,2
Dehradun,Dehradun-Cityinventory,Sexologist,1,6270,2090,2090,1,1
Dehradun,Dehradun-Cityinventory,Sexologist,6,5225,2090,2090,1,1
Dehradun,Dehradun-Cityinventory,Physiotherapist,1,3135,2090,2090,1,0
Dehradun,Dehradun-Cityinventory,Physiotherapist,6,3135,2090,2090,1,1
Dehradun,Dehradun-Cityinventory,Hair Transplant,1,6270,2090,2090,1,1
Dehradun,Dehradun-Cityinventory,Hair Transplant,6,3135,2090,2090,1,1
Dehradun,Dehradun-Cityinventory,Gastroenterologist,1,11495,2090,2090,1,1
Dehradun,Dehradun-Cityinventory,Gastroenterologist,6,6270,2090,2090,1,1
Dehradun,Dehradun-Cityinventory,General Physician,1,3135,2090,2090,1,1
Dehradun,Dehradun-Cityinventory,General Physician,6,3135,2090,2090,1,1
Dehradun,Dehradun-Cityinventory,Urologist,1,5225,4703,4703,2,1
Dehradun,Dehradun-Cityinventory,Urologist,6,5225,2351,2351,2,2
Dehradun,Dehradun-Cityinventory,ENT,1,3135,2299,2299,1,1
Dehradun,Dehradun-Cityinventory,ENT,6,3135,2090,2090,1,1
Dehradun,Dehradun-Cityinventory,General Dentistry,1,3135,3135,3135,2,2
Dehradun,Dehradun-Cityinventory,General Dentistry,6,3135,2090,2090,2,2
Dehradun,Dehradun-Cityinventory,Cosmetic/Plastic Surgeon,1,8360,2090,2090,1,1
Dehradun,Dehradun-Cityinventory,Cosmetic/Plastic Surgeon,6,5225,2090,2090,1,1
Dehradun,Dehradun-Cityinventory,Pulmonologist,1,3135,2090,2090,1,1
Dehradun,Dehradun-Cityinventory,Pulmonologist,6,3135,2090,2090,1,1
Dehradun,Dehradun-Cityinventory,Cardiologist,1,3135,3135,3135,4,4
Dehradun,Dehradun-Cityinventory,Cardiologist,6,3135,2090,2090,4,4
Dehradun,Dehradun-Cityinventory,General Surgeon,1,5225,3553,3553,1,1
Dehradun,Dehradun-Cityinventory,General Surgeon,6,3135,2090,2090,1,1
Dehradun,Dehradun-Cityinventory,General Psychiatry,1,3135,2090,2090,1,1
Dehradun,Dehradun-Cityinventory,General Psychiatry,6,3135,2090,2090,1,1
Dehradun,Dehradun-Cityinventory,General Gynecology,1,3135,3135,3135,2,2
Dehradun,Dehradun-Cityinventory,General Gynecology,6,3135,2090,2090,2,2
Dehradun,Dehradun-Cityinventory,General Alt Medicine,1,5450,2943,2943,1,0
Dehradun,Dehradun-Cityinventory,General Alt Medicine,6,3135,2090,2090,1,0
Dehradun,Dehradun-Cityinventory,General Pediatrics,1,5225,2090,2090,1,1
Dehradun,Dehradun-Cityinventory,General Pediatrics,6,5225,2090,2090,1,1
Dehradun,Dehradun-Cityinventory,General Ophthalmology,1,3135,2090,2090,1,1
Dehradun,Dehradun-Cityinventory,General Ophthalmology,6,3135,2090,2090,1,1
Dehradun,Dehradun-Cityinventory,Orthopaedics,1,9405,9405,9405,1,1
Dehradun,Dehradun-Cityinventory,Orthopaedics,6,5225,4703,4703,1,1
Dehradun,Dehradun-Cityinventory,Homeopathy,1,3135,2090,2090,1,0
Dehradun,Dehradun-Cityinventory,Homeopathy,6,3135,2090,2090,1,1
Delhi,Delhi-Cityinventory,General Dermatology,1,31900,31350,31350,6,2
Delhi,Delhi-Cityinventory,General Dermatology,6,17600,15675,15675,6,3
Delhi,Delhi-Cityinventory,Neurologist,1,30000,29925,29925,4,4
Delhi,Delhi-Cityinventory,Neurologist,6,16800,14963,14963,6,6
Delhi,Delhi-Cityinventory,Sexologist,1,37400,2200,2200,5,0
Delhi,Delhi-Cityinventory,Sexologist,6,28600,2200,2200,4,0
Delhi,Delhi-Cityinventory,Physiotherapist,1,15400,14850,14850,4,3
Delhi,Delhi-Cityinventory,Physiotherapist,6,8400,7088,7088,6,6
Delhi,Delhi-Cityinventory,Hair Transplant,1,13200,2200,2200,5,0
Delhi,Delhi-Cityinventory,Hair Transplant,6,9900,2200,2200,4,2
Delhi,Delhi-Cityinventory,Dietitian,1,27500,12980,12980,2,1
Delhi,Delhi-Cityinventory,Dietitian,6,20900,6490,6490,1,0
Delhi,Delhi-Cityinventory,Endocrinologist,1,15400,14850,14850,4,3
Delhi,Delhi-Cityinventory,Endocrinologist,6,8400,7088,7088,4,4
Delhi,Delhi-Cityinventory,Gastroenterologist,1,17600,16500,16500,4,0
Delhi,Delhi-Cityinventory,Gastroenterologist,6,8400,7875,7875,6,6
Delhi,Delhi-Cityinventory,General Physician,1,6600,6600,6600,4,0
Delhi,Delhi-Cityinventory,General Physician,6,5250,3150,3150,6,5
Delhi,Delhi-Cityinventory,Urologist,1,29400,28350,28350,6,5
Delhi,Delhi-Cityinventory,Urologist,6,14700,14175,14175,6,6
Delhi,Delhi-Cityinventory,ENT,1,47300,36691,36691,4,0
Delhi,Delhi-Cityinventory,ENT,6,23100,17511,17511,4,4
Delhi,Delhi-Cityinventory,General Dentistry,1,58300,36606,36606,6,0
Delhi,Delhi-Cityinventory,General Dentistry,6,30000,17471,17471,6,6
Delhi,Delhi-Cityinventory,Oncologist,1,18700,18150,18150,6,6
Delhi,Delhi-Cityinventory,Oncologist,6,14700,8663,8663,6,6
Delhi,Delhi-Cityinventory,Cosmetic/Plastic Surgeon,1,59400,20460,20460,3,0
Delhi,Delhi-Cityinventory,Cosmetic/Plastic Surgeon,6,30000,9765,9765,1,0
Delhi,Delhi-Cityinventory,Pulmonologist,1,21000,20475,20475,6,5
Delhi,Delhi-Cityinventory,Pulmonologist,6,11550,10238,10238,6,6
Delhi,Delhi-Cityinventory,Cardiologist,1,16800,15750,15750,6,6
Delhi,Delhi-Cityinventory,Cardiologist,6,8400,7875,7875,6,6
Delhi,Delhi-Cityinventory,Nephrologist,1,5250,4725,4725,6,6
Delhi,Delhi-Cityinventory,Nephrologist,6,3150,2363,2363,6,6
Delhi,Delhi-Cityinventory,General Surgeon,1,6300,6300,6300,6,6
Delhi,Delhi-Cityinventory,General Surgeon,6,3150,3150,3150,6,6
Delhi,Delhi-Cityinventory,Veterinarian,1,3150,3150,3150,3,3
Delhi,Delhi-Cityinventory,Veterinarian,6,3150,2100,2100,3,3
Delhi,Delhi-Cityinventory,Radiology,1,3150,3150,3150,1,1
Delhi,Delhi-Cityinventory,Radiology,6,3150,2100,2100,1,1
Delhi,Delhi-Cityinventory,General Psychiatry,1,42900,38210,38210,6,1
Delhi,Delhi-Cityinventory,General Psychiatry,6,31900,19105,19105,4,0
Delhi,Delhi-Cityinventory,Vascular Surgeon,1,5250,2625,2625,1,0
Delhi,Delhi-Cityinventory,Vascular Surgeon,6,5250,2100,2100,1,1
Delhi,Delhi-Cityinventory,Audiologist,1,6000,2000,2000,4,4
Delhi,Delhi-Cityinventory,Audiologist,6,5250,2100,2100,1,1
Delhi,Delhi-Cityinventory,Occupational Therapist,1,3300,2200,2200,1,1
Delhi,Delhi-Cityinventory,Occupational Therapist,6,3150,2100,2100,1,1
Delhi,Delhi-Cityinventory,Speech Therapist,1,3150,3150,3150,6,6
Delhi,Delhi-Cityinventory,Speech Therapist,6,3150,2100,2100,6,6
Delhi,Delhi-Cityinventory,Hematologist,1,3300,3300,3300,1,0
Delhi,Delhi-Cityinventory,Hematologist,6,3150,2100,2100,1,1
Delhi,Delhi-Cityinventory,General Gynecology,1,31900,31350,31350,4,0
Delhi,Delhi-Cityinventory,General Gynecology,6,24150,14963,14963,6,5
Delhi,Delhi-Cityinventory,General Alt Medicine,1,24200,23100,23100,4,0
Delhi,Delhi-Cityinventory,General Alt Medicine,6,18700,11550,11550,1,0
Delhi,Delhi-Cityinventory,General Pediatrics,1,19950,18900,18900,5,4
Delhi,Delhi-Cityinventory,General Pediatrics,6,9450,9450,9450,5,5
Delhi,Delhi-Cityinventory,General Ophthalmology,1,17850,17325,17325,6,5
Delhi,Delhi-Cityinventory,General Ophthalmology,6,9450,8663,8663,6,6
Delhi,Delhi-Cityinventory,Orthopaedics,1,52800,38217,38217,6,4
Delhi,Delhi-Cityinventory,Orthopaedics,6,30000,18241,18241,6,6
Delhi,Delhi-Cityinventory,Homeopathy,1,6300,6300,6300,4,3
Delhi,Delhi-Cityinventory,Homeopathy,6,5250,3150,3150,4,4
Delhi,Badarpur,General Dermatology,1,6000,2000,2000,1,1
Delhi,Badarpur,General Dermatology,6,5000,2000,2000,1,1
Delhi,Cannought place,General Dermatology,1,5250,2100,2100,1,0
Delhi,Cannought place,General Dermatology,6,3000,2000,2000,1,1
Delhi,Cannought place,Sexologist,1,5250,2100,2100,1,0
Delhi,Cannought place,Sexologist,6,5250,2100,2100,1,0
Delhi,Cannought place,General Physician,1,3000,2000,2000,1,1
Delhi,Cannought place,General Physician,6,3000,2000,2000,1,1
Delhi,Cannought place,ENT,1,3150,2100,2100,1,0
Delhi,Cannought place,ENT,6,3000,2000,2000,1,1
Delhi,Cannought place,General Gynecology,1,6300,2100,2100,1,0
Delhi,Cannought place,General Gynecology,6,5000,2000,2000,1,0
Delhi,Cannought place,General Alt Medicine,1,5000,2000,2000,1,1
Delhi,Cannought place,General Alt Medicine,6,5000,2000,2000,1,1
Delhi,Cannought place,Homeopathy,1,3000,2000,2000,1,1
Delhi,Cannought place,Homeopathy,6,3000,2000,2000,1,1
Delhi,Chanakyapuri,General Dermatology,1,14700,5250,5250,1,0
Delhi,Chanakyapuri,General Dermatology,6,10000,2000,2000,1,1
Delhi,Chanakyapuri,Sexologist,1,3150,2100,2100,1,0
Delhi,Chanakyapuri,Sexologist,6,3150,2100,2100,1,0
Delhi,Chanakyapuri,Hair Transplant,1,11550,7350,7350,1,0
Delhi,Chanakyapuri,General Physician,1,3000,2000,2000,1,1
Delhi,Chanakyapuri,General Physician,6,3000,2000,2000,1,1
Delhi,Chanakyapuri,ENT,1,6300,2100,2100,1,0
Delhi,Chanakyapuri,ENT,6,5000,2000,2000,1,1
Delhi,Chanakyapuri,General Dentistry,1,8400,2100,2100,1,1
Delhi,Chanakyapuri,General Dentistry,6,6300,2100,2100,1,0
Delhi,Chanakyapuri,General Psychiatry,1,5250,2100,2100,1,0
Delhi,Chanakyapuri,General Psychiatry,6,5250,2100,2100,1,1
Delhi,Chanakyapuri,General Gynecology,1,11550,2100,2100,1,0
Delhi,Chanakyapuri,General Gynecology,6,9000,2000,2000,1,1
Delhi,Chanakyapuri,General Alt Medicine,1,8000,2000,2000,1,1
Delhi,Chanakyapuri,General Alt Medicine,6,6000,2000,2000,1,1
Delhi,Chanakyapuri,Orthopaedics,1,5000,2000,2000,1,1
Delhi,Chanakyapuri,Orthopaedics,6,3000,2000,2000,1,1
Delhi,Civil lines,General Dermatology,1,3150,2100,2100,1,1
Delhi,Civil lines,General Dermatology,6,3000,2000,2000,1,1
Delhi,Civil lines,Sexologist,1,5250,2100,2100,1,1
Delhi,Civil lines,Sexologist,6,5250,2100,2100,1,0
Delhi,Civil lines,Endocrinologist,1,5000,2000,2000,1,1
Delhi,Civil lines,Endocrinologist,6,3000,2000,2000,1,1
Delhi,Civil lines,General Physician,1,6000,2000,2000,1,1
Delhi,Civil lines,General Physician,6,5000,2000,2000,1,1
Delhi,Civil lines,ENT,1,3000,2000,2000,1,1
Delhi,Civil lines,ENT,6,3000,2000,2000,1,1
Delhi,Civil lines,General Dentistry,1,11550,8610,8610,1,0
Delhi,Civil lines,General Dentistry,6,9000,4100,4100,1,1
Delhi,Civil lines,General Psychiatry,1,3000,2000,2000,1,1
Delhi,Civil lines,General Psychiatry,6,3150,2100,2100,1,1
Delhi,Civil lines,General Gynecology,1,6000,4500,4500,5,4
Delhi,Civil lines,General Gynecology,6,5000,2250,2250,5,5
Delhi,Civil lines,General Ophthalmology,1,5000,2000,2000,1,1
Delhi,Civil lines,General Ophthalmology,6,3000,2000,2000,1,1
Delhi,Civil lines,Orthopaedics,1,5000,2000,2000,1,1
Delhi,Civil lines,Orthopaedics,6,3000,2000,2000,1,1
Delhi,Dwarka,General Dermatology,1,34100,43615,43615,4,3
Delhi,Dwarka,General Dermatology,6,24150,20816,20816,2,2
Delhi,Dwarka,Neurologist,1,19950,18900,18900,6,6
Delhi,Dwarka,Neurologist,6,9450,9450,9450,6,6
Delhi,Dwarka,Sexologist,1,12100,2200,2200,1,0
Delhi,Dwarka,Sexologist,6,9900,2200,2200,1,1
Delhi,Dwarka,Physiotherapist,1,3300,3300,3300,6,4
Delhi,Dwarka,Physiotherapist,6,3150,2100,2100,6,6
Delhi,Dwarka,Hair Transplant,1,16800,2100,2100,1,0
Delhi,Dwarka,Hair Transplant,6,8800,2200,2200,1,0
Delhi,Dwarka,Dietitian,1,12100,2200,2200,1,1
Delhi,Dwarka,Dietitian,6,9900,2200,2200,1,0
Delhi,Dwarka,Endocrinologist,1,8400,2100,2100,1,1
Delhi,Dwarka,Endocrinologist,6,5250,2100,2100,1,1
Delhi,Dwarka,Gastroenterologist,1,19950,18900,18900,4,3
Delhi,Dwarka,Gastroenterologist,6,14700,9450,9450,4,4
Delhi,Dwarka,General Physician,1,24200,23100,23100,1,1
Delhi,Dwarka,General Physician,6,11550,11025,11025,1,1
Delhi,Dwarka,Urologist,1,13200,2200,2200,1,1
Delhi,Dwarka,Urologist,6,6300,2100,2100,1,1
Delhi,Dwarka,ENT,1,17850,15750,15750,6,5
Delhi,Dwarka,ENT,6,14700,7875,7875,6,6
Delhi,Dwarka,General Dentistry,1,28600,33385,33385,2,0
Delhi,Dwarka,General Dentistry,6,22000,16693,16693,2,0
Delhi,Dwarka,Oncologist,1,10000,10000,10000,2,2
Delhi,Dwarka,Oncologist,6,9000,5250,5250,2,2
Delhi,Dwarka,Cosmetic/Plastic Surgeon,1,6300,2310,2310,1,0
Delhi,Dwarka,Cosmetic/Plastic Surgeon,6,5000,2000,2000,1,1
Delhi,Dwarka,Pulmonologist,1,8400,7875,7875,6,6
Delhi,Dwarka,Pulmonologist,6,5250,3938,3938,6,6
Delhi,Dwarka,Cardiologist,1,12600,12600,12600,4,4
Delhi,Dwarka,Cardiologist,6,9450,6300,6300,4,4
Delhi,Dwarka,Nephrologist,1,3300,2200,2200,1,1
Delhi,Dwarka,Nephrologist,6,3150,2100,2100,1,1
Delhi,Dwarka,General Surgeon,1,5250,4725,4725,6,6
Delhi,Dwarka,General Surgeon,6,3150,2363,2363,6,6
Delhi,Dwarka,Veterinarian,1,3000,3000,3000,2,2
Delhi,Dwarka,Veterinarian,6,3000,2000,2000,2,2
Delhi,Dwarka,General Psychiatry,1,34100,33000,33000,2,0
Delhi,Dwarka,General Psychiatry,6,25300,16693,16693,2,0
Delhi,Dwarka,Vascular Surgeon,1,3000,3000,3000,1,0
Delhi,Dwarka,Speech Therapist,1,3000,2000,2000,1,1
Delhi,Dwarka,Speech Therapist,6,3000,2000,2000,1,1
Delhi,Dwarka,General Gynecology,1,44000,45595,45595,2,0
Delhi,Dwarka,General Gynecology,6,34100,22798,22798,2,1
Delhi,Dwarka,General Alt Medicine,1,8400,5145,5145,1,1
Delhi,Dwarka,General Alt Medicine,6,6300,2573,2573,1,1
Delhi,Dwarka,General Pediatrics,1,28600,20515,20515,2,0
Delhi,Dwarka,General Pediatrics,6,22000,10258,10258,2,1
Delhi,Dwarka,General Ophthalmology,1,36300,30580,30580,2,0
Delhi,Dwarka,General Ophthalmology,6,26250,14595,14595,2,2
Delhi,Dwarka,Orthopaedics,1,24150,30000,30000,5,3
Delhi,Dwarka,Orthopaedics,6,19950,15750,15750,5,3
Delhi,Dwarka,Homeopathy,1,6600,6600,6600,1,0
Delhi,Dwarka,Homeopathy,6,5250,3150,3150,1,1
Delhi,Greater kailash,General Dermatology,1,17600,22000,22000,3,0
Delhi,Greater kailash,General Dermatology,6,13200,11000,11000,3,2
Delhi,Greater kailash,Sexologist,1,5250,2100,2100,1,0
Delhi,Greater kailash,Sexologist,6,5250,2100,2100,1,0
Delhi,Greater kailash,Physiotherapist,1,14000,7000,7000,1,0
Delhi,Greater kailash,Hair Transplant,1,11550,7350,7350,1,0
Delhi,Greater kailash,Dietitian,1,3150,2100,2100,1,1
Delhi,Greater kailash,Dietitian,6,3000,2000,2000,1,1
Delhi,Greater kailash,Endocrinologist,1,12600,2100,2100,1,0
Delhi,Greater kailash,Endocrinologist,6,9000,2000,2000,1,1
Delhi,Greater kailash,Gastroenterologist,1,5250,2100,2100,1,0
Delhi,Greater kailash,Gastroenterologist,6,5000,2000,2000,1,1
Delhi,Greater kailash,General Physician,1,5250,4725,4725,2,1
Delhi,Greater kailash,General Physician,6,5250,2363,2363,2,2
Delhi,Greater kailash,Urologist,1,6000,6000,6000,6,5
Delhi,Greater kailash,Urologist,6,5000,3000,3000,6,6
Delhi,Greater kailash,ENT,1,8800,8250,8250,1,0
Delhi,Greater kailash,ENT,6,6300,3938,3938,3,3
Delhi,Greater kailash,General Dentistry,1,34100,20680,20680,1,0
Delhi,Greater kailash,General Dentistry,6,25300,10340,10340,1,1
Delhi,Greater kailash,Cosmetic/Plastic Surgeon,1,27300,5775,5775,1,0
Delhi,Greater kailash,Cosmetic/Plastic Surgeon,6,10000,2000,2000,1,1
Delhi,Greater kailash,Pulmonologist,1,105000,4200,4200,1,0
Delhi,Greater kailash,Cardiologist,1,3150,2100,2100,1,0
Delhi,Greater kailash,Cardiologist,6,0,0,0,1,1
Delhi,Greater kailash,General Psychiatry,1,12100,11550,11550,2,0
Delhi,Greater kailash,General Psychiatry,6,9900,5775,5775,2,0
Delhi,Greater kailash,General Gynecology,1,17600,22000,22000,4,2
Delhi,Greater kailash,General Gynecology,6,12600,10500,10500,4,3
Delhi,Greater kailash,General Alt Medicine,1,3000,2000,2000,1,1
Delhi,Greater kailash,General Alt Medicine,6,3000,2000,2000,1,1
Delhi,Greater kailash,General Ophthalmology,1,6000,6000,6000,4,4
Delhi,Greater kailash,General Ophthalmology,6,5000,3000,3000,4,4
Delhi,Greater kailash,Orthopaedics,1,11550,11025,11025,3,2
Delhi,Greater kailash,Orthopaedics,6,9450,5513,5513,3,2
Delhi,Janakpuri,General Dermatology,1,20900,16390,16390,1,0
Delhi,Janakpuri,General Dermatology,6,14700,7823,7823,1,0
Delhi,Janakpuri,Neurologist,1,9900,2200,2200,1,0
Delhi,Janakpuri,Neurologist,6,5250,2100,2100,1,1
Delhi,Janakpuri,Sexologist,1,13200,2200,2200,1,0
Delhi,Janakpuri,Sexologist,6,9900,2200,2200,1,0
Delhi,Janakpuri,Physiotherapist,1,16800,2100,2100,1,1
Delhi,Janakpuri,Physiotherapist,6,12600,2100,2100,1,1
Delhi,Janakpuri,Hair Transplant,1,3000,2000,2000,1,0
Delhi,Janakpuri,Hair Transplant,6,3000,2000,2000,1,1
Delhi,Janakpuri,Dietitian,1,3150,2100,2100,1,0
Delhi,Janakpuri,Dietitian,6,3000,2000,2000,1,1
Delhi,Janakpuri,Endocrinologist,1,11550,11025,11025,2,2
Delhi,Janakpuri,Endocrinologist,6,6300,5513,5513,2,2
Delhi,Janakpuri,Gastroenterologist,1,19950,25200,25200,1,1
Delhi,Janakpuri,Gastroenterologist,6,14700,12600,12600,1,1
Delhi,Janakpuri,General Physician,1,3300,3300,3300,3,1
Delhi,Janakpuri,General Physician,6,3150,2100,2100,3,3
Delhi,Janakpuri,Urologist,1,12600,12600,12600,6,6
Delhi,Janakpuri,Urologist,6,6300,6300,6300,6,6
Delhi,Janakpuri,ENT,1,34100,44000,44000,1,1
Delhi,Janakpuri,ENT,6,24150,21000,21000,1,1
Delhi,Janakpuri,General Dentistry,1,22000,21230,21230,1,0
Delhi,Janakpuri,General Dentistry,6,16800,10133,10133,1,1
Delhi,Janakpuri,Cosmetic/Plastic Surgeon,1,11550,2100,2100,1,0
Delhi,Janakpuri,Cosmetic/Plastic Surgeon,6,9000,2000,2000,1,1
Delhi,Janakpuri,Pulmonologist,1,8800,2200,2200,1,1
Delhi,Janakpuri,Pulmonologist,6,5500,2200,2200,1,1
Delhi,Janakpuri,Cardiologist,1,5250,2100,2100,1,0
Delhi,Janakpuri,Cardiologist,6,3150,2100,2100,1,1
Delhi,Janakpuri,General Surgeon,1,6000,3000,3000,1,1
Delhi,Janakpuri,General Surgeon,6,5000,2000,2000,1,1
Delhi,Janakpuri,Veterinarian,1,3000,2000,2000,1,1
Delhi,Janakpuri,Veterinarian,6,3000,2000,2000,1,1
Delhi,Janakpuri,General Psychiatry,1,30800,22440,22440,1,0
Delhi,Janakpuri,General Psychiatry,6,23100,10710,10710,1,0
Delhi,Janakpuri,Speech Therapist,1,3000,3000,3000,4,4
Delhi,Janakpuri,Speech Therapist,6,3000,2000,2000,4,4
Delhi,Janakpuri,General Gynecology,1,20900,19800,19800,4,2
Delhi,Janakpuri,General Gynecology,6,9450,9450,9450,4,4
Delhi,Janakpuri,General Alt Medicine,1,3150,2100,2100,1,1
Delhi,Janakpuri,General Alt Medicine,6,3150,2100,2100,1,1
Delhi,Janakpuri,General Pediatrics,1,8800,3960,3960,1,0
Delhi,Janakpuri,General Pediatrics,6,5500,2200,2200,1,1
Delhi,Janakpuri,General Ophthalmology,1,12100,10340,10340,1,0
Delhi,Janakpuri,General Ophthalmology,6,6300,4935,4935,1,1
Delhi,Janakpuri,Orthopaedics,1,22000,14300,14300,1,1
Delhi,Janakpuri,Orthopaedics,6,16800,6825,6825,1,1
Delhi,Janakpuri,Homeopathy,1,6300,2100,2100,1,1
Delhi,Janakpuri,Homeopathy,6,5500,2200,2200,1,0
Delhi,Karol bagh,General Dermatology,1,12600,12600,12600,1,0
Delhi,Karol bagh,General Dermatology,6,9900,6600,6600,1,1
Delhi,Karol bagh,Neurologist,1,8400,7875,7875,6,6
Delhi,Karol bagh,Neurologist,6,5250,3938,3938,6,6
Delhi,Karol bagh,Sexologist,1,3300,2200,2200,1,0
Delhi,Karol bagh,Sexologist,6,3300,2200,2200,1,0
Delhi,Karol bagh,Physiotherapist,1,12100,2530,2530,1,1
Delhi,Karol bagh,Physiotherapist,6,9450,2100,2100,1,0
Delhi,Karol bagh,Endocrinologist,1,5000,4500,4500,4,4
Delhi,Karol bagh,Endocrinologist,6,3000,2250,2250,4,4
Delhi,Karol bagh,Gastroenterologist,1,6300,4725,4725,6,6
Delhi,Karol bagh,Gastroenterologist,6,5250,2363,2363,6,6
Delhi,Karol bagh,General Physician,1,3150,3150,3150,6,5
Delhi,Karol bagh,General Physician,6,3150,2100,2100,6,6
Delhi,Karol bagh,Urologist,1,6300,6300,6300,6,6
Delhi,Karol bagh,Urologist,6,3150,3150,3150,6,6
Delhi,Karol bagh,ENT,1,9450,9450,9450,2,1
Delhi,Karol bagh,ENT,6,5250,4725,4725,2,2
Delhi,Karol bagh,General Dentistry,1,15400,9240,9240,1,1
Delhi,Karol bagh,General Dentistry,6,11550,4410,4410,1,1
Delhi,Karol bagh,Pulmonologist,1,5000,4500,4500,3,3
Delhi,Karol bagh,Pulmonologist,6,3000,2250,2250,3,3
Delhi,Karol bagh,Cardiologist,1,3000,3000,3000,6,4
Delhi,Karol bagh,Cardiologist,6,3000,2000,2000,6,6
Delhi,Karol bagh,General Psychiatry,1,15400,19800,19800,4,2
Delhi,Karol bagh,General Psychiatry,6,11550,9450,9450,4,4
Delhi,Karol bagh,General Gynecology,1,28600,21835,21835,2,1
Delhi,Karol bagh,General Gynecology,6,21000,10421,10421,2,2
Delhi,Karol bagh,General Alt Medicine,1,6000,5600,5600,1,1
Delhi,Karol bagh,General Alt Medicine,6,5000,2800,2800,1,1
Delhi,Karol bagh,General Pediatrics,1,9450,6405,6405,1,1
Delhi,Karol bagh,General Pediatrics,6,5250,3203,3203,1,1
Delhi,Karol bagh,General Ophthalmology,1,9000,8600,8600,1,1
Delhi,Karol bagh,General Ophthalmology,6,8000,4300,4300,1,1
Delhi,Karol bagh,Orthopaedics,1,17600,22000,22000,4,1
Delhi,Karol bagh,Orthopaedics,6,12600,10500,10500,4,4
Delhi,Karol bagh,Homeopathy,1,5000,2000,2000,1,1
Delhi,Karol bagh,Homeopathy,6,5000,2000,2000,1,1
Delhi,Lajpat nagar,General Dermatology,1,20900,6600,6600,1,0
Delhi,Lajpat nagar,General Dermatology,6,15400,3300,3300,1,0
Delhi,Lajpat nagar,Neurologist,1,5250,2100,2100,1,0
Delhi,Lajpat nagar,Neurologist,6,3000,2000,2000,1,1
Delhi,Lajpat nagar,Physiotherapist,1,3000,2100,2100,1,1
Delhi,Lajpat nagar,Physiotherapist,6,3000,2000,2000,1,1
Delhi,Lajpat nagar,Hair Transplant,1,10000,7000,7000,1,0
Delhi,Lajpat nagar,Dietitian,1,3000,2200,2200,1,1
Delhi,Lajpat nagar,Dietitian,6,3000,2000,2000,1,1
Delhi,Lajpat nagar,Gastroenterologist,1,5250,2100,2100,1,0
Delhi,Lajpat nagar,Gastroenterologist,6,5000,2000,2000,1,1
Delhi,Lajpat nagar,General Physician,1,11550,10395,10395,1,1
Delhi,Lajpat nagar,General Physician,6,9450,5198,5198,1,1
Delhi,Lajpat nagar,Urologist,1,10000,6000,6000,1,1
Delhi,Lajpat nagar,ENT,1,17600,16500,16500,1,0
Delhi,Lajpat nagar,ENT,6,12600,7875,7875,1,1
Delhi,Lajpat nagar,General Dentistry,1,17600,16500,16500,2,0
Delhi,Lajpat nagar,General Dentistry,6,12600,7875,7875,2,2
Delhi,Lajpat nagar,Cosmetic/Plastic Surgeon,1,27300,5775,5775,1,0
Delhi,Lajpat nagar,Cosmetic/Plastic Surgeon,6,10000,2000,2000,1,1
Delhi,Lajpat nagar,Pulmonologist,1,8000,2000,2000,1,1
Delhi,Lajpat nagar,Pulmonologist,6,6000,2000,2000,1,1
Delhi,Lajpat nagar,Cardiologist,1,3000,2000,2000,1,1
Delhi,Lajpat nagar,General Psychiatry,1,12100,11550,11550,2,0
Delhi,Lajpat nagar,General Psychiatry,6,9900,5775,5775,2,0
Delhi,Lajpat nagar,Audiologist,1,8400,2100,2100,1,0
Delhi,Lajpat nagar,Audiologist,6,6000,2000,2000,1,1
Delhi,Lajpat nagar,General Gynecology,1,17600,22000,22000,2,0
Delhi,Lajpat nagar,General Gynecology,6,13200,11000,11000,2,1
Delhi,Lajpat nagar,General Alt Medicine,1,5000,4500,4500,1,1
Delhi,Lajpat nagar,General Alt Medicine,6,5000,2250,2250,1,1
Delhi,Lajpat nagar,General Pediatrics,1,6000,2000,2000,1,0
Delhi,Lajpat nagar,General Pediatrics,6,3000,2000,2000,1,1
Delhi,Lajpat nagar,General Ophthalmology,1,5000,4500,4500,2,1
Delhi,Lajpat nagar,General Ophthalmology,6,3000,2250,2250,2,2
Delhi,Lajpat nagar,Orthopaedics,1,13200,13200,13200,1,0
Delhi,Lajpat nagar,Orthopaedics,6,9450,6300,6300,1,1
Delhi,Lajpat nagar,Homeopathy,1,8400,2730,2730,1,0
Delhi,Lajpat nagar,Homeopathy,6,6000,2000,2000,1,1
Delhi,Malviya nagar,General Dermatology,1,24200,30800,30800,2,0
Delhi,Malviya nagar,General Dermatology,6,17850,14700,14700,1,0
Delhi,Malviya nagar,Neurologist,1,3150,3150,3150,6,5
Delhi,Malviya nagar,Neurologist,6,3150,2100,2100,6,6
Delhi,Malviya nagar,Sexologist,1,6300,2100,2100,1,0
Delhi,Malviya nagar,Sexologist,6,5250,2100,2100,1,0
Delhi,Malviya nagar,Physiotherapist,1,6600,6600,6600,1,0
Delhi,Malviya nagar,Physiotherapist,6,5500,3300,3300,1,0
Delhi,Malviya nagar,Hair Transplant,1,5250,2100,2100,1,0
Delhi,Malviya nagar,Hair Transplant,6,5250,2100,2100,1,0
Delhi,Malviya nagar,Endocrinologist,1,5250,2100,2100,1,0
Delhi,Malviya nagar,Endocrinologist,6,3000,2000,2000,1,1
Delhi,Malviya nagar,Gastroenterologist,1,14700,9450,9450,1,1
Delhi,Malviya nagar,Gastroenterologist,6,11550,4725,4725,1,1
Delhi,Malviya nagar,General Physician,1,8800,8250,8250,1,0
Delhi,Malviya nagar,General Physician,6,6300,3938,3938,1,1
Delhi,Malviya nagar,Urologist,1,8800,2200,2200,1,0
Delhi,Malviya nagar,Urologist,6,5250,2100,2100,1,1
Delhi,Malviya nagar,ENT,1,17600,22000,22000,1,0
Delhi,Malviya nagar,ENT,6,13200,11000,11000,1,0
Delhi,Malviya nagar,General Dentistry,1,51700,22110,22110,1,0
Delhi,Malviya nagar,General Dentistry,6,39600,11055,11055,1,1
Delhi,Malviya nagar,Oncologist,1,8000,2000,2000,1,1
Delhi,Malviya nagar,Oncologist,6,5000,2000,2000,1,1
Delhi,Malviya nagar,Cosmetic/Plastic Surgeon,1,27300,5775,5775,1,0
Delhi,Malviya nagar,Cosmetic/Plastic Surgeon,6,10000,2000,2000,1,1
Delhi,Malviya nagar,Pulmonologist,1,6000,6000,6000,4,4
Delhi,Malviya nagar,Pulmonologist,6,5000,3000,3000,4,4
Delhi,Malviya nagar,Cardiologist,1,3000,3000,3000,6,6
Delhi,Malviya nagar,Cardiologist,6,3000,2000,2000,6,6
Delhi,Malviya nagar,General Psychiatry,1,20900,26400,26400,2,1
Delhi,Malviya nagar,General Psychiatry,6,15400,13200,13200,2,2
Delhi,Malviya nagar,General Gynecology,1,20900,19800,19800,3,1
Delhi,Malviya nagar,General Gynecology,6,14700,9450,9450,3,3
Delhi,Malviya nagar,General Alt Medicine,1,5000,4500,4500,1,1
Delhi,Malviya nagar,General Alt Medicine,6,5000,2250,2250,1,1
Delhi,Malviya nagar,General Pediatrics,1,5250,4725,4725,2,2
Delhi,Malviya nagar,General Pediatrics,6,3150,2363,2363,2,2
Delhi,Malviya nagar,General Ophthalmology,1,6300,6300,6300,6,4
Delhi,Malviya nagar,General Ophthalmology,6,5250,3150,3150,6,6
Delhi,Malviya nagar,Orthopaedics,1,13200,8800,8800,3,0
Delhi,Malviya nagar,Orthopaedics,6,9450,6300,6300,3,3
Delhi,Malviya nagar,Homeopathy,1,6300,2100,2100,1,0
Delhi,Malviya nagar,Homeopathy,6,5000,2000,2000,1,1
Delhi,Model town,General Dermatology,1,13200,2200,2200,1,0
Delhi,Model town,General Dermatology,6,9450,2100,2100,1,1
Delhi,Model town,Neurologist,1,8400,2100,2100,1,1
Delhi,Model town,Neurologist,6,6300,2100,2100,1,1
Delhi,Model town,Sexologist,1,8400,2100,2100,1,0
Delhi,Model town,Sexologist,6,6300,2100,2100,1,0
Delhi,Model town,Physiotherapist,1,3300,3300,3300,1,1
Delhi,Model town,Physiotherapist,6,3150,2100,2100,1,1
Delhi,Model town,Endocrinologist,1,3000,2000,2000,1,1
Delhi,Model town,Endocrinologist,6,3000,2000,2000,1,1
Delhi,Model town,Gastroenterologist,1,11550,2100,2100,1,0
Delhi,Model town,Gastroenterologist,6,9450,2100,2100,1,1
Delhi,Model town,General Physician,1,8400,2100,2100,1,1
Delhi,Model town,General Physician,6,6300,2100,2100,1,1
Delhi,Model town,Urologist,1,8400,7875,7875,6,5
Delhi,Model town,Urologist,6,6300,3938,3938,6,6
Delhi,Model town,ENT,1,13200,10120,10120,1,0
Delhi,Model town,ENT,6,6300,4830,4830,1,1
Delhi,Model town,General Dentistry,1,15400,9900,9900,1,0
Delhi,Model town,General Dentistry,6,12100,4950,4950,1,0
Delhi,Model town,Cardiologist,1,3150,2100,2100,1,1
Delhi,Model town,Cardiologist,6,3150,2100,2100,1,1
Delhi,Model town,General Psychiatry,1,9900,4070,4070,1,0
Delhi,Model town,General Psychiatry,6,5500,2200,2200,1,1
Delhi,Model town,General Gynecology,1,20900,4400,4400,1,0
Delhi,Model town,General Gynecology,6,15400,2200,2200,1,1
Delhi,Model town,General Alt Medicine,1,3000,2000,2000,1,1
Delhi,Model town,General Alt Medicine,6,3000,2000,2000,1,1
Delhi,Model town,General Pediatrics,1,8400,2100,2100,1,1
Delhi,Model town,General Pediatrics,6,5250,2100,2100,1,1
Delhi,Model town,General Ophthalmology,1,10000,2000,2000,1,0
Delhi,Model town,General Ophthalmology,6,9000,2000,2000,1,1
Delhi,Model town,Orthopaedics,1,6300,6300,6300,3,3
Delhi,Model town,Orthopaedics,6,5250,3150,3150,3,3
Delhi,Nehru place,General Dermatology,1,17600,5830,5830,1,0
Delhi,Nehru place,General Dermatology,6,12600,2783,2783,1,0
Delhi,Nehru place,Neurologist,1,9900,2200,2200,1,0
Delhi,Nehru place,Neurologist,6,5250,2100,2100,1,1
Delhi,Nehru place,Sexologist,1,11550,2100,2100,1,0
Delhi,Nehru place,Sexologist,6,9450,2100,2100,1,0
Delhi,Nehru place,Physiotherapist,1,13200,9900,9900,1,0
Delhi,Nehru place,Physiotherapist,6,9450,4725,4725,1,1
Delhi,Nehru place,Hair Transplant,1,10000,7000,7000,1,0
Delhi,Nehru place,Dietitian,1,5000,2000,2000,1,1
Delhi,Nehru place,Dietitian,6,5000,2000,2000,1,1
Delhi,Nehru place,Endocrinologist,1,5250,2100,2100,1,0
Delhi,Nehru place,Endocrinologist,6,3000,2000,2000,1,1
Delhi,Nehru place,Gastroenterologist,1,8400,7875,7875,4,4
Delhi,Nehru place,Gastroenterologist,6,6300,3938,3938,4,4
Delhi,Nehru place,General Physician,1,6300,6300,6300,1,0
Delhi,Nehru place,General Physician,6,5250,3150,3150,1,1
Delhi,Nehru place,Urologist,1,12600,8925,8925,1,1
Delhi,Nehru place,Urologist,6,9450,4463,4463,1,1
Delhi,Nehru place,ENT,1,20900,13200,13200,1,0
Delhi,Nehru place,ENT,6,14700,6300,6300,1,1
Delhi,Nehru place,General Dentistry,1,28600,19580,19580,1,0
Delhi,Nehru place,General Dentistry,6,20000,9345,9345,1,1
Delhi,Nehru place,Cosmetic/Plastic Surgeon,1,27300,5775,5775,1,0
Delhi,Nehru place,Cosmetic/Plastic Surgeon,6,10000,2000,2000,1,1
Delhi,Nehru place,Pulmonologist,1,9000,2000,2000,1,1
Delhi,Nehru place,Pulmonologist,6,5000,2000,2000,1,1
Delhi,Nehru place,Cardiologist,1,3000,3000,3000,3,2
Delhi,Nehru place,Cardiologist,6,3000,2000,2000,3,3
Delhi,Nehru place,Nephrologist,1,3150,2100,2100,1,0
Delhi,Nehru place,Nephrologist,6,3000,2000,2000,1,1
Delhi,Nehru place,General Surgeon,1,10000,10000,10000,3,3
Delhi,Nehru place,General Surgeon,6,9000,6000,6000,3,3
Delhi,Nehru place,General Psychiatry,1,20900,26400,26400,2,0
Delhi,Nehru place,General Psychiatry,6,14700,12600,12600,2,2
Delhi,Nehru place,General Gynecology,1,17600,22000,22000,1,0
Delhi,Nehru place,General Gynecology,6,13200,11000,11000,1,1
Delhi,Nehru place,General Alt Medicine,1,6000,2400,2400,1,1
Delhi,Nehru place,General Alt Medicine,6,5000,2000,2000,1,1
Delhi,Nehru place,General Pediatrics,1,8400,2100,2100,1,0
Delhi,Nehru place,General Pediatrics,6,5250,2100,2100,1,1
Delhi,Nehru place,General Ophthalmology,1,12100,13530,13530,1,1
Delhi,Nehru place,General Ophthalmology,6,9450,6458,6458,1,1
Delhi,Nehru place,Orthopaedics,1,16800,15750,15750,2,2
Delhi,Nehru place,Orthopaedics,6,8400,7875,7875,2,2
Delhi,Nehru place,Homeopathy,1,8400,2100,2100,1,0
Delhi,Nehru place,Homeopathy,6,6000,2000,2000,1,1
Delhi,Patparganj,General Dermatology,1,13200,5390,5390,1,0
Delhi,Patparganj,General Dermatology,6,9450,2573,2573,1,1
Delhi,Patparganj,Neurologist,1,9900,9900,9900,1,1
Delhi,Patparganj,Neurologist,6,5250,4725,4725,4,4
Delhi,Patparganj,Sexologist,1,3150,2100,2100,1,0
Delhi,Patparganj,Sexologist,6,3150,2100,2100,1,1
Delhi,Patparganj,Physiotherapist,1,3000,2000,2000,1,1
Delhi,Patparganj,Physiotherapist,6,3000,2000,2000,1,1
Delhi,Patparganj,Endocrinologist,1,6300,2625,2625,1,1
Delhi,Patparganj,Endocrinologist,6,5000,2000,2000,1,1
Delhi,Patparganj,Gastroenterologist,1,9450,9450,9450,4,4
Delhi,Patparganj,Gastroenterologist,6,5250,4725,4725,4,4
Delhi,Patparganj,General Physician,1,12600,3360,3360,1,1
Delhi,Patparganj,General Physician,6,9450,2100,2100,1,1
Delhi,Patparganj,Urologist,1,6000,6000,6000,4,4
Delhi,Patparganj,Urologist,6,3000,3000,3000,4,4
Delhi,Patparganj,ENT,1,8400,7875,7875,1,1
Delhi,Patparganj,ENT,6,5250,3938,3938,1,1
Delhi,Patparganj,General Dentistry,1,12100,15180,15180,1,0
Delhi,Patparganj,General Dentistry,6,9900,7590,7590,1,0
Delhi,Patparganj,Pulmonologist,1,6000,6000,6000,2,2
Delhi,Patparganj,Pulmonologist,6,3000,3000,3000,2,2
Delhi,Patparganj,Cardiologist,1,3000,3000,3000,6,6
Delhi,Patparganj,Cardiologist,6,3000,2000,2000,6,6
Delhi,Patparganj,General Psychiatry,1,5500,4950,4950,1,0
Delhi,Patparganj,General Psychiatry,6,5500,2475,2475,1,0
Delhi,Patparganj,General Gynecology,1,19950,18900,18900,3,3
Delhi,Patparganj,General Gynecology,6,9450,9450,9450,3,2
Delhi,Patparganj,General Pediatrics,1,8400,3990,3990,1,1
Delhi,Patparganj,General Pediatrics,6,5250,2100,2100,1,1
Delhi,Patparganj,General Ophthalmology,1,12600,8085,8085,1,0
Delhi,Patparganj,General Ophthalmology,6,9000,3850,3850,1,1
Delhi,Patparganj,Orthopaedics,1,11550,11025,11025,2,2
Delhi,Patparganj,Orthopaedics,6,9450,5513,5513,2,2
Delhi,Patparganj,Homeopathy,1,3150,2310,2310,1,1
Delhi,Patparganj,Homeopathy,6,3000,2000,2000,1,1
Delhi,Pitampura,General Dermatology,1,14700,14175,14175,1,0
Delhi,Pitampura,General Dermatology,6,11550,7088,7088,1,1
Delhi,Pitampura,Neurologist,1,8400,7875,7875,6,6
Delhi,Pitampura,Neurologist,6,5250,3938,3938,6,6
Delhi,Pitampura,Sexologist,1,8400,2100,2100,1,1
Delhi,Pitampura,Sexologist,6,6300,2100,2100,1,0
Delhi,Pitampura,Physiotherapist,1,5500,4950,4950,1,0
Delhi,Pitampura,Physiotherapist,6,3150,2363,2363,1,1
Delhi,Pitampura,Dietitian,1,5000,2000,2000,1,1
Delhi,Pitampura,Dietitian,6,5000,2000,2000,1,1
Delhi,Pitampura,Endocrinologist,1,6600,2200,2200,1,0
Delhi,Pitampura,Endocrinologist,6,3150,2100,2100,1,1
Delhi,Pitampura,Gastroenterologist,1,8400,6300,6300,4,4
Delhi,Pitampura,Gastroenterologist,6,6300,3150,3150,4,4
Delhi,Pitampura,General Physician,1,3300,3300,3300,2,1
Delhi,Pitampura,General Physician,6,3150,2100,2100,2,2
Delhi,Pitampura,Urologist,1,11550,9660,9660,1,1
Delhi,Pitampura,Urologist,6,6300,4830,4830,1,1
Delhi,Pitampura,ENT,1,9450,9450,9450,3,3
Delhi,Pitampura,ENT,6,5250,4725,4725,3,3
Delhi,Pitampura,General Dentistry,1,27500,10230,10230,1,0
Delhi,Pitampura,General Dentistry,6,19950,4883,4883,1,1
Delhi,Pitampura,Pulmonologist,1,8400,2100,2100,1,0
Delhi,Pitampura,Pulmonologist,6,6000,2000,2000,1,1
Delhi,Pitampura,Cardiologist,1,3150,3150,3150,6,6
Delhi,Pitampura,Cardiologist,6,3150,2100,2100,6,6
Delhi,Pitampura,General Psychiatry,1,22000,21450,21450,2,0
Delhi,Pitampura,General Psychiatry,6,17600,10725,10725,2,2
Delhi,Pitampura,General Gynecology,1,23100,22050,22050,1,0
Delhi,Pitampura,General Gynecology,6,17850,11025,11025,1,1
Delhi,Pitampura,General Alt Medicine,1,5000,2000,2000,1,1
Delhi,Pitampura,General Alt Medicine,6,5000,2000,2000,1,1
Delhi,Pitampura,General Pediatrics,1,8400,2205,2205,1,1
Delhi,Pitampura,General Pediatrics,6,5250,2100,2100,1,1
Delhi,Pitampura,General Ophthalmology,1,10000,5200,5200,1,0
Delhi,Pitampura,General Ophthalmology,6,9000,2600,2600,1,1
Delhi,Pitampura,Orthopaedics,1,11550,11025,11025,2,2
Delhi,Pitampura,Orthopaedics,6,9450,5513,5513,2,2
Delhi,Pitampura,Homeopathy,1,5000,2000,2000,1,1
Delhi,Pitampura,Homeopathy,6,3000,2000,2000,1,1
Delhi,Preet vihar,General Dermatology,1,17600,11000,11000,1,0
Delhi,Preet vihar,General Dermatology,6,12600,5250,5250,1,1
Delhi,Preet vihar,Neurologist,1,9900,2200,2200,1,1
Delhi,Preet vihar,Neurologist,6,5250,2100,2100,1,1
Delhi,Preet vihar,Sexologist,1,3150,2100,2100,1,0
Delhi,Preet vihar,Sexologist,6,3150,2100,2100,1,0
Delhi,Preet vihar,Physiotherapist,1,5250,4725,4725,1,1
Delhi,Preet vihar,Physiotherapist,6,3150,2363,2363,1,1
Delhi,Preet vihar,Hair Transplant,1,10000,7000,7000,1,0
Delhi,Preet vihar,Dietitian,1,9000,2000,2000,1,1
Delhi,Preet vihar,Dietitian,6,5000,2000,2000,1,1
Delhi,Preet vihar,Endocrinologist,1,6600,2200,2200,1,0
Delhi,Preet vihar,Endocrinologist,6,3150,2100,2100,1,1
Delhi,Preet vihar,Gastroenterologist,1,16800,12600,12600,3,3
Delhi,Preet vihar,Gastroenterologist,6,12600,6300,6300,3,3
Delhi,Preet vihar,General Physician,1,15400,3300,3300,1,1
Delhi,Preet vihar,General Physician,6,11550,2100,2100,1,1
Delhi,Preet vihar,Urologist,1,9900,6600,6600,1,0
Delhi,Preet vihar,Urologist,6,5250,3150,3150,1,1
Delhi,Preet vihar,ENT,1,11550,6300,6300,1,1
Delhi,Preet vihar,ENT,6,6300,3150,3150,1,1
Delhi,Preet vihar,General Dentistry,1,12100,8690,8690,1,0
Delhi,Preet vihar,General Dentistry,6,9900,4345,4345,1,0
Delhi,Preet vihar,Pulmonologist,1,3000,3000,3000,6,6
Delhi,Preet vihar,Pulmonologist,6,3000,2000,2000,6,6
Delhi,Preet vihar,Cardiologist,1,3150,2100,2100,1,0
Delhi,Preet vihar,Cardiologist,6,3150,2100,2100,1,1
Delhi,Preet vihar,General Psychiatry,1,20900,13090,13090,1,0
Delhi,Preet vihar,General Psychiatry,6,15400,6545,6545,1,0
Delhi,Preet vihar,General Gynecology,1,22000,6050,6050,1,0
Delhi,Preet vihar,General Gynecology,6,11550,2888,2888,1,0
Delhi,Preet vihar,General Alt Medicine,1,6000,2000,2000,1,1
Delhi,Preet vihar,General Alt Medicine,6,5000,2000,2000,1,1
Delhi,Preet vihar,General Pediatrics,1,9450,2100,2100,1,1
Delhi,Preet vihar,General Pediatrics,6,5250,2100,2100,1,1
Delhi,Preet vihar,General Ophthalmology,1,8400,5250,5250,1,0
Delhi,Preet vihar,General Ophthalmology,6,6000,2500,2500,1,1
Delhi,Preet vihar,Orthopaedics,1,20000,2100,2100,1,1
Delhi,Preet vihar,Orthopaedics,6,11550,2100,2100,1,1
Delhi,Preet vihar,Homeopathy,1,5000,2100,2100,1,1
Delhi,Preet vihar,Homeopathy,6,3000,2000,2000,1,1
Delhi,Punjabi bagh,General Dermatology,1,27500,18370,18370,2,0
Delhi,Punjabi bagh,General Dermatology,6,20900,9185,9185,1,0
Delhi,Punjabi bagh,Neurologist,1,12600,2100,2100,1,1
Delhi,Punjabi bagh,Neurologist,6,6300,2100,2100,1,1
Delhi,Punjabi bagh,Sexologist,1,6600,2200,2200,1,0
Delhi,Punjabi bagh,Sexologist,6,5500,2200,2200,1,0
Delhi,Punjabi bagh,Physiotherapist,1,11550,14700,14700,2,2
Delhi,Punjabi bagh,Physiotherapist,6,9450,7350,7350,2,2
Delhi,Punjabi bagh,Dietitian,1,8000,2000,2000,1,0
Delhi,Punjabi bagh,Dietitian,6,6300,2100,2100,1,1
Delhi,Punjabi bagh,Endocrinologist,1,12100,4290,4290,1,0
Delhi,Punjabi bagh,Endocrinologist,6,9450,2100,2100,1,1
Delhi,Punjabi bagh,Gastroenterologist,1,15400,2200,2200,1,1
Delhi,Punjabi bagh,Gastroenterologist,6,11550,2100,2100,1,1
Delhi,Punjabi bagh,General Physician,1,11550,10710,10710,1,1
Delhi,Punjabi bagh,General Physician,6,9450,5355,5355,1,1
Delhi,Punjabi bagh,Urologist,1,11550,11025,11025,1,1
Delhi,Punjabi bagh,Urologist,6,9450,5513,5513,1,1
Delhi,Punjabi bagh,ENT,1,12600,12600,12600,1,0
Delhi,Punjabi bagh,ENT,6,6300,6300,6300,1,1
Delhi,Punjabi bagh,General Dentistry,1,15400,14850,14850,2,2
Delhi,Punjabi bagh,General Dentistry,6,12100,7425,7425,2,2
Delhi,Punjabi bagh,Pulmonologist,1,12100,2200,2200,1,0
Delhi,Punjabi bagh,Pulmonologist,6,9450,2100,2100,1,1
Delhi,Punjabi bagh,Cardiologist,1,8400,3885,3885,1,0
Delhi,Punjabi bagh,Cardiologist,6,6300,2100,2100,1,1
Delhi,Punjabi bagh,General Psychiatry,1,20900,26400,26400,1,1
Delhi,Punjabi bagh,General Psychiatry,6,14700,12600,12600,1,0
Delhi,Punjabi bagh,Speech Therapist,1,3000,2000,2000,1,1
Delhi,Punjabi bagh,Speech Therapist,6,3000,2000,2000,1,1
Delhi,Punjabi bagh,General Gynecology,1,25300,33000,33000,1,0
Delhi,Punjabi bagh,General Gynecology,6,13200,16500,16500,1,0
Delhi,Punjabi bagh,General Alt Medicine,1,3150,2100,2100,1,1
Delhi,Punjabi bagh,General Alt Medicine,6,3150,2100,2100,1,1
Delhi,Punjabi bagh,General Pediatrics,1,8400,5985,5985,1,1
Delhi,Punjabi bagh,General Pediatrics,6,5250,2993,2993,1,1
Delhi,Punjabi bagh,General Ophthalmology,1,9900,4070,4070,1,0
Delhi,Punjabi bagh,General Ophthalmology,6,8400,2100,2100,1,0
Delhi,Punjabi bagh,Orthopaedics,1,36300,46200,46200,3,1
Delhi,Punjabi bagh,Orthopaedics,6,26250,22050,22050,3,3
Delhi,Punjabi bagh,Homeopathy,1,6300,2100,2100,1,0
Delhi,Punjabi bagh,Homeopathy,6,5250,2100,2100,1,1
Delhi,Rohini,General Dermatology,1,30800,11440,11440,1,0
Delhi,Rohini,General Dermatology,6,23100,5460,5460,1,1
Delhi,Rohini,Neurologist,1,11550,2100,2100,1,1
Delhi,Rohini,Neurologist,6,6300,2100,2100,1,1
Delhi,Rohini,Sexologist,1,15400,2200,2200,1,1
Delhi,Rohini,Sexologist,6,12100,2200,2200,1,0
Delhi,Rohini,Physiotherapist,1,13200,3410,3410,1,1
Delhi,Rohini,Physiotherapist,6,6300,2100,2100,1,1
Delhi,Rohini,Hair Transplant,1,3300,2200,2200,1,0
Delhi,Rohini,Hair Transplant,6,3150,2100,2100,1,1
Delhi,Rohini,Dietitian,1,6000,2000,2000,1,1
Delhi,Rohini,Dietitian,6,5000,2000,2000,1,1
Delhi,Rohini,Endocrinologist,1,8400,2100,2100,1,1
Delhi,Rohini,Endocrinologist,6,5250,2100,2100,1,1
Delhi,Rohini,Gastroenterologist,1,17600,2200,2200,1,0
Delhi,Rohini,Gastroenterologist,6,12600,2100,2100,1,1
Delhi,Rohini,General Physician,1,3300,3300,3300,2,1
Delhi,Rohini,General Physician,6,3150,2100,2100,2,2
Delhi,Rohini,Urologist,1,9900,5060,5060,1,1
Delhi,Rohini,Urologist,6,5250,2415,2415,1,1
Delhi,Rohini,ENT,1,19950,15330,15330,1,1
Delhi,Rohini,ENT,6,9450,7665,7665,1,1
Delhi,Rohini,General Dentistry,1,22000,10780,10780,1,1
Delhi,Rohini,General Dentistry,6,17600,5390,5390,1,1
Delhi,Rohini,Oncologist,1,9450,2100,2100,1,1
Delhi,Rohini,Oncologist,6,8000,2000,2000,1,1
Delhi,Rohini,Pulmonologist,1,13200,12650,12650,1,0
Delhi,Rohini,Pulmonologist,6,9450,6038,6038,1,1
Delhi,Rohini,Cardiologist,1,8400,2100,2100,1,1
Delhi,Rohini,Cardiologist,6,5250,2100,2100,1,1
Delhi,Rohini,Nephrologist,1,3000,2000,2000,1,0
Delhi,Rohini,Nephrologist,6,3000,2000,2000,1,1
Delhi,Rohini,General Surgeon,1,5250,4725,4725,6,6
Delhi,Rohini,General Surgeon,6,3150,2363,2363,6,6
Delhi,Rohini,Veterinarian,1,3000,2000,2000,1,1
Delhi,Rohini,Veterinarian,6,3000,2000,2000,1,1
Delhi,Rohini,General Psychiatry,1,42900,22550,22550,2,0
Delhi,Rohini,General Psychiatry,6,31900,11275,11275,2,2
Delhi,Rohini,Speech Therapist,1,3000,2000,2000,1,1
Delhi,Rohini,Speech Therapist,6,3000,2000,2000,1,1
Delhi,Rohini,General Gynecology,1,30000,25095,25095,1,1
Delhi,Rohini,General Gynecology,6,29400,12548,12548,1,1
Delhi,Rohini,General Alt Medicine,1,5250,2310,2310,1,1
Delhi,Rohini,General Alt Medicine,6,3150,2100,2100,1,1
Delhi,Rohini,General Pediatrics,1,8400,2100,2100,1,1
Delhi,Rohini,General Pediatrics,6,5250,2100,2100,1,1
Delhi,Rohini,General Ophthalmology,1,20900,7810,7810,1,0
Delhi,Rohini,General Ophthalmology,6,14700,3728,3728,1,1
Delhi,Rohini,Orthopaedics,1,16800,15750,15750,4,4
Delhi,Rohini,Orthopaedics,6,12600,7875,7875,4,4
Delhi,Rohini,Homeopathy,1,5500,2200,2200,1,0
Delhi,Rohini,Homeopathy,6,5250,2100,2100,1,1
Delhi,Shahdara,General Dermatology,1,12100,7700,7700,1,0
Delhi,Shahdara,General Dermatology,6,9450,3675,3675,1,1
Delhi,Shahdara,Neurologist,1,17600,2200,2200,1,1
Delhi,Shahdara,Neurologist,6,8400,2100,2100,1,1
Delhi,Shahdara,Sexologist,1,6600,2200,2200,1,0
Delhi,Shahdara,Sexologist,6,5500,2200,2200,1,0
Delhi,Shahdara,Physiotherapist,1,5250,2100,2100,1,0
Delhi,Shahdara,Physiotherapist,6,3150,2100,2100,1,1
Delhi,Shahdara,Dietitian,1,5000,2000,2000,1,1
Delhi,Shahdara,Dietitian,6,5000,2000,2000,1,1
Delhi,Shahdara,Endocrinologist,1,6300,2100,2100,1,1
Delhi,Shahdara,Endocrinologist,6,3150,2100,2100,1,1
Delhi,Shahdara,Gastroenterologist,1,9450,2100,2100,1,0
Delhi,Shahdara,Gastroenterologist,6,5250,2100,2100,1,1
Delhi,Shahdara,General Physician,1,3150,3150,3150,1,1
Delhi,Shahdara,General Physician,6,3150,2100,2100,1,1
Delhi,Shahdara,Urologist,1,12100,2200,2200,1,0
Delhi,Shahdara,Urologist,6,6300,2100,2100,1,1
Delhi,Shahdara,ENT,1,11550,2100,2100,1,1
Delhi,Shahdara,ENT,6,6300,2100,2100,1,1
Delhi,Shahdara,General Dentistry,1,11550,3255,3255,1,0
Delhi,Shahdara,General Dentistry,6,9450,2100,2100,1,1
Delhi,Shahdara,Pulmonologist,1,5250,2100,2100,1,1
Delhi,Shahdara,Pulmonologist,6,3150,2100,2100,1,1
Delhi,Shahdara,Cardiologist,1,3150,2100,2100,1,1
Delhi,Shahdara,Cardiologist,6,3150,2100,2100,1,1
Delhi,Shahdara,General Surgeon,1,6000,6000,6000,5,5
Delhi,Shahdara,General Surgeon,6,5000,3000,3000,5,5
Delhi,Shahdara,General Psychiatry,1,6600,4950,4950,2,0
Delhi,Shahdara,General Psychiatry,6,5250,2363,2363,2,2
Delhi,Shahdara,General Gynecology,1,17600,6380,6380,1,0
Delhi,Shahdara,General Gynecology,6,12600,3045,3045,1,0
Delhi,Shahdara,General Alt Medicine,1,3150,2100,2100,1,1
Delhi,Shahdara,General Alt Medicine,6,3000,2000,2000,1,1
Delhi,Shahdara,General Pediatrics,1,9450,2100,2100,1,0
Delhi,Shahdara,General Pediatrics,6,5250,2100,2100,1,1
Delhi,Shahdara,General Ophthalmology,1,8000,2000,2000,1,1
Delhi,Shahdara,General Ophthalmology,6,6000,2000,2000,1,1
Delhi,Shahdara,Orthopaedics,1,17600,11000,11000,1,1
Delhi,Shahdara,Orthopaedics,6,8400,5250,5250,1,1
Delhi,Shahdara,Homeopathy,1,3000,2000,2000,1,1
Delhi,Shahdara,Homeopathy,6,3000,2000,2000,1,1
Delhi,Shastri nagar,General Dermatology,1,8400,2100,2100,1,0
Delhi,Shastri nagar,General Dermatology,6,5250,2100,2100,1,1
Delhi,Shastri nagar,Neurologist,1,5000,2000,2000,1,1
Delhi,Shastri nagar,Neurologist,6,5000,2000,2000,1,1
Delhi,Shastri nagar,Sexologist,1,3150,2100,2100,1,1
Delhi,Shastri nagar,Sexologist,6,3150,2100,2100,1,0
Delhi,Shastri nagar,Gastroenterologist,1,5000,2000,2000,1,1
Delhi,Shastri nagar,Gastroenterologist,6,3000,2000,2000,1,1
Delhi,Shastri nagar,General Physician,1,6300,4620,4620,1,1
Delhi,Shastri nagar,General Physician,6,5250,2310,2310,1,1
Delhi,Shastri nagar,Urologist,1,5000,2000,2000,1,1
Delhi,Shastri nagar,Urologist,6,3000,2000,2000,1,1
Delhi,Shastri nagar,ENT,1,6600,2200,2200,1,0
Delhi,Shastri nagar,ENT,6,3150,2100,2100,1,1
Delhi,Shastri nagar,General Dentistry,1,12600,2730,2730,1,0
Delhi,Shastri nagar,General Dentistry,6,9000,2000,2000,1,1
Delhi,Shastri nagar,General Psychiatry,1,5000,3000,3000,1,1
Delhi,Shastri nagar,General Psychiatry,6,3000,2000,2000,1,1
Delhi,Shastri nagar,General Gynecology,1,12100,2420,2420,1,0
Delhi,Shastri nagar,General Gynecology,6,9450,2100,2100,1,1
Delhi,Shastri nagar,General Ophthalmology,1,5000,2000,2000,1,1
Delhi,Shastri nagar,General Ophthalmology,6,3000,2000,2000,1,1
Delhi,Shastri nagar,Orthopaedics,1,3150,3150,3150,3,2
Delhi,Shastri nagar,Orthopaedics,6,3150,2100,2100,3,3
Delhi,South extension,General Dermatology,1,11550,11025,11025,1,0
Delhi,South extension,General Dermatology,6,9000,5250,5250,1,0
Delhi,South extension,Sexologist,1,3150,2100,2100,1,0
Delhi,South extension,Sexologist,6,3150,2100,2100,1,0
Delhi,South extension,Hair Transplant,1,9450,2100,2100,1,0
Delhi,South extension,Hair Transplant,6,8000,2000,2000,1,1
Delhi,South extension,General Physician,1,3000,2000,2000,1,1
Delhi,South extension,General Physician,6,3000,2000,2000,1,1
Delhi,South extension,ENT,1,5250,4725,4725,4,1
Delhi,South extension,ENT,6,5250,2363,2363,4,3
Delhi,South extension,General Dentistry,1,14700,3045,3045,2,0
Delhi,South extension,General Dentistry,6,10000,2000,2000,1,0
Delhi,South extension,General Psychiatry,1,10000,5300,5300,1,0
Delhi,South extension,General Psychiatry,6,9000,2650,2650,1,1
Delhi,South extension,General Gynecology,1,8400,7875,7875,1,0
Delhi,South extension,General Gynecology,6,6300,3938,3938,1,0
Delhi,South extension,General Alt Medicine,1,3000,2000,2000,1,1
Delhi,South extension,General Alt Medicine,6,3000,2000,2000,1,1
Delhi,South extension,General Ophthalmology,1,3000,2000,2000,1,0
Delhi,South extension,General Ophthalmology,6,3000,2000,2000,1,1
Delhi,Vasant kunj,General Dermatology,1,24200,10010,10010,1,0
Delhi,Vasant kunj,General Dermatology,6,18700,5005,5005,1,0
Delhi,Vasant kunj,Neurologist,1,9450,9450,9450,1,1
Delhi,Vasant kunj,Neurologist,6,5250,4725,4725,1,1
Delhi,Vasant kunj,Physiotherapist,1,5500,4950,4950,2,0
Delhi,Vasant kunj,Physiotherapist,6,5250,2363,2363,2,2
Delhi,Vasant kunj,Hair Transplant,1,11550,7350,7350,1,0
Delhi,Vasant kunj,Endocrinologist,1,3150,2100,2100,1,0
Delhi,Vasant kunj,Endocrinologist,6,3000,2000,2000,1,1
Delhi,Vasant kunj,Gastroenterologist,1,11550,2100,2100,1,0
Delhi,Vasant kunj,Gastroenterologist,6,9450,2100,2100,1,1
Delhi,Vasant kunj,General Physician,1,3300,3300,3300,1,1
Delhi,Vasant kunj,General Physician,6,3150,2100,2100,4,3
Delhi,Vasant kunj,Urologist,1,8400,7875,7875,3,2
Delhi,Vasant kunj,Urologist,6,6300,3938,3938,3,3
Delhi,Vasant kunj,ENT,1,22000,19415,19415,2,0
Delhi,Vasant kunj,ENT,6,17600,9708,9708,1,1
Delhi,Vasant kunj,General Dentistry,1,37400,22990,22990,1,0
Delhi,Vasant kunj,General Dentistry,6,28600,11495,11495,1,0
Delhi,Vasant kunj,Pulmonologist,1,10000,2000,2000,1,1
Delhi,Vasant kunj,Pulmonologist,6,9000,2000,2000,1,1
Delhi,Vasant kunj,Cardiologist,1,6000,2000,2000,1,1
Delhi,Vasant kunj,Cardiologist,6,5000,2000,2000,1,1
Delhi,Vasant kunj,General Psychiatry,1,15400,19800,19800,3,0
Delhi,Vasant kunj,General Psychiatry,6,11550,9450,9450,3,1
Delhi,Vasant kunj,General Gynecology,1,30800,26290,26290,2,0
Delhi,Vasant kunj,General Gynecology,6,24200,13145,13145,2,1
Delhi,Vasant kunj,General Alt Medicine,1,3000,2000,2000,1,1
Delhi,Vasant kunj,General Alt Medicine,6,3000,2000,2000,1,1
Delhi,Vasant kunj,General Pediatrics,1,9450,2625,2625,1,1
Delhi,Vasant kunj,General Pediatrics,6,5250,2100,2100,1,1
Delhi,Vasant kunj,General Ophthalmology,1,12100,8030,8030,1,0
Delhi,Vasant kunj,General Ophthalmology,6,6300,3833,3833,1,1
Delhi,Vasant kunj,Orthopaedics,1,17600,16500,16500,1,0
Delhi,Vasant kunj,Orthopaedics,6,12600,7875,7875,1,1
Delhi,Vasant kunj,Homeopathy,1,5250,2100,2100,1,0
Delhi,Vasant kunj,Homeopathy,6,5000,2000,2000,1,0
Delhi,Mehrauli,General Dermatology,1,15400,14850,14850,1,0
Delhi,Mehrauli,General Dermatology,6,11550,7088,7088,2,1
Delhi,Mehrauli,Neurologist,1,9450,9450,9450,6,6
Delhi,Mehrauli,Neurologist,6,5250,4725,4725,6,6
Delhi,Mehrauli,Sexologist,1,6300,2100,2100,1,0
Delhi,Mehrauli,Sexologist,6,5250,2100,2100,1,0
Delhi,Mehrauli,Physiotherapist,1,5250,4725,4725,2,2
Delhi,Mehrauli,Physiotherapist,6,5250,2363,2363,2,2
Delhi,Mehrauli,Endocrinologist,1,3300,3300,3300,2,1
Delhi,Mehrauli,Endocrinologist,6,3150,2100,2100,2,2
Delhi,Mehrauli,Gastroenterologist,1,12600,12600,12600,6,5
Delhi,Mehrauli,Gastroenterologist,6,9450,6300,6300,6,6
Delhi,Mehrauli,General Physician,1,3150,3150,3150,4,4
Delhi,Mehrauli,General Physician,6,3150,2100,2100,4,4
Delhi,Mehrauli,Urologist,1,8400,7875,7875,3,3
Delhi,Mehrauli,Urologist,6,5250,3938,3938,3,3
Delhi,Mehrauli,ENT,1,17600,16500,16500,1,0
Delhi,Mehrauli,ENT,6,8400,7875,7875,1,1
Delhi,Mehrauli,General Dentistry,1,30800,12760,12760,1,0
Delhi,Mehrauli,General Dentistry,6,20000,6090,6090,1,1
Delhi,Mehrauli,Cosmetic/Plastic Surgeon,1,27300,9660,9660,1,0
Delhi,Mehrauli,Cosmetic/Plastic Surgeon,6,10000,4600,4600,1,1
Delhi,Mehrauli,Pulmonologist,1,8000,7500,7500,3,3
Delhi,Mehrauli,Pulmonologist,6,5000,3750,3750,3,3
Delhi,Mehrauli,Cardiologist,1,5250,4725,4725,6,6
Delhi,Mehrauli,Cardiologist,6,3150,2363,2363,6,6
Delhi,Mehrauli,Nephrologist,1,3000,3000,3000,2,2
Delhi,Mehrauli,Nephrologist,6,3000,2000,2000,2,2
Delhi,Mehrauli,General Psychiatry,1,17600,16500,16500,1,1
Delhi,Mehrauli,General Psychiatry,6,13200,8250,8250,1,1
Delhi,Mehrauli,General Gynecology,1,23100,22050,22050,2,1
Delhi,Mehrauli,General Gynecology,6,17850,11025,11025,2,2
Delhi,Mehrauli,General Alt Medicine,1,3000,2000,2000,1,1
Delhi,Mehrauli,General Alt Medicine,6,3000,2000,2000,1,1
Delhi,Mehrauli,General Pediatrics,1,9450,4935,4935,1,1
Delhi,Mehrauli,General Pediatrics,6,5250,2468,2468,1,1
Delhi,Mehrauli,General Ophthalmology,1,9450,9450,9450,1,1
Delhi,Mehrauli,General Ophthalmology,6,8400,4725,4725,1,1
Delhi,Mehrauli,Orthopaedics,1,8400,7875,7875,5,4
Delhi,Mehrauli,Orthopaedics,6,5250,3938,3938,5,4
Delhi,Mehrauli,Homeopathy,1,5000,2000,2000,1,0
Delhi,Mehrauli,Homeopathy,6,5000,2000,2000,1,1
Dhanbad,Dhanbad-Cityinventory,Gastroenterologist,1,3135,2090,2090,1,1
Dhanbad,Dhanbad-Cityinventory,Gastroenterologist,6,3135,2090,2090,1,1
Dhanbad,Dhanbad-Cityinventory,General Physician,1,3135,2090,2090,1,1
Dhanbad,Dhanbad-Cityinventory,General Physician,6,3135,2090,2090,1,1
Dhanbad,Dhanbad-Cityinventory,General Dentistry,1,3135,2090,2090,1,1
Dhanbad,Dhanbad-Cityinventory,General Dentistry,6,3135,2090,2090,1,1
Dhanbad,Dhanbad-Cityinventory,General Gynecology,1,3135,2090,2090,1,1
Dhanbad,Dhanbad-Cityinventory,General Gynecology,6,3135,2090,2090,1,1
Dhanbad,Dhanbad-Cityinventory,Orthopaedics,1,3000,2000,2000,1,1
Dhanbad,Dhanbad-Cityinventory,Orthopaedics,6,3000,2000,2000,1,1
Dibrugarh,Dibrugarh-Cityinventory,General Physician,1,3135,2090,2090,1,1
Dibrugarh,Dibrugarh-Cityinventory,General Physician,6,3135,2090,2090,1,1
Dubai,Dubai-Cityinventory,General Dermatology,1,100000,,,4,4
Dubai,Dubai-Cityinventory,General Dermatology,6,100000,,,4,4
Dubai,Dubai-Cityinventory,Physiotherapist,1,100000,100000,100000,1,1
Dubai,Dubai-Cityinventory,General Dentistry,1,0,,,4,3
Dubai,Dubai-Cityinventory,General Dentistry,6,100000,,,4,4
Dubai,Dubai-Cityinventory,Cardiologist,1,100000,100000,100000,4,3
Dubai,Dubai-Cityinventory,General Psychiatry,1,100000,,,4,4
Dubai,Dubai-Cityinventory,General Psychiatry,6,100000,,,4,4
Dubai,Dubai-Cityinventory,General Gynecology,1,100000,100000,100000,4,3
Dubai,Dubai-Cityinventory,Orthopaedics,1,100000,100000,100000,4,3
Durgapur,Durgapur-Cityinventory,General Physician,1,3000,2000,2000,1,1
Durgapur,Durgapur-Cityinventory,General Physician,6,3000,2000,2000,1,1
East Khasi Hills,Shillong-East Khasi Hills,General Dermatology,1,3000,2000,2000,1,1
East Khasi Hills,Shillong-East Khasi Hills,General Dermatology,6,3000,2000,2000,1,1
East Khasi Hills,Shillong-East Khasi Hills,General Physician,1,3000,2000,2000,1,1
East Khasi Hills,Shillong-East Khasi Hills,General Physician,6,3000,2000,2000,1,1
Eluru,Eluru-Cityinventory,General Physician,1,3000,2000,2000,1,1
Eluru,Eluru-Cityinventory,General Physician,6,3000,2000,2000,1,1
Ernakulam,Ernakulam-Cityinventory,General Dermatology,1,8360,7838,7838,2,2
Ernakulam,Ernakulam-Cityinventory,General Dermatology,6,6270,3919,3919,2,2
Ernakulam,Ernakulam-Cityinventory,Neurologist,1,5225,2090,2090,1,1
Ernakulam,Ernakulam-Cityinventory,Neurologist,6,3135,2090,2090,1,1
Ernakulam,Ernakulam-Cityinventory,Sexologist,1,3270,2180,2180,1,1
Ernakulam,Ernakulam-Cityinventory,Sexologist,6,3135,2090,2090,1,1
Ernakulam,Ernakulam-Cityinventory,Physiotherapist,1,3000,2000,2000,1,1
Ernakulam,Ernakulam-Cityinventory,Physiotherapist,6,3000,2000,2000,1,1
Ernakulam,Ernakulam-Cityinventory,Hair Transplant,1,3135,2090,2090,1,1
Ernakulam,Ernakulam-Cityinventory,Hair Transplant,6,3135,2090,2090,1,1
Ernakulam,Ernakulam-Cityinventory,Dietitian,1,3000,2000,2000,1,1
Ernakulam,Ernakulam-Cityinventory,Dietitian,6,3000,2000,2000,1,1
Ernakulam,Ernakulam-Cityinventory,Endocrinologist,1,3135,2090,2090,1,1
Ernakulam,Ernakulam-Cityinventory,Endocrinologist,6,3135,2090,2090,1,1
Ernakulam,Ernakulam-Cityinventory,Gastroenterologist,1,22990,2090,2090,1,1
Ernakulam,Ernakulam-Cityinventory,Gastroenterologist,6,11495,2090,2090,1,1
Ernakulam,Ernakulam-Cityinventory,General Physician,1,3270,2180,2180,1,0
Ernakulam,Ernakulam-Cityinventory,General Physician,6,3135,2090,2090,1,1
Ernakulam,Ernakulam-Cityinventory,Urologist,1,6540,2180,2180,1,1
Ernakulam,Ernakulam-Cityinventory,Urologist,6,3135,2090,2090,1,1
Ernakulam,Ernakulam-Cityinventory,ENT,1,3135,2090,2090,1,1
Ernakulam,Ernakulam-Cityinventory,ENT,6,3135,2090,2090,1,1
Ernakulam,Ernakulam-Cityinventory,General Dentistry,1,17440,6649,6649,3,2
Ernakulam,Ernakulam-Cityinventory,General Dentistry,6,13080,3325,3325,1,0
Ernakulam,Ernakulam-Cityinventory,Oncologist,1,5000,2000,2000,1,1
Ernakulam,Ernakulam-Cityinventory,Oncologist,6,3000,2000,2000,1,1
Ernakulam,Ernakulam-Cityinventory,Cosmetic/Plastic Surgeon,1,10000,2000,2000,1,1
Ernakulam,Ernakulam-Cityinventory,Cosmetic/Plastic Surgeon,6,10000,2000,2000,1,1
Ernakulam,Ernakulam-Cityinventory,Pulmonologist,1,3000,2000,2000,1,1
Ernakulam,Ernakulam-Cityinventory,Pulmonologist,6,3000,2000,2000,1,1
Ernakulam,Ernakulam-Cityinventory,Cardiologist,1,6270,2090,2090,1,1
Ernakulam,Ernakulam-Cityinventory,Cardiologist,6,3135,2090,2090,1,1
Ernakulam,Ernakulam-Cityinventory,General Surgeon,1,8360,2090,2090,1,1
Ernakulam,Ernakulam-Cityinventory,General Surgeon,6,5000,2000,2000,1,1
Ernakulam,Ernakulam-Cityinventory,General Psychiatry,1,8720,2180,2180,4,1
Ernakulam,Ernakulam-Cityinventory,General Psychiatry,6,6270,2090,2090,1,1
Ernakulam,Ernakulam-Cityinventory,General Gynecology,1,12540,12540,12540,2,2
Ernakulam,Ernakulam-Cityinventory,General Gynecology,6,6270,6270,6270,2,2
Ernakulam,Ernakulam-Cityinventory,General Alt Medicine,1,3000,2000,2000,1,1
Ernakulam,Ernakulam-Cityinventory,General Alt Medicine,6,3000,2000,2000,1,1
Ernakulam,Ernakulam-Cityinventory,General Pediatrics,1,3135,2090,2090,1,1
Ernakulam,Ernakulam-Cityinventory,General Pediatrics,6,3135,2090,2090,1,1
Ernakulam,Ernakulam-Cityinventory,General Ophthalmology,1,5225,2090,2090,1,1
Ernakulam,Ernakulam-Cityinventory,General Ophthalmology,6,3135,2090,2090,1,1
Ernakulam,Ernakulam-Cityinventory,Orthopaedics,1,3135,2090,2090,1,1
Ernakulam,Ernakulam-Cityinventory,Orthopaedics,6,3135,2090,2090,1,1
Ernakulam,Ernakulam-Cityinventory,Homeopathy,1,3000,2000,2000,1,1
Ernakulam,Ernakulam-Cityinventory,Homeopathy,6,3000,2000,2000,1,1
Ernakulam,Kakkanad,General Dermatology,1,8360,2090,2090,1,1
Ernakulam,Kakkanad,General Dermatology,6,5225,2090,2090,1,1
Ernakulam,Kakkanad,Neurologist,1,5450,2180,2180,1,0
Ernakulam,Kakkanad,Neurologist,6,3135,2090,2090,1,1
Ernakulam,Kakkanad,Sexologist,1,3000,2000,2000,1,0
Ernakulam,Kakkanad,Sexologist,6,3000,2000,2000,1,1
Ernakulam,Kakkanad,Physiotherapist,1,3000,2000,2000,1,1
Ernakulam,Kakkanad,Physiotherapist,6,3000,2000,2000,1,1
Ernakulam,Kakkanad,Endocrinologist,1,3135,2090,2090,1,1
Ernakulam,Kakkanad,Endocrinologist,6,3135,2090,2090,1,1
Ernakulam,Kakkanad,Gastroenterologist,1,8360,2090,2090,1,1
Ernakulam,Kakkanad,Gastroenterologist,6,5225,2090,2090,1,1
Ernakulam,Kakkanad,General Physician,1,3135,2090,2090,1,1
Ernakulam,Kakkanad,General Physician,6,3135,2090,2090,1,1
Ernakulam,Kakkanad,Urologist,1,6270,2090,2090,1,1
Ernakulam,Kakkanad,Urologist,6,3135,2090,2090,1,1
Ernakulam,Kakkanad,ENT,1,3135,2090,2090,1,1
Ernakulam,Kakkanad,ENT,6,3135,2090,2090,1,1
Ernakulam,Kakkanad,General Dentistry,1,11495,2090,2090,1,1
Ernakulam,Kakkanad,General Dentistry,6,9405,2090,2090,1,1
Ernakulam,Kakkanad,Oncologist,1,3000,2000,2000,1,1
Ernakulam,Kakkanad,Oncologist,6,3000,2000,2000,1,1
Ernakulam,Kakkanad,Cosmetic/Plastic Surgeon,1,3000,2000,2000,1,1
Ernakulam,Kakkanad,Cosmetic/Plastic Surgeon,6,3000,2000,2000,1,1
Ernakulam,Kakkanad,Pulmonologist,1,3000,2000,2000,1,1
Ernakulam,Kakkanad,Pulmonologist,6,3000,2000,2000,1,1
Ernakulam,Kakkanad,Cardiologist,1,3000,2000,2000,1,1
Ernakulam,Kakkanad,Cardiologist,6,3000,2000,2000,1,1
Ernakulam,Kakkanad,General Surgeon,1,5000,2000,2000,1,1
Ernakulam,Kakkanad,General Surgeon,6,3000,2000,2000,1,1
Ernakulam,Kakkanad,General Psychiatry,1,5225,2090,2090,1,1
Ernakulam,Kakkanad,General Psychiatry,6,3135,2090,2090,1,1
Ernakulam,Kakkanad,General Gynecology,1,9405,9405,9405,1,1
Ernakulam,Kakkanad,General Gynecology,6,5225,4703,4703,1,1
Ernakulam,Kakkanad,General Alt Medicine,1,3000,2000,2000,1,1
Ernakulam,Kakkanad,General Alt Medicine,6,3000,2000,2000,1,1
Ernakulam,Kakkanad,General Pediatrics,1,3135,2090,2090,1,1
Ernakulam,Kakkanad,General Pediatrics,6,3135,2090,2090,1,1
Ernakulam,Kakkanad,General Ophthalmology,1,8000,2000,2000,1,1
Ernakulam,Kakkanad,General Ophthalmology,6,5000,2000,2000,1,1
Ernakulam,Kakkanad,Orthopaedics,1,5225,2090,2090,1,1
Ernakulam,Kakkanad,Orthopaedics,6,3135,2090,2090,1,1
Ernakulam,Tripunithura,General Dermatology,1,8360,2090,2090,1,1
Ernakulam,Tripunithura,General Dermatology,6,5225,2090,2090,1,1
Ernakulam,Tripunithura,General Physician,1,3135,2090,2090,1,1
Ernakulam,Tripunithura,General Physician,6,3135,2090,2090,1,1
Ernakulam,Tripunithura,Urologist,1,3000,2000,2000,1,1
Ernakulam,Tripunithura,Urologist,6,3000,2000,2000,1,1
Ernakulam,Tripunithura,ENT,1,3000,2000,2000,1,1
Ernakulam,Tripunithura,ENT,6,3000,2000,2000,1,1
Ernakulam,Tripunithura,General Dentistry,1,3000,2000,2000,1,1
Ernakulam,Tripunithura,General Dentistry,6,3000,2000,2000,1,1
Ernakulam,Tripunithura,General Psychiatry,1,3135,2090,2090,1,1
Ernakulam,Tripunithura,General Psychiatry,6,3135,2090,2090,1,1
Ernakulam,Tripunithura,General Gynecology,1,5000,2000,2000,1,1
Ernakulam,Tripunithura,General Gynecology,6,3000,2000,2000,1,1
Ernakulam,Panampilly Nagar,General Dermatology,1,5450,2180,2180,1,0
Ernakulam,Panampilly Nagar,General Dermatology,6,3135,2090,2090,1,1
Ernakulam,Panampilly Nagar,Gastroenterologist,1,5000,2000,2000,1,1
Ernakulam,Panampilly Nagar,Gastroenterologist,6,3000,2000,2000,1,1
Ernakulam,Panampilly Nagar,General Physician,1,3000,2000,2000,1,1
Ernakulam,Panampilly Nagar,General Physician,6,3000,2000,2000,1,1
Ernakulam,Panampilly Nagar,General Dentistry,1,5000,2000,2000,1,0
Ernakulam,Panampilly Nagar,General Dentistry,6,5000,2000,2000,1,1
Ernakulam,Panampilly Nagar,General Psychiatry,1,3000,2000,2000,1,1
Ernakulam,Panampilly Nagar,General Psychiatry,6,3000,2000,2000,1,1
Ernakulam,Panampilly Nagar,General Gynecology,1,9000,2000,2000,1,1
Ernakulam,Panampilly Nagar,General Gynecology,6,5000,2000,2000,1,1
Ernakulam,Panampilly Nagar,General Pediatrics,1,3000,2000,2000,1,1
Ernakulam,Panampilly Nagar,General Pediatrics,6,3000,2000,2000,1,1
Ernakulam,Kadavanthara,General Dentistry,1,9000,2000,2000,1,1
Ernakulam,Kadavanthara,General Dentistry,6,8000,2000,2000,1,1
Erode,Erode-Cityinventory,Sexologist,1,3135,2090,2090,1,1
Erode,Erode-Cityinventory,Sexologist,6,3135,2090,2090,1,1
Erode,Erode-Cityinventory,General Physician,1,3000,2000,2000,1,1
Erode,Erode-Cityinventory,General Physician,6,3000,2000,2000,1,1
Erode,Erode-Cityinventory,General Dentistry,1,3000,2000,2000,1,1
Erode,Erode-Cityinventory,General Dentistry,6,3000,2000,2000,1,1
Erode,Erode-Cityinventory,General Gynecology,1,3000,2000,2000,1,1
Erode,Erode-Cityinventory,General Gynecology,6,3000,2000,2000,1,1
Erode,Erode,General Physician,6,3135,2090,2090,1,1
Faizabad,Faizabad-Cityinventory,General Physician,1,3000,2000,2000,1,1
Faizabad,Faizabad-Cityinventory,General Physician,6,3000,2000,2000,1,1
Faridabad,Faridabad-Cityinventory,General Dermatology,1,5500,3300,3300,5,4
Faridabad,Faridabad-Cityinventory,General Dermatology,6,3150,2100,2100,5,5
Faridabad,Faridabad-Cityinventory,Neurologist,1,3150,3150,3150,3,3
Faridabad,Faridabad-Cityinventory,Neurologist,6,3150,2100,2100,3,3
Faridabad,Faridabad-Cityinventory,Sexologist,1,20900,2200,2200,4,0
Faridabad,Faridabad-Cityinventory,Sexologist,6,14700,2100,2100,1,0
Faridabad,Faridabad-Cityinventory,Physiotherapist,1,8400,4095,4095,1,1
Faridabad,Faridabad-Cityinventory,Physiotherapist,6,6300,2100,2100,1,1
Faridabad,Faridabad-Cityinventory,Hair Transplant,1,3300,2200,2200,1,0
Faridabad,Faridabad-Cityinventory,Hair Transplant,6,3300,2200,2200,1,1
Faridabad,Faridabad-Cityinventory,Dietitian,1,3300,2200,2200,1,1
Faridabad,Faridabad-Cityinventory,Dietitian,6,3300,2200,2200,1,1
Faridabad,Faridabad-Cityinventory,Endocrinologist,1,3150,2100,2100,1,1
Faridabad,Faridabad-Cityinventory,Endocrinologist,6,3150,2100,2100,1,1
Faridabad,Faridabad-Cityinventory,Gastroenterologist,1,5250,2100,2100,1,1
Faridabad,Faridabad-Cityinventory,Gastroenterologist,6,3150,2100,2100,1,1
Faridabad,Faridabad-Cityinventory,General Physician,1,3150,2835,2835,1,0
Faridabad,Faridabad-Cityinventory,General Physician,6,3150,2100,2100,1,1
Faridabad,Faridabad-Cityinventory,Urologist,1,5250,4515,4515,1,1
Faridabad,Faridabad-Cityinventory,Urologist,6,3150,2258,2258,1,1
Faridabad,Faridabad-Cityinventory,ENT,1,3150,3150,3150,4,3
Faridabad,Faridabad-Cityinventory,ENT,6,3150,2100,2100,4,4
Faridabad,Faridabad-Cityinventory,General Dentistry,1,13200,13200,13200,4,0
Faridabad,Faridabad-Cityinventory,General Dentistry,6,9900,6600,6600,4,1
Faridabad,Faridabad-Cityinventory,Oncologist,1,3000,2000,2000,1,1
Faridabad,Faridabad-Cityinventory,Oncologist,6,3000,2000,2000,1,1
Faridabad,Faridabad-Cityinventory,Cosmetic/Plastic Surgeon,1,5500,2200,2200,1,1
Faridabad,Faridabad-Cityinventory,Cosmetic/Plastic Surgeon,6,3150,2100,2100,1,1
Faridabad,Faridabad-Cityinventory,Pulmonologist,1,5250,2100,2100,1,1
Faridabad,Faridabad-Cityinventory,Pulmonologist,6,3150,2100,2100,1,1
Faridabad,Faridabad-Cityinventory,Cardiologist,1,3150,3150,3150,4,4
Faridabad,Faridabad-Cityinventory,Cardiologist,6,3150,2100,2100,4,4
Faridabad,Faridabad-Cityinventory,Nephrologist,1,3150,2100,2100,1,1
Faridabad,Faridabad-Cityinventory,Nephrologist,6,3150,2100,2100,1,1
Faridabad,Faridabad-Cityinventory,General Surgeon,1,8400,7140,7140,1,1
Faridabad,Faridabad-Cityinventory,General Surgeon,6,5250,3570,3570,1,1
Faridabad,Faridabad-Cityinventory,Veterinarian,1,0,2000,2000,1,1
Faridabad,Faridabad-Cityinventory,Veterinarian,6,0,2000,2000,1,1
Faridabad,Faridabad-Cityinventory,General Psychiatry,1,5500,2200,2200,1,0
Faridabad,Faridabad-Cityinventory,General Psychiatry,6,3150,2100,2100,1,1
Faridabad,Faridabad-Cityinventory,Speech Therapist,1,3150,2100,2100,1,1
Faridabad,Faridabad-Cityinventory,Speech Therapist,6,3150,2100,2100,1,1
Faridabad,Faridabad-Cityinventory,General Gynecology,1,6600,6600,6600,4,4
Faridabad,Faridabad-Cityinventory,General Gynecology,6,5250,3150,3150,4,4
Faridabad,Faridabad-Cityinventory,General Alt Medicine,1,3150,2100,2100,1,0
Faridabad,Faridabad-Cityinventory,General Alt Medicine,6,3150,2100,2100,1,0
Faridabad,Faridabad-Cityinventory,General Pediatrics,1,3300,2420,2420,1,1
Faridabad,Faridabad-Cityinventory,General Pediatrics,6,3150,2100,2100,1,1
Faridabad,Faridabad-Cityinventory,General Ophthalmology,1,3300,3300,3300,2,1
Faridabad,Faridabad-Cityinventory,General Ophthalmology,6,3150,2100,2100,2,2
Faridabad,Faridabad-Cityinventory,Orthopaedics,1,3150,3150,3150,1,1
Faridabad,Faridabad-Cityinventory,Orthopaedics,6,3150,2100,2100,1,1
Faridabad,Faridabad-Cityinventory,Homeopathy,1,3150,2100,2100,1,1
Faridabad,Faridabad-Cityinventory,Homeopathy,6,3150,2100,2100,1,1
Faridabad,Faridabad,General Dermatology,1,6600,6600,6600,2,1
Faridabad,Faridabad,General Dermatology,6,3150,3150,3150,2,1
Faridabad,Faridabad,Neurologist,1,3150,3150,3150,3,3
Faridabad,Faridabad,Neurologist,6,3150,2100,2100,3,3
Faridabad,Faridabad,Sexologist,1,12100,2200,2200,1,0
Faridabad,Faridabad,Sexologist,6,9900,2200,2200,1,0
Faridabad,Faridabad,Physiotherapist,1,5250,4095,4095,1,1
Faridabad,Faridabad,Physiotherapist,6,3300,2200,2200,1,0
Faridabad,Faridabad,Endocrinologist,1,3000,2000,2000,1,1
Faridabad,Faridabad,Endocrinologist,6,3000,2000,2000,1,1
Faridabad,Faridabad,Gastroenterologist,1,5250,2100,2100,1,1
Faridabad,Faridabad,Gastroenterologist,6,3150,2100,2100,1,1
Faridabad,Faridabad,General Physician,1,3150,2835,2835,1,1
Faridabad,Faridabad,General Physician,6,3150,2100,2100,1,1
Faridabad,Faridabad,Urologist,1,6300,4515,4515,1,1
Faridabad,Faridabad,Urologist,6,3150,2258,2258,1,1
Faridabad,Faridabad,ENT,1,3150,3150,3150,4,4
Faridabad,Faridabad,ENT,6,3150,2100,2100,4,4
Faridabad,Faridabad,General Dentistry,1,39600,37950,37950,1,0
Faridabad,Faridabad,General Dentistry,6,30800,18975,18975,1,0
Faridabad,Faridabad,Pulmonologist,6,3000,2000,2000,1,1
Faridabad,Faridabad,Cardiologist,1,3000,3000,3000,4,4
Faridabad,Faridabad,Cardiologist,6,3000,2000,2000,4,4
Faridabad,Faridabad,Veterinarian,6,3000,2000,2000,1,1
Faridabad,Faridabad,General Psychiatry,1,5250,2100,2100,1,0
Faridabad,Faridabad,General Psychiatry,6,3150,2100,2100,1,1
Faridabad,Faridabad,General Gynecology,1,12600,12600,12600,2,2
Faridabad,Faridabad,General Gynecology,6,6300,6300,6300,2,2
Faridabad,Faridabad,General Alt Medicine,1,3000,2000,2000,1,1
Faridabad,Faridabad,General Alt Medicine,6,3000,2000,2000,1,1
Faridabad,Faridabad,General Pediatrics,1,5250,2310,2310,1,1
Faridabad,Faridabad,General Pediatrics,6,3150,2100,2100,1,1
Faridabad,Faridabad,General Ophthalmology,1,3150,3150,3150,2,2
Faridabad,Faridabad,General Ophthalmology,6,3150,2100,2100,2,2
Faridabad,Faridabad,Orthopaedics,1,5250,3780,3780,1,1
Faridabad,Faridabad,Orthopaedics,6,3150,2100,2100,1,1
Faridabad,Faridabad,Homeopathy,1,3150,2100,2100,1,1
Faridabad,Faridabad,Homeopathy,6,3150,2100,2100,1,1
Gandhinagar,Gandhinagar-Cityinventory,Gastroenterologist,1,5000,2000,2000,1,1
Gandhinagar,Gandhinagar-Cityinventory,Gastroenterologist,6,3000,2000,2000,1,1
Gandhinagar,Gandhinagar-Cityinventory,General Physician,1,3135,2090,2090,1,1
Gandhinagar,Gandhinagar-Cityinventory,General Physician,6,3135,2090,2090,1,1
Gandhinagar,Gandhinagar-Cityinventory,General Dentistry,1,3135,2090,2090,1,1
Gandhinagar,Gandhinagar-Cityinventory,General Dentistry,6,3135,2090,2090,1,1
Gandhinagar,Gandhinagar-Cityinventory,General Psychiatry,1,3135,2090,2090,1,1
Gandhinagar,Gandhinagar-Cityinventory,General Psychiatry,6,3135,2090,2090,1,1
Gandhinagar,Gandhinagar-Cityinventory,General Gynecology,1,5225,2090,2090,1,1
Gandhinagar,Gandhinagar-Cityinventory,General Gynecology,6,3135,2090,2090,1,1
Gaya,Gaya-Cityinventory,General Physician,1,3135,2090,2090,1,1
Gaya,Gaya-Cityinventory,General Physician,6,3135,2090,2090,1,1
Ghaziabad,Raj Nagar,General Dermatology,1,3300,2200,2200,1,0
Ghaziabad,Raj Nagar,General Dermatology,6,3300,2200,2200,1,1
Ghaziabad,Raj Nagar,Neurologist,1,5250,3360,3360,1,1
Ghaziabad,Raj Nagar,Neurologist,6,3150,2100,2100,1,1
Ghaziabad,Raj Nagar,Sexologist,1,8400,2100,2100,1,0
Ghaziabad,Raj Nagar,Sexologist,6,6000,2000,2000,1,1
Ghaziabad,Raj Nagar,Physiotherapist,1,3000,2100,2100,1,1
Ghaziabad,Raj Nagar,Physiotherapist,6,3000,2000,2000,1,1
Ghaziabad,Raj Nagar,Gastroenterologist,1,5250,4725,4725,6,6
Ghaziabad,Raj Nagar,Gastroenterologist,6,3150,2363,2363,6,6
Ghaziabad,Raj Nagar,General Physician,1,6300,2100,2100,1,1
Ghaziabad,Raj Nagar,General Physician,6,3150,2100,2100,1,1
Ghaziabad,Raj Nagar,Urologist,1,3000,3000,3000,3,3
Ghaziabad,Raj Nagar,Urologist,6,3000,2000,2000,3,3
Ghaziabad,Raj Nagar,ENT,1,6300,6300,6300,1,1
Ghaziabad,Raj Nagar,ENT,6,5250,3150,3150,1,1
Ghaziabad,Raj Nagar,General Dentistry,1,12100,11550,11550,1,1
Ghaziabad,Raj Nagar,General Dentistry,6,9900,5775,5775,1,0
Ghaziabad,Raj Nagar,General Psychiatry,1,6300,2100,2100,1,0
Ghaziabad,Raj Nagar,General Psychiatry,6,5250,2100,2100,1,1
Ghaziabad,Raj Nagar,General Gynecology,1,11550,11025,11025,1,0
Ghaziabad,Raj Nagar,General Gynecology,6,9450,5513,5513,1,1
Ghaziabad,Raj Nagar,General Pediatrics,1,3000,2000,2000,1,0
Ghaziabad,Raj Nagar,General Pediatrics,6,3000,2000,2000,1,1
Ghaziabad,Raj Nagar,General Ophthalmology,1,3000,2000,2000,1,1
Ghaziabad,Raj Nagar,General Ophthalmology,6,3000,2000,2000,1,1
Ghaziabad,Raj Nagar,Orthopaedics,1,3150,3150,3150,6,6
Ghaziabad,Raj Nagar,Orthopaedics,6,3150,2100,2100,6,6
Ghaziabad,Raj Nagar,Homeopathy,1,3150,2100,2100,1,1
Ghaziabad,Raj Nagar,Homeopathy,6,3150,2100,2100,1,1
Ghaziabad,Indirapuram,General Dermatology,1,25300,15730,15730,1,0
Ghaziabad,Indirapuram,General Dermatology,6,20900,7865,7865,1,0
Ghaziabad,Indirapuram,Neurologist,1,11550,11025,11025,3,3
Ghaziabad,Indirapuram,Neurologist,6,6600,5775,5775,1,1
Ghaziabad,Indirapuram,Sexologist,1,8800,2200,2200,1,0
Ghaziabad,Indirapuram,Sexologist,6,6300,2100,2100,1,1
Ghaziabad,Indirapuram,Physiotherapist,1,8400,7875,7875,2,2
Ghaziabad,Indirapuram,Physiotherapist,6,6300,3938,3938,2,2
Ghaziabad,Indirapuram,Dietitian,1,3000,2000,2000,1,1
Ghaziabad,Indirapuram,Dietitian,6,3000,2000,2000,1,1
Ghaziabad,Indirapuram,Endocrinologist,1,3150,2100,2100,1,0
Ghaziabad,Indirapuram,Endocrinologist,6,3150,2100,2100,1,1
Ghaziabad,Indirapuram,Gastroenterologist,1,11550,2100,2100,1,0
Ghaziabad,Indirapuram,Gastroenterologist,6,9450,2100,2100,1,1
Ghaziabad,Indirapuram,General Physician,1,3300,3300,3300,2,0
Ghaziabad,Indirapuram,General Physician,6,3150,2100,2100,2,2
Ghaziabad,Indirapuram,Urologist,1,3300,2200,2200,1,0
Ghaziabad,Indirapuram,Urologist,6,3150,2100,2100,1,1
Ghaziabad,Indirapuram,ENT,1,3150,2100,2100,1,1
Ghaziabad,Indirapuram,ENT,6,3150,2100,2100,1,1
Ghaziabad,Indirapuram,General Dentistry,1,28600,28050,28050,2,0
Ghaziabad,Indirapuram,General Dentistry,6,22000,14025,14025,1,0
Ghaziabad,Indirapuram,Cosmetic/Plastic Surgeon,1,3000,2000,2000,1,1
Ghaziabad,Indirapuram,Cosmetic/Plastic Surgeon,6,3000,2000,2000,1,1
Ghaziabad,Indirapuram,Pulmonologist,1,3150,2100,2100,1,0
Ghaziabad,Indirapuram,Pulmonologist,6,3150,2100,2100,1,1
Ghaziabad,Indirapuram,Cardiologist,1,11550,11025,11025,6,6
Ghaziabad,Indirapuram,Cardiologist,6,9450,5513,5513,6,6
Ghaziabad,Indirapuram,Nephrologist,1,6300,2730,2730,1,1
Ghaziabad,Indirapuram,Nephrologist,6,5000,2000,2000,1,1
Ghaziabad,Indirapuram,General Surgeon,1,3000,3000,3000,6,6
Ghaziabad,Indirapuram,General Surgeon,6,3000,2000,2000,6,6
Ghaziabad,Indirapuram,General Psychiatry,1,15400,5280,5280,2,0
Ghaziabad,Indirapuram,General Psychiatry,6,12100,2640,2640,1,0
Ghaziabad,Indirapuram,General Gynecology,1,24200,23100,23100,2,0
Ghaziabad,Indirapuram,General Gynecology,6,11550,11025,11025,2,2
Ghaziabad,Indirapuram,General Alt Medicine,1,5250,2100,2100,1,0
Ghaziabad,Indirapuram,General Alt Medicine,6,5000,2000,2000,1,1
Ghaziabad,Indirapuram,General Pediatrics,1,5250,4725,4725,1,1
Ghaziabad,Indirapuram,General Pediatrics,6,3150,2363,2363,1,1
Ghaziabad,Indirapuram,General Ophthalmology,1,3300,2200,2200,1,0
Ghaziabad,Indirapuram,General Ophthalmology,6,3150,2100,2100,1,1
Ghaziabad,Indirapuram,Orthopaedics,1,27300,26775,26775,2,2
Ghaziabad,Indirapuram,Orthopaedics,6,14700,13388,13388,2,2
Ghaziabad,Indirapuram,Homeopathy,1,3150,3150,3150,1,1
Ghaziabad,Indirapuram,Homeopathy,6,3150,2100,2100,1,1
Ghaziabad,Vaishali,General Dermatology,1,13200,13200,13200,2,0
Ghaziabad,Vaishali,General Dermatology,6,9900,6600,6600,2,2
Ghaziabad,Vaishali,Neurologist,1,5250,4725,4725,6,6
Ghaziabad,Vaishali,Neurologist,6,3150,2363,2363,6,6
Ghaziabad,Vaishali,Sexologist,1,12600,2100,2100,1,0
Ghaziabad,Vaishali,Sexologist,6,9000,2000,2000,1,1
Ghaziabad,Vaishali,Physiotherapist,1,5000,3800,3800,1,1
Ghaziabad,Vaishali,Physiotherapist,6,5000,2000,2000,1,1
Ghaziabad,Vaishali,Endocrinologist,1,3150,2415,2415,1,1
Ghaziabad,Vaishali,Endocrinologist,6,3150,2100,2100,1,1
Ghaziabad,Vaishali,Gastroenterologist,1,8400,7875,7875,3,2
Ghaziabad,Vaishali,Gastroenterologist,6,5250,3938,3938,3,3
Ghaziabad,Vaishali,General Physician,1,3150,3150,3150,5,5
Ghaziabad,Vaishali,General Physician,6,3150,2100,2100,5,5
Ghaziabad,Vaishali,Urologist,1,3150,3150,3150,5,4
Ghaziabad,Vaishali,Urologist,6,3150,2100,2100,5,5
Ghaziabad,Vaishali,ENT,1,3150,3150,3150,6,6
Ghaziabad,Vaishali,ENT,6,3150,2100,2100,6,6
Ghaziabad,Vaishali,General Dentistry,1,24200,15840,15840,1,0
Ghaziabad,Vaishali,General Dentistry,6,18700,7920,7920,1,0
Ghaziabad,Vaishali,Pulmonologist,1,3000,3000,3000,3,3
Ghaziabad,Vaishali,Pulmonologist,6,3000,2000,2000,3,3
Ghaziabad,Vaishali,Cardiologist,1,5250,4725,4725,4,4
Ghaziabad,Vaishali,Cardiologist,6,3150,2363,2363,4,4
Ghaziabad,Vaishali,Nephrologist,1,3000,3000,3000,5,5
Ghaziabad,Vaishali,Nephrologist,6,3000,2000,2000,5,5
Ghaziabad,Vaishali,General Surgeon,1,3000,3000,3000,6,6
Ghaziabad,Vaishali,General Surgeon,6,3000,2000,2000,6,6
Ghaziabad,Vaishali,General Psychiatry,1,13200,10560,10560,1,0
Ghaziabad,Vaishali,General Psychiatry,6,9900,5280,5280,1,0
Ghaziabad,Vaishali,General Gynecology,1,5250,4725,4725,5,2
Ghaziabad,Vaishali,General Gynecology,6,3150,2363,2363,5,5
Ghaziabad,Vaishali,General Alt Medicine,1,3000,2000,2000,1,1
Ghaziabad,Vaishali,General Alt Medicine,6,3000,2000,2000,1,1
Ghaziabad,Vaishali,General Pediatrics,1,5250,2520,2520,1,1
Ghaziabad,Vaishali,General Pediatrics,6,3150,2100,2100,1,1
Ghaziabad,Vaishali,General Ophthalmology,1,3000,2100,2100,1,1
Ghaziabad,Vaishali,General Ophthalmology,6,3000,2000,2000,1,1
Ghaziabad,Vaishali,Orthopaedics,1,3150,3150,3150,6,5
Ghaziabad,Vaishali,Orthopaedics,6,3150,2100,2100,6,6
Ghaziabad,Vaishali,Homeopathy,1,3000,2000,2000,1,1
Ghaziabad,Vaishali,Homeopathy,6,3000,2000,2000,1,1
Ghaziabad,Rajendra Nagar,General Dermatology,1,9450,2100,2100,1,1
Ghaziabad,Rajendra Nagar,General Dermatology,6,5250,2100,2100,1,1
Ghaziabad,Rajendra Nagar,Gastroenterologist,1,6000,2000,2000,1,1
Ghaziabad,Rajendra Nagar,Gastroenterologist,6,3000,2000,2000,1,1
Ghaziabad,Rajendra Nagar,General Physician,1,3000,2000,2000,1,1
Ghaziabad,Rajendra Nagar,General Physician,6,3000,2000,2000,1,1
Ghaziabad,Rajendra Nagar,ENT,1,3000,2000,2000,1,1
Ghaziabad,Rajendra Nagar,ENT,6,3000,2000,2000,1,1
Ghaziabad,Rajendra Nagar,General Dentistry,1,5000,2000,2000,1,1
Ghaziabad,Rajendra Nagar,General Dentistry,6,5000,2000,2000,1,1
Ghaziabad,Rajendra Nagar,General Gynecology,1,5250,2100,2100,1,1
Ghaziabad,Rajendra Nagar,General Gynecology,6,3150,2100,2100,1,1
Ghaziabad,Rajendra Nagar,Orthopaedics,1,3000,2000,2000,1,1
Ghaziabad,Rajendra Nagar,Orthopaedics,6,3000,2000,2000,1,1
Ghaziabad,Ghaziabad-Cityinventory,General Dermatology,1,6600,6600,6600,6,3
Ghaziabad,Ghaziabad-Cityinventory,General Dermatology,6,5250,3150,3150,6,5
Ghaziabad,Ghaziabad-Cityinventory,Neurologist,1,5250,4725,4725,6,6
Ghaziabad,Ghaziabad-Cityinventory,Neurologist,6,5250,2363,2363,6,6
Ghaziabad,Ghaziabad-Cityinventory,Sexologist,1,13200,2200,2200,4,0
Ghaziabad,Ghaziabad-Cityinventory,Sexologist,6,9900,2200,2200,1,0
Ghaziabad,Ghaziabad-Cityinventory,Physiotherapist,1,8400,7875,7875,3,3
Ghaziabad,Ghaziabad-Cityinventory,Physiotherapist,6,6300,3938,3938,3,3
Ghaziabad,Ghaziabad-Cityinventory,Hair Transplant,1,5250,2100,2100,1,1
Ghaziabad,Ghaziabad-Cityinventory,Hair Transplant,6,3150,2100,2100,1,1
Ghaziabad,Ghaziabad-Cityinventory,Dietitian,1,3150,2100,2100,1,1
Ghaziabad,Ghaziabad-Cityinventory,Dietitian,6,3150,2100,2100,1,1
Ghaziabad,Ghaziabad-Cityinventory,Endocrinologist,1,3150,2415,2415,1,1
Ghaziabad,Ghaziabad-Cityinventory,Endocrinologist,6,3150,2100,2100,1,1
Ghaziabad,Ghaziabad-Cityinventory,Gastroenterologist,1,8400,7875,7875,6,6
Ghaziabad,Ghaziabad-Cityinventory,Gastroenterologist,6,5250,3938,3938,6,6
Ghaziabad,Ghaziabad-Cityinventory,General Physician,1,3150,3150,3150,6,5
Ghaziabad,Ghaziabad-Cityinventory,General Physician,6,3150,2100,2100,6,6
Ghaziabad,Ghaziabad-Cityinventory,Urologist,1,3150,3150,3150,6,6
Ghaziabad,Ghaziabad-Cityinventory,Urologist,6,3150,2100,2100,6,6
Ghaziabad,Ghaziabad-Cityinventory,ENT,1,3150,3150,3150,6,5
Ghaziabad,Ghaziabad-Cityinventory,ENT,6,3150,2100,2100,6,6
Ghaziabad,Ghaziabad-Cityinventory,General Dentistry,1,8800,8250,8250,4,0
Ghaziabad,Ghaziabad-Cityinventory,General Dentistry,6,6600,4125,4125,6,5
Ghaziabad,Ghaziabad-Cityinventory,Oncologist,1,3000,3000,3000,6,6
Ghaziabad,Ghaziabad-Cityinventory,Oncologist,6,3000,2000,2000,6,6
Ghaziabad,Ghaziabad-Cityinventory,Cosmetic/Plastic Surgeon,1,8400,3255,3255,1,1
Ghaziabad,Ghaziabad-Cityinventory,Cosmetic/Plastic Surgeon,6,5250,2100,2100,1,1
Ghaziabad,Ghaziabad-Cityinventory,Pulmonologist,1,5250,4725,4725,2,2
Ghaziabad,Ghaziabad-Cityinventory,Pulmonologist,6,3150,2363,2363,2,2
Ghaziabad,Ghaziabad-Cityinventory,Cardiologist,1,5250,4725,4725,6,6
Ghaziabad,Ghaziabad-Cityinventory,Cardiologist,6,3150,2363,2363,6,6
Ghaziabad,Ghaziabad-Cityinventory,Nephrologist,1,3150,3150,3150,6,6
Ghaziabad,Ghaziabad-Cityinventory,Nephrologist,6,3150,2100,2100,6,6
Ghaziabad,Ghaziabad-Cityinventory,General Surgeon,1,3150,3150,3150,6,5
Ghaziabad,Ghaziabad-Cityinventory,General Surgeon,6,3150,2100,2100,6,6
Ghaziabad,Ghaziabad-Cityinventory,General Psychiatry,1,8800,8250,8250,4,0
Ghaziabad,Ghaziabad-Cityinventory,General Psychiatry,6,6600,4125,4125,4,3
Ghaziabad,Ghaziabad-Cityinventory,Occupational Therapist,1,3000,2000,2000,1,1
Ghaziabad,Ghaziabad-Cityinventory,Occupational Therapist,6,3000,2000,2000,1,1
Ghaziabad,Ghaziabad-Cityinventory,Speech Therapist,1,3300,2200,2200,1,0
Ghaziabad,Ghaziabad-Cityinventory,Speech Therapist,6,3150,2100,2100,1,1
Ghaziabad,Ghaziabad-Cityinventory,General Gynecology,1,11550,11025,11025,6,3
Ghaziabad,Ghaziabad-Cityinventory,General Gynecology,6,9450,5513,5513,6,6
Ghaziabad,Ghaziabad-Cityinventory,General Alt Medicine,1,3300,2530,2530,1,1
Ghaziabad,Ghaziabad-Cityinventory,General Alt Medicine,6,3150,2100,2100,1,1
Ghaziabad,Ghaziabad-Cityinventory,General Pediatrics,1,3150,3150,3150,3,3
Ghaziabad,Ghaziabad-Cityinventory,General Pediatrics,6,3150,2100,2100,3,3
Ghaziabad,Ghaziabad-Cityinventory,General Ophthalmology,1,3150,3150,3150,1,0
Ghaziabad,Ghaziabad-Cityinventory,General Ophthalmology,6,3150,2100,2100,1,1
Ghaziabad,Ghaziabad-Cityinventory,Orthopaedics,1,3300,3300,3300,6,3
Ghaziabad,Ghaziabad-Cityinventory,Orthopaedics,6,3150,2100,2100,6,6
Ghaziabad,Ghaziabad-Cityinventory,Homeopathy,1,3150,3150,3150,2,2
Ghaziabad,Ghaziabad-Cityinventory,Homeopathy,6,3150,2100,2100,2,2
Gorakhpur,Gorakhpur-Cityinventory,General Dermatology,1,3135,2090,2090,1,1
Gorakhpur,Gorakhpur-Cityinventory,General Dermatology,6,3135,2090,2090,1,1
Gorakhpur,Gorakhpur-Cityinventory,Neurologist,1,3135,2090,2090,1,1
Gorakhpur,Gorakhpur-Cityinventory,Neurologist,6,3135,2090,2090,1,1
Gorakhpur,Gorakhpur-Cityinventory,Sexologist,1,3135,2090,2090,1,1
Gorakhpur,Gorakhpur-Cityinventory,Sexologist,6,3135,2090,2090,1,1
Gorakhpur,Gorakhpur-Cityinventory,Physiotherapist,1,3000,2000,2000,1,1
Gorakhpur,Gorakhpur-Cityinventory,Physiotherapist,6,3000,2000,2000,1,1
Gorakhpur,Gorakhpur-Cityinventory,Hair Transplant,1,3135,2090,2090,1,1
Gorakhpur,Gorakhpur-Cityinventory,Hair Transplant,6,3135,2090,2090,1,1
Gorakhpur,Gorakhpur-Cityinventory,Endocrinologist,1,3135,2090,2090,1,1
Gorakhpur,Gorakhpur-Cityinventory,Endocrinologist,6,3135,2090,2090,1,1
Gorakhpur,Gorakhpur-Cityinventory,Gastroenterologist,1,11495,2090,2090,1,1
Gorakhpur,Gorakhpur-Cityinventory,Gastroenterologist,6,6270,2090,2090,1,1
Gorakhpur,Gorakhpur-Cityinventory,General Physician,1,8360,2090,2090,4,4
Gorakhpur,Gorakhpur-Cityinventory,General Physician,6,6270,2090,2090,1,1
Gorakhpur,Gorakhpur-Cityinventory,Urologist,1,3270,3270,3270,4,2
Gorakhpur,Gorakhpur-Cityinventory,Urologist,6,3135,2090,2090,6,6
Gorakhpur,Gorakhpur-Cityinventory,ENT,1,3135,2090,2090,1,1
Gorakhpur,Gorakhpur-Cityinventory,ENT,6,3135,2090,2090,1,1
Gorakhpur,Gorakhpur-Cityinventory,General Dentistry,1,3135,2090,2090,1,1
Gorakhpur,Gorakhpur-Cityinventory,General Dentistry,6,3135,2090,2090,1,1
Gorakhpur,Gorakhpur-Cityinventory,Cosmetic/Plastic Surgeon,1,5000,5000,5000,4,3
Gorakhpur,Gorakhpur-Cityinventory,Pulmonologist,1,3135,2090,2090,1,1
Gorakhpur,Gorakhpur-Cityinventory,Pulmonologist,6,3135,2090,2090,1,1
Gorakhpur,Gorakhpur-Cityinventory,General Surgeon,1,5225,3135,3135,4,3
Gorakhpur,Gorakhpur-Cityinventory,General Surgeon,6,3135,2090,2090,6,6
Gorakhpur,Gorakhpur-Cityinventory,General Psychiatry,1,3000,2000,2000,1,1
Gorakhpur,Gorakhpur-Cityinventory,General Psychiatry,6,3000,2000,2000,1,1
Gorakhpur,Gorakhpur-Cityinventory,General Gynecology,1,6270,6270,6270,4,3
Gorakhpur,Gorakhpur-Cityinventory,General Gynecology,6,3135,3135,3135,2,2
Gorakhpur,Gorakhpur-Cityinventory,General Pediatrics,1,3000,2000,2000,1,1
Gorakhpur,Gorakhpur-Cityinventory,General Pediatrics,6,3000,2000,2000,1,1
Gorakhpur,Gorakhpur-Cityinventory,Orthopaedics,1,6540,2507,2507,4,2
Gorakhpur,Gorakhpur-Cityinventory,Orthopaedics,6,3135,2090,2090,1,1
Gorakhpur,Gorakhpur-Cityinventory,Homeopathy,1,3135,2090,2090,1,1
Gorakhpur,Gorakhpur-Cityinventory,Homeopathy,6,3135,2090,2090,1,1
Greater Noida,Greater Noida,General Dermatology,1,8800,2200,2200,1,0
Greater Noida,Greater Noida,General Dermatology,6,5250,2100,2100,1,1
Greater Noida,Greater Noida,Neurologist,6,3000,2000,2000,1,0
Greater Noida,Greater Noida,Physiotherapist,1,3000,3000,3000,4,4
Greater Noida,Greater Noida,Physiotherapist,6,3000,2000,2000,4,4
Greater Noida,Greater Noida,Hair Transplant,6,3000,2000,2000,1,1
Greater Noida,Greater Noida,Dietitian,6,3000,2000,2000,1,1
Greater Noida,Greater Noida,Endocrinologist,6,3000,2000,2000,1,1
Greater Noida,Greater Noida,Gastroenterologist,6,3000,2250,2250,6,6
Greater Noida,Greater Noida,General Physician,1,8800,2200,2200,1,1
Greater Noida,Greater Noida,General Physician,6,6600,2200,2200,1,0
Greater Noida,Greater Noida,Urologist,6,3000,2000,2000,2,2
Greater Noida,Greater Noida,ENT,1,8800,2200,2200,1,0
Greater Noida,Greater Noida,ENT,6,6300,2100,2100,1,1
Greater Noida,Greater Noida,General Dentistry,1,12600,12600,12600,3,2
Greater Noida,Greater Noida,General Dentistry,6,9450,6300,6300,3,3
Greater Noida,Greater Noida,Cosmetic/Plastic Surgeon,6,3000,2000,2000,1,1
Greater Noida,Greater Noida,Pulmonologist,1,3000,2000,2000,1,0
Greater Noida,Greater Noida,Pulmonologist,6,3000,2000,2000,1,1
Greater Noida,Greater Noida,Cardiologist,6,3000,2000,2000,1,1
Greater Noida,Greater Noida,General Surgeon,6,3000,2000,2000,1,1
Greater Noida,Greater Noida,General Psychiatry,1,3150,3150,3150,2,2
Greater Noida,Greater Noida,General Psychiatry,6,3000,2000,2000,2,2
Greater Noida,Greater Noida,General Gynecology,1,12600,9450,9450,3,2
Greater Noida,Greater Noida,General Gynecology,6,9450,4725,4725,3,3
Greater Noida,Greater Noida,General Alt Medicine,6,3000,2000,2000,1,1
Greater Noida,Greater Noida,General Pediatrics,1,8400,4620,4620,1,0
Greater Noida,Greater Noida,General Pediatrics,6,6300,2310,2310,1,0
Greater Noida,Greater Noida,General Ophthalmology,1,5250,3255,3255,1,1
Greater Noida,Greater Noida,General Ophthalmology,6,5000,2000,2000,1,1
Greater Noida,Greater Noida,Orthopaedics,1,8000,7500,7500,6,5
Greater Noida,Greater Noida,Orthopaedics,6,6000,3750,3750,6,6
Greater Noida,Greater Noida,Homeopathy,1,6000,2000,2000,1,1
Greater Noida,Greater Noida,Homeopathy,6,5000,2000,2000,1,1
Greater Noida,Greater Noida-Cityinventory,General Dermatology,1,3300,2200,2200,4,2
Greater Noida,Greater Noida-Cityinventory,General Dermatology,6,3150,2100,2100,1,1
Greater Noida,Greater Noida-Cityinventory,Neurologist,1,3300,2750,2750,1,1
Greater Noida,Greater Noida-Cityinventory,Neurologist,6,3300,2200,2200,1,0
Greater Noida,Greater Noida-Cityinventory,Sexologist,1,110000,2200,2200,2,0
Greater Noida,Greater Noida-Cityinventory,Sexologist,6,20000,2100,2100,1,0
Greater Noida,Greater Noida-Cityinventory,Physiotherapist,1,3150,3150,3150,4,3
Greater Noida,Greater Noida-Cityinventory,Physiotherapist,6,3150,2100,2100,4,4
Greater Noida,Greater Noida-Cityinventory,Hair Transplant,1,3150,2100,2100,1,1
Greater Noida,Greater Noida-Cityinventory,Hair Transplant,6,3150,2100,2100,1,1
Greater Noida,Greater Noida-Cityinventory,Dietitian,1,3000,2000,2000,1,1
Greater Noida,Greater Noida-Cityinventory,Dietitian,6,3000,2000,2000,1,1
Greater Noida,Greater Noida-Cityinventory,Endocrinologist,1,3150,2100,2100,1,1
Greater Noida,Greater Noida-Cityinventory,Endocrinologist,6,3150,2100,2100,1,1
Greater Noida,Greater Noida-Cityinventory,Gastroenterologist,1,3150,3150,3150,6,6
Greater Noida,Greater Noida-Cityinventory,Gastroenterologist,6,3150,2100,2100,6,6
Greater Noida,Greater Noida-Cityinventory,General Physician,1,3300,2200,2200,2,1
Greater Noida,Greater Noida-Cityinventory,General Physician,6,3300,2200,2200,1,1
Greater Noida,Greater Noida-Cityinventory,Urologist,1,3300,3300,3300,2,0
Greater Noida,Greater Noida-Cityinventory,Urologist,6,3150,2100,2100,2,2
Greater Noida,Greater Noida-Cityinventory,ENT,1,3150,2100,2100,1,1
Greater Noida,Greater Noida-Cityinventory,ENT,6,3150,2100,2100,1,1
Greater Noida,Greater Noida-Cityinventory,General Dentistry,1,8800,8250,8250,4,2
Greater Noida,Greater Noida-Cityinventory,General Dentistry,6,6300,3938,3938,4,4
Greater Noida,Greater Noida-Cityinventory,Cosmetic/Plastic Surgeon,1,3000,2000,2000,1,1
Greater Noida,Greater Noida-Cityinventory,Cosmetic/Plastic Surgeon,6,3000,2000,2000,1,1
Greater Noida,Greater Noida-Cityinventory,Pulmonologist,1,6300,2100,2100,1,1
Greater Noida,Greater Noida-Cityinventory,Pulmonologist,6,5250,2100,2100,1,1
Greater Noida,Greater Noida-Cityinventory,Cardiologist,1,3150,2100,2100,1,1
Greater Noida,Greater Noida-Cityinventory,Cardiologist,6,3150,2100,2100,1,1
Greater Noida,Greater Noida-Cityinventory,General Surgeon,1,3300,2200,2200,1,0
Greater Noida,Greater Noida-Cityinventory,General Surgeon,6,3150,2100,2100,1,1
Greater Noida,Greater Noida-Cityinventory,General Psychiatry,1,6300,6300,6300,1,0
Greater Noida,Greater Noida-Cityinventory,General Psychiatry,6,5250,3150,3150,1,1
Greater Noida,Greater Noida-Cityinventory,General Gynecology,1,6600,6600,6600,5,3
Greater Noida,Greater Noida-Cityinventory,General Gynecology,6,5250,3150,3150,5,5
Greater Noida,Greater Noida-Cityinventory,General Alt Medicine,1,3150,2100,2100,1,0
Greater Noida,Greater Noida-Cityinventory,General Alt Medicine,6,3150,2100,2100,1,1
Greater Noida,Greater Noida-Cityinventory,General Pediatrics,1,3300,3300,3300,1,0
Greater Noida,Greater Noida-Cityinventory,General Pediatrics,6,3300,2200,2200,1,0
Greater Noida,Greater Noida-Cityinventory,General Ophthalmology,1,5250,3255,3255,1,0
Greater Noida,Greater Noida-Cityinventory,General Ophthalmology,6,3150,2100,2100,1,1
Greater Noida,Greater Noida-Cityinventory,Orthopaedics,1,3150,3150,3150,6,5
Greater Noida,Greater Noida-Cityinventory,Orthopaedics,6,3150,2100,2100,6,6
Greater Noida,Greater Noida-Cityinventory,Homeopathy,1,3300,2200,2200,1,1
Greater Noida,Greater Noida-Cityinventory,Homeopathy,6,3150,2100,2100,1,1
Gulbarga,Gulbarga-Cityinventory,General Dermatology,1,3135,2090,2090,1,1
Gulbarga,Gulbarga-Cityinventory,General Dermatology,6,3135,2090,2090,1,1
Gulbarga,Gulbarga-Cityinventory,General Physician,1,3135,2090,2090,1,1
Gulbarga,Gulbarga-Cityinventory,General Physician,6,3135,2090,2090,1,1
Guntur,Guntur-Cityinventory,General Dermatology,1,5225,2090,2090,1,1
Guntur,Guntur-Cityinventory,General Dermatology,6,5225,2090,2090,1,1
Guntur,Guntur-Cityinventory,Neurologist,1,3135,2090,2090,1,1
Guntur,Guntur-Cityinventory,Neurologist,6,3135,2090,2090,1,1
Guntur,Guntur-Cityinventory,Sexologist,1,3135,2090,2090,1,1
Guntur,Guntur-Cityinventory,Sexologist,6,3135,2090,2090,1,1
Guntur,Guntur-Cityinventory,Gastroenterologist,1,5225,2090,2090,1,1
Guntur,Guntur-Cityinventory,Gastroenterologist,6,5225,2090,2090,1,1
Guntur,Guntur-Cityinventory,General Physician,1,3135,2090,2090,1,1
Guntur,Guntur-Cityinventory,General Physician,6,3135,2090,2090,1,1
Guntur,Guntur-Cityinventory,Urologist,1,3135,2090,2090,1,1
Guntur,Guntur-Cityinventory,Urologist,6,3135,2090,2090,1,1
Guntur,Guntur-Cityinventory,ENT,1,3135,2090,2090,1,1
Guntur,Guntur-Cityinventory,ENT,6,3135,2090,2090,1,1
Guntur,Guntur-Cityinventory,General Dentistry,1,5450,2180,2180,1,1
Guntur,Guntur-Cityinventory,General Dentistry,6,3135,2090,2090,1,1
Guntur,Guntur-Cityinventory,Cosmetic/Plastic Surgeon,1,3000,2000,2000,1,1
Guntur,Guntur-Cityinventory,Cosmetic/Plastic Surgeon,6,3000,2000,2000,1,1
Guntur,Guntur-Cityinventory,Cardiologist,1,3135,2090,2090,1,1
Guntur,Guntur-Cityinventory,Cardiologist,6,3135,2090,2090,1,1
Guntur,Guntur-Cityinventory,General Gynecology,1,6270,2822,2822,1,1
Guntur,Guntur-Cityinventory,General Gynecology,6,3135,2090,2090,1,1
Guntur,Guntur-Cityinventory,General Pediatrics,1,3000,2000,2000,1,1
Guntur,Guntur-Cityinventory,General Pediatrics,6,3000,2000,2000,1,1
Guntur,Guntur-Cityinventory,Orthopaedics,1,6270,2090,2090,1,1
Guntur,Guntur-Cityinventory,Orthopaedics,6,3135,2090,2090,1,1
Guntur,Guntur,General Dermatology,1,3135,2090,2090,1,1
Guntur,Guntur,General Dermatology,6,3135,2090,2090,1,1
Guntur,Guntur,Gastroenterologist,1,3000,2000,2000,1,1
Guntur,Guntur,Gastroenterologist,6,3000,2000,2000,1,1
Guntur,Guntur,General Physician,6,3135,2090,2090,1,1
Guntur,Guntur,ENT,1,3000,2000,2000,1,1
Guntur,Guntur,ENT,6,3000,2000,2000,1,1
Guntur,Guntur,General Dentistry,1,3000,2000,2000,1,1
Guntur,Guntur,General Dentistry,6,3000,2000,2000,1,1
Guntur,Guntur,General Gynecology,6,3000,2000,2000,1,1
Guntur,Guntur,Orthopaedics,1,5000,2000,2000,1,1
Guntur,Guntur,Orthopaedics,6,3000,2000,2000,1,1
Gurgaon,Gurgaon-Cityinventory,General Dermatology,1,42900,34155,34155,6,5
Gurgaon,Gurgaon-Cityinventory,General Dermatology,6,30000,16301,16301,6,6
Gurgaon,Gurgaon-Cityinventory,Neurologist,1,12600,12600,12600,6,6
Gurgaon,Gurgaon-Cityinventory,Neurologist,6,6300,6300,6300,6,6
Gurgaon,Gurgaon-Cityinventory,Sexologist,1,16500,13200,13200,5,1
Gurgaon,Gurgaon-Cityinventory,Sexologist,6,46200,2200,2200,4,0
Gurgaon,Gurgaon-Cityinventory,Physiotherapist,1,14700,14175,14175,6,5
Gurgaon,Gurgaon-Cityinventory,Physiotherapist,6,11550,7088,7088,6,5
Gurgaon,Gurgaon-Cityinventory,Hair Transplant,1,30800,2200,2200,4,0
Gurgaon,Gurgaon-Cityinventory,Hair Transplant,6,24200,2200,2200,4,2
Gurgaon,Gurgaon-Cityinventory,Dietitian,1,9900,6490,6490,4,2
Gurgaon,Gurgaon-Cityinventory,Dietitian,6,8400,3098,3098,1,1
Gurgaon,Gurgaon-Cityinventory,Endocrinologist,1,6300,6300,6300,6,5
Gurgaon,Gurgaon-Cityinventory,Endocrinologist,6,3150,3150,3150,6,6
Gurgaon,Gurgaon-Cityinventory,Gastroenterologist,1,15400,14850,14850,4,0
Gurgaon,Gurgaon-Cityinventory,Gastroenterologist,6,8400,7088,7088,6,6
Gurgaon,Gurgaon-Cityinventory,General Physician,1,13200,13200,13200,6,3
Gurgaon,Gurgaon-Cityinventory,General Physician,6,9450,6300,6300,6,6
Gurgaon,Gurgaon-Cityinventory,Urologist,1,15400,14850,14850,5,3
Gurgaon,Gurgaon-Cityinventory,Urologist,6,11550,7088,7088,5,5
Gurgaon,Gurgaon-Cityinventory,ENT,1,19950,18900,18900,4,3
Gurgaon,Gurgaon-Cityinventory,ENT,6,9450,9450,9450,6,6
Gurgaon,Gurgaon-Cityinventory,General Dentistry,1,44000,35892,35892,6,1
Gurgaon,Gurgaon-Cityinventory,General Dentistry,6,34100,17945,17945,6,3
Gurgaon,Gurgaon-Cityinventory,Oncologist,1,15400,14850,14850,1,1
Gurgaon,Gurgaon-Cityinventory,Oncologist,6,8400,7088,7088,1,1
Gurgaon,Gurgaon-Cityinventory,Cosmetic/Plastic Surgeon,1,11550,9450,9450,2,2
Gurgaon,Gurgaon-Cityinventory,Cosmetic/Plastic Surgeon,6,9450,4725,4725,2,1
Gurgaon,Gurgaon-Cityinventory,Pulmonologist,1,12600,12600,12600,6,6
Gurgaon,Gurgaon-Cityinventory,Pulmonologist,6,9450,6300,6300,6,6
Gurgaon,Gurgaon-Cityinventory,Cardiologist,1,8800,8250,8250,6,0
Gurgaon,Gurgaon-Cityinventory,Cardiologist,6,6300,3938,3938,6,6
Gurgaon,Gurgaon-Cityinventory,Nephrologist,1,3150,3150,3150,4,3
Gurgaon,Gurgaon-Cityinventory,Nephrologist,6,3150,2100,2100,4,4
Gurgaon,Gurgaon-Cityinventory,General Surgeon,1,5250,4725,4725,6,4
Gurgaon,Gurgaon-Cityinventory,General Surgeon,6,5250,2363,2363,6,6
Gurgaon,Gurgaon-Cityinventory,Veterinarian,1,3300,3300,3300,2,1
Gurgaon,Gurgaon-Cityinventory,Veterinarian,6,3150,2100,2100,2,2
Gurgaon,Gurgaon-Cityinventory,Radiology,1,3300,3300,3300,1,0
Gurgaon,Gurgaon-Cityinventory,Radiology,6,3150,2100,2100,1,1
Gurgaon,Gurgaon-Cityinventory,General Psychiatry,1,27500,26400,26400,4,0
Gurgaon,Gurgaon-Cityinventory,General Psychiatry,6,19950,12600,12600,6,2
Gurgaon,Gurgaon-Cityinventory,Vascular Surgeon,1,3000,2000,2000,1,1
Gurgaon,Gurgaon-Cityinventory,Vascular Surgeon,6,3000,2000,2000,1,1
Gurgaon,Gurgaon-Cityinventory,Audiologist,1,8400,2100,2100,2,0
Gurgaon,Gurgaon-Cityinventory,Audiologist,6,6000,2000,2000,1,1
Gurgaon,Gurgaon-Cityinventory,Occupational Therapist,1,3000,2000,2000,1,1
Gurgaon,Gurgaon-Cityinventory,Occupational Therapist,6,3000,2000,2000,1,1
Gurgaon,Gurgaon-Cityinventory,Speech Therapist,1,3150,3150,3150,4,3
Gurgaon,Gurgaon-Cityinventory,Speech Therapist,6,3150,2100,2100,2,2
Gurgaon,Gurgaon-Cityinventory,Hematologist,1,3150,2100,2100,1,1
Gurgaon,Gurgaon-Cityinventory,Hematologist,6,3150,2100,2100,1,1
Gurgaon,Gurgaon-Cityinventory,General Gynecology,1,37400,36222,36222,6,0
Gurgaon,Gurgaon-Cityinventory,General Gynecology,6,28600,18110,18110,6,3
Gurgaon,Gurgaon-Cityinventory,General Alt Medicine,1,16800,11760,11760,1,0
Gurgaon,Gurgaon-Cityinventory,General Alt Medicine,6,12600,5880,5880,1,0
Gurgaon,Gurgaon-Cityinventory,General Pediatrics,1,5500,4950,4950,6,5
Gurgaon,Gurgaon-Cityinventory,General Pediatrics,6,3150,2363,2363,6,6
Gurgaon,Gurgaon-Cityinventory,General Ophthalmology,1,5500,4950,4950,4,0
Gurgaon,Gurgaon-Cityinventory,General Ophthalmology,6,5500,2475,2475,4,2
Gurgaon,Gurgaon-Cityinventory,Orthopaedics,1,20900,19800,19800,6,3
Gurgaon,Gurgaon-Cityinventory,Orthopaedics,6,14700,9450,9450,6,5
Gurgaon,Gurgaon-Cityinventory,Homeopathy,1,5250,4725,4725,5,4
Gurgaon,Gurgaon-Cityinventory,Homeopathy,6,5250,2363,2363,5,5
Gurgaon,CivilLines,General Dermatology,1,13200,17600,17600,2,0
Gurgaon,CivilLines,General Dermatology,6,9900,8800,8800,2,1
Gurgaon,CivilLines,Neurologist,1,3150,3150,3150,6,5
Gurgaon,CivilLines,Neurologist,6,3150,2100,2100,6,6
Gurgaon,CivilLines,Sexologist,1,8400,2100,2100,1,0
Gurgaon,CivilLines,Sexologist,6,6300,2100,2100,1,0
Gurgaon,CivilLines,Physiotherapist,1,8400,10500,10500,1,1
Gurgaon,CivilLines,Physiotherapist,6,6300,5250,5250,1,1
Gurgaon,CivilLines,Hair Transplant,1,8400,2100,2100,1,0
Gurgaon,CivilLines,Hair Transplant,6,6000,2000,2000,1,1
Gurgaon,CivilLines,Endocrinologist,1,5000,4500,4500,2,2
Gurgaon,CivilLines,Endocrinologist,6,3000,2250,2250,2,2
Gurgaon,CivilLines,Gastroenterologist,1,8400,7875,7875,6,6
Gurgaon,CivilLines,Gastroenterologist,6,6300,3938,3938,6,6
Gurgaon,CivilLines,General Physician,1,8800,11000,11000,2,0
Gurgaon,CivilLines,General Physician,6,6600,5500,5500,2,0
Gurgaon,CivilLines,Urologist,1,6300,6300,6300,5,4
Gurgaon,CivilLines,Urologist,6,5250,3150,3150,5,5
Gurgaon,CivilLines,ENT,1,9450,9450,9450,2,2
Gurgaon,CivilLines,ENT,6,5250,4725,4725,2,2
Gurgaon,CivilLines,General Dentistry,1,15400,19800,19800,1,0
Gurgaon,CivilLines,General Dentistry,6,12100,9900,9900,1,0
Gurgaon,CivilLines,Pulmonologist,1,3000,3000,3000,6,6
Gurgaon,CivilLines,Pulmonologist,6,3000,2000,2000,6,6
Gurgaon,CivilLines,Cardiologist,1,3000,3000,3000,6,6
Gurgaon,CivilLines,Cardiologist,6,3000,2000,2000,6,6
Gurgaon,CivilLines,General Psychiatry,1,8800,8250,8250,3,3
Gurgaon,CivilLines,General Psychiatry,6,6300,3938,3938,3,3
Gurgaon,CivilLines,General Gynecology,1,17600,22000,22000,2,0
Gurgaon,CivilLines,General Gynecology,6,13200,11000,11000,5,4
Gurgaon,CivilLines,General Alt Medicine,1,3000,3000,3000,2,1
Gurgaon,CivilLines,General Alt Medicine,6,3000,2000,2000,2,2
Gurgaon,CivilLines,General Pediatrics,1,15400,7810,7810,1,0
Gurgaon,CivilLines,General Pediatrics,6,11550,3728,3728,1,1
Gurgaon,CivilLines,General Ophthalmology,1,3300,3300,3300,6,1
Gurgaon,CivilLines,General Ophthalmology,6,3150,2100,2100,6,6
Gurgaon,CivilLines,Orthopaedics,1,8400,7875,7875,6,6
Gurgaon,CivilLines,Orthopaedics,6,6300,3938,3938,6,6
Gurgaon,CivilLines,Homeopathy,1,3150,2100,2100,1,0
Gurgaon,CivilLines,Homeopathy,6,3150,2100,2100,1,1
Gurgaon,DLFPhaseI,General Dermatology,1,8400,10500,10500,4,1
Gurgaon,DLFPhaseI,General Dermatology,6,6300,5250,5250,4,1
Gurgaon,DLFPhaseI,Neurologist,1,105000,7560,7560,1,1
Gurgaon,DLFPhaseI,Sexologist,1,6300,2100,2100,1,0
Gurgaon,DLFPhaseI,Sexologist,6,5250,2100,2100,1,0
Gurgaon,DLFPhaseI,Physiotherapist,1,6300,6300,6300,3,2
Gurgaon,DLFPhaseI,Physiotherapist,6,5000,3000,3000,3,3
Gurgaon,DLFPhaseI,Hair Transplant,1,11550,2100,2100,1,0
Gurgaon,DLFPhaseI,Hair Transplant,6,9450,2100,2100,1,0
Gurgaon,DLFPhaseI,Dietitian,1,12600,2100,2100,1,1
Gurgaon,DLFPhaseI,Dietitian,6,9000,2000,2000,1,1
Gurgaon,DLFPhaseI,General Physician,1,11550,14700,14700,1,0
Gurgaon,DLFPhaseI,General Physician,6,9450,7350,7350,1,0
Gurgaon,DLFPhaseI,Urologist,1,6300,2100,2100,1,0
Gurgaon,DLFPhaseI,Urologist,6,5000,2000,2000,1,1
Gurgaon,DLFPhaseI,ENT,1,11550,14700,14700,3,2
Gurgaon,DLFPhaseI,ENT,6,9450,7350,7350,1,1
Gurgaon,DLFPhaseI,General Dentistry,1,19950,25200,25200,2,0
Gurgaon,DLFPhaseI,General Dentistry,6,14700,12600,12600,2,0
Gurgaon,DLFPhaseI,Cardiologist,1,8000,5000,5000,1,0
Gurgaon,DLFPhaseI,General Psychiatry,1,8400,10500,10500,4,0
Gurgaon,DLFPhaseI,General Psychiatry,6,6000,5000,5000,1,0
Gurgaon,DLFPhaseI,General Gynecology,1,16800,21000,21000,1,0
Gurgaon,DLFPhaseI,General Gynecology,6,12600,10500,10500,1,0
Gurgaon,DLFPhaseI,General Alt Medicine,1,11550,3990,3990,1,0
Gurgaon,DLFPhaseI,General Alt Medicine,6,9450,2100,2100,1,1
Gurgaon,DLFPhaseI,General Pediatrics,1,6300,2835,2835,1,0
Gurgaon,DLFPhaseI,General Pediatrics,6,0,2000,2000,1,0
Gurgaon,DLFPhaseI,General Ophthalmology,1,6300,6300,6300,1,0
Gurgaon,DLFPhaseI,General Ophthalmology,6,5000,3000,3000,6,5
Gurgaon,DLFPhaseI,Orthopaedics,1,8400,10500,10500,6,3
Gurgaon,DLFPhaseI,Orthopaedics,6,6000,5000,5000,6,6
Gurgaon,DLFPhaseI,Homeopathy,1,3150,2100,2100,1,0
Gurgaon,DLFPhaseI,Homeopathy,6,3000,2000,2000,1,1
Gurgaon,Sector43,General Dermatology,1,15400,19800,19800,5,1
Gurgaon,Sector43,General Dermatology,6,11550,9450,9450,5,3
Gurgaon,Sector43,Neurologist,1,8000,7500,7500,6,6
Gurgaon,Sector43,Neurologist,6,5000,3750,3750,6,6
Gurgaon,Sector43,Sexologist,1,6300,2100,2100,1,0
Gurgaon,Sector43,Sexologist,6,5250,2100,2100,1,0
Gurgaon,Sector43,Physiotherapist,1,12100,15400,15400,4,3
Gurgaon,Sector43,Physiotherapist,6,9450,7350,7350,4,4
Gurgaon,Sector43,Hair Transplant,1,12600,2100,2100,1,0
Gurgaon,Sector43,Hair Transplant,6,9450,2100,2100,1,1
Gurgaon,Sector43,Dietitian,1,5000,2000,2000,1,1
Gurgaon,Sector43,Dietitian,6,5000,2000,2000,1,1
Gurgaon,Sector43,Gastroenterologist,1,5000,4500,4500,6,6
Gurgaon,Sector43,Gastroenterologist,6,3000,2250,2250,6,6
Gurgaon,Sector43,General Physician,1,13200,13200,13200,1,0
Gurgaon,Sector43,General Physician,6,9450,6300,6300,5,3
Gurgaon,Sector43,Urologist,1,6000,6000,6000,5,4
Gurgaon,Sector43,Urologist,6,5000,3000,3000,5,5
Gurgaon,Sector43,ENT,1,14700,14175,14175,6,5
Gurgaon,Sector43,ENT,6,11550,7088,7088,6,6
Gurgaon,Sector43,General Dentistry,1,22000,28600,28600,2,0
Gurgaon,Sector43,General Dentistry,6,17600,14300,14300,2,0
Gurgaon,Sector43,Oncologist,1,6000,6000,6000,3,3
Gurgaon,Sector43,Oncologist,6,5000,3000,3000,3,3
Gurgaon,Sector43,Cardiologist,1,10000,10000,10000,6,4
Gurgaon,Sector43,Cardiologist,6,9000,7000,7000,6,6
Gurgaon,Sector43,General Surgeon,1,6000,6000,6000,6,6
Gurgaon,Sector43,General Surgeon,6,5000,3000,3000,6,6
Gurgaon,Sector43,General Psychiatry,1,12100,15400,15400,6,0
Gurgaon,Sector43,General Psychiatry,6,9450,7350,7350,6,5
Gurgaon,Sector43,General Gynecology,1,22000,28600,28600,5,2
Gurgaon,Sector43,General Gynecology,6,16800,13650,13650,5,2
Gurgaon,Sector43,General Alt Medicine,1,8000,2000,2000,1,0
Gurgaon,Sector43,General Alt Medicine,6,6000,2000,2000,1,1
Gurgaon,Sector43,General Pediatrics,1,11550,7875,7875,5,5
Gurgaon,Sector43,General Pediatrics,6,9450,3938,3938,5,4
Gurgaon,Sector43,General Ophthalmology,1,12100,15400,15400,2,1
Gurgaon,Sector43,General Ophthalmology,6,9450,7350,7350,2,0
Gurgaon,Sector43,Orthopaedics,1,20900,26400,26400,6,5
Gurgaon,Sector43,Orthopaedics,6,14700,12600,12600,6,6
Gurgaon,Sector43,Homeopathy,1,6300,6300,6300,1,0
Gurgaon,Sector43,Homeopathy,6,5000,3000,3000,1,0
Gurgaon,Badsharpur,General Dermatology,1,17600,22000,22000,3,1
Gurgaon,Badsharpur,General Dermatology,6,12600,10500,10500,3,3
Gurgaon,Badsharpur,Neurologist,1,8400,7035,7035,1,1
Gurgaon,Badsharpur,Neurologist,6,6000,3350,3350,1,1
Gurgaon,Badsharpur,Sexologist,1,6300,2100,2100,1,0
Gurgaon,Badsharpur,Sexologist,6,5250,2100,2100,1,0
Gurgaon,Badsharpur,Physiotherapist,1,13200,13200,13200,2,2
Gurgaon,Badsharpur,Physiotherapist,6,9450,6300,6300,2,2
Gurgaon,Badsharpur,Hair Transplant,1,11550,2100,2100,1,0
Gurgaon,Badsharpur,Hair Transplant,6,9000,2000,2000,1,0
Gurgaon,Badsharpur,Dietitian,1,6300,4515,4515,1,1
Gurgaon,Badsharpur,Dietitian,6,5000,2150,2150,1,1
Gurgaon,Badsharpur,Gastroenterologist,1,5250,4725,4725,6,6
Gurgaon,Badsharpur,Gastroenterologist,6,3150,2363,2363,6,6
Gurgaon,Badsharpur,General Physician,1,13200,17600,17600,2,0
Gurgaon,Badsharpur,General Physician,6,9900,8800,8800,2,2
Gurgaon,Badsharpur,Urologist,1,6000,3000,3000,1,1
Gurgaon,Badsharpur,ENT,1,12600,12600,12600,6,6
Gurgaon,Badsharpur,ENT,6,9450,6300,6300,6,6
Gurgaon,Badsharpur,General Dentistry,1,20900,26400,26400,4,0
Gurgaon,Badsharpur,General Dentistry,6,15400,13200,13200,3,0
Gurgaon,Badsharpur,Cardiologist,1,10000,10000,10000,4,3
Gurgaon,Badsharpur,Cardiologist,6,9000,7000,7000,4,4
Gurgaon,Badsharpur,General Surgeon,1,6000,6000,6000,6,6
Gurgaon,Badsharpur,General Surgeon,6,5000,3000,3000,6,6
Gurgaon,Badsharpur,General Psychiatry,1,8800,11000,11000,6,3
Gurgaon,Badsharpur,General Psychiatry,6,6300,5250,5250,6,5
Gurgaon,Badsharpur,General Gynecology,1,17600,22000,22000,6,2
Gurgaon,Badsharpur,General Gynecology,6,13200,11000,11000,6,2
Gurgaon,Badsharpur,General Pediatrics,1,12100,11550,11550,2,2
Gurgaon,Badsharpur,General Pediatrics,6,9450,5513,5513,2,2
Gurgaon,Badsharpur,General Ophthalmology,1,12600,16800,16800,6,3
Gurgaon,Badsharpur,General Ophthalmology,6,9450,8400,8400,6,6
Gurgaon,Badsharpur,Orthopaedics,1,15400,19800,19800,6,3
Gurgaon,Badsharpur,Orthopaedics,6,11550,9450,9450,6,5
Gurgaon,Badsharpur,Homeopathy,1,3000,3000,3000,4,3
Gurgaon,Badsharpur,Homeopathy,6,3000,2000,2000,4,4
Gurgaon,Manesar,General Dermatology,1,14700,14175,14175,2,2
Gurgaon,Manesar,General Dermatology,6,11550,7088,7088,2,2
Gurgaon,Manesar,Sexologist,1,6300,2100,2100,1,0
Gurgaon,Manesar,Sexologist,6,5250,2100,2100,1,0
Gurgaon,Manesar,Physiotherapist,1,3000,2000,2000,1,1
Gurgaon,Manesar,Physiotherapist,6,3000,2000,2000,1,1
Gurgaon,Manesar,Hair Transplant,1,11550,2100,2100,1,0
Gurgaon,Manesar,Hair Transplant,6,9450,2100,2100,1,0
Gurgaon,Manesar,Gastroenterologist,1,5000,3100,3100,1,1
Gurgaon,Manesar,Gastroenterologist,6,3000,2000,2000,1,1
Gurgaon,Manesar,General Physician,1,12100,6930,6930,1,0
Gurgaon,Manesar,General Physician,6,9450,3308,3308,1,1
Gurgaon,Manesar,Urologist,1,6300,2100,2100,1,0
Gurgaon,Manesar,Urologist,6,5000,2000,2000,1,1
Gurgaon,Manesar,ENT,1,8400,7875,7875,4,4
Gurgaon,Manesar,ENT,6,6300,3938,3938,4,4
Gurgaon,Manesar,General Dentistry,1,12100,11550,11550,2,0
Gurgaon,Manesar,General Dentistry,6,9900,5775,5775,2,1
Gurgaon,Manesar,General Psychiatry,1,5000,3300,3300,1,1
Gurgaon,Manesar,General Psychiatry,6,5000,2000,2000,1,1
Gurgaon,Manesar,General Gynecology,1,15400,14850,14850,2,0
Gurgaon,Manesar,General Gynecology,6,12100,7425,7425,2,1
Gurgaon,Manesar,General Pediatrics,1,8400,6300,6300,2,2
Gurgaon,Manesar,General Pediatrics,6,6300,3150,3150,2,2
Gurgaon,Manesar,General Ophthalmology,1,5500,4290,4290,1,0
Gurgaon,Manesar,General Ophthalmology,6,5250,2100,2100,1,1
Gurgaon,Manesar,Orthopaedics,1,9450,9450,9450,4,4
Gurgaon,Manesar,Orthopaedics,6,8400,4725,4725,4,4
Gurgaon,Manesar,Homeopathy,1,5250,2100,2100,1,0
Gurgaon,Manesar,Homeopathy,6,5000,2000,2000,1,1
Gurgaon,Sector10,General Dermatology,1,6600,8800,8800,1,1
Gurgaon,Sector10,General Dermatology,6,5500,4400,4400,1,0
Gurgaon,Sector10,Sexologist,1,6300,2100,2100,1,0
Gurgaon,Sector10,Sexologist,6,5250,2100,2100,1,0
Gurgaon,Sector10,Hair Transplant,1,8400,2100,2100,1,0
Gurgaon,Sector10,Hair Transplant,6,6000,2000,2000,1,1
Gurgaon,Sector10,Gastroenterologist,1,5250,2100,2100,1,1
Gurgaon,Sector10,Gastroenterologist,6,3000,2000,2000,1,1
Gurgaon,Sector10,General Physician,1,12100,3630,3630,1,0
Gurgaon,Sector10,General Physician,6,9450,2100,2100,1,0
Gurgaon,Sector10,Urologist,1,6300,2100,2100,1,0
Gurgaon,Sector10,Urologist,6,5000,2000,2000,1,1
Gurgaon,Sector10,ENT,1,3150,3150,3150,4,4
Gurgaon,Sector10,ENT,6,3150,2100,2100,4,4
Gurgaon,Sector10,General Dentistry,1,11550,11025,11025,1,0
Gurgaon,Sector10,General Dentistry,6,9450,5513,5513,1,1
Gurgaon,Sector10,General Psychiatry,1,6300,2100,2100,1,0
Gurgaon,Sector10,General Psychiatry,6,5000,2000,2000,1,1
Gurgaon,Sector10,General Gynecology,1,12100,15400,15400,2,1
Gurgaon,Sector10,General Gynecology,6,9900,7700,7700,2,0
Gurgaon,Sector10,General Pediatrics,1,8000,2500,2500,1,0
Gurgaon,Sector10,General Pediatrics,6,5000,2000,2000,1,0
Gurgaon,Sector10,General Ophthalmology,1,6000,3000,3000,1,0
Gurgaon,Sector10,Orthopaedics,1,5250,2100,2100,1,0
Gurgaon,Sector10,Orthopaedics,6,3000,2000,2000,1,1
Gurgaon,Sohna,Sexologist,1,6300,2100,2100,1,0
Gurgaon,Sohna,Sexologist,6,5250,2100,2100,1,0
Guwahati,Guwahati-Cityinventory,General Dermatology,1,5450,2180,2180,2,0
Guwahati,Guwahati-Cityinventory,General Dermatology,6,3270,2180,2180,1,0
Guwahati,Guwahati-Cityinventory,Neurologist,1,5450,2180,2180,1,1
Guwahati,Guwahati-Cityinventory,Neurologist,6,3135,2090,2090,1,1
Guwahati,Guwahati-Cityinventory,Sexologist,1,3135,2090,2090,1,1
Guwahati,Guwahati-Cityinventory,Sexologist,6,3135,2090,2090,1,1
Guwahati,Guwahati-Cityinventory,Physiotherapist,1,3135,2090,2090,1,1
Guwahati,Guwahati-Cityinventory,Physiotherapist,6,3135,2090,2090,1,1
Guwahati,Guwahati-Cityinventory,Hair Transplant,1,3135,2090,2090,1,1
Guwahati,Guwahati-Cityinventory,Hair Transplant,6,3135,2090,2090,1,1
Guwahati,Guwahati-Cityinventory,Endocrinologist,1,3270,2180,2180,1,1
Guwahati,Guwahati-Cityinventory,Endocrinologist,6,3135,2090,2090,1,1
Guwahati,Guwahati-Cityinventory,Gastroenterologist,1,22990,2090,2090,1,1
Guwahati,Guwahati-Cityinventory,Gastroenterologist,6,11495,2090,2090,1,1
Guwahati,Guwahati-Cityinventory,General Physician,1,3135,2090,2090,1,1
Guwahati,Guwahati-Cityinventory,General Physician,6,3135,2090,2090,1,1
Guwahati,Guwahati-Cityinventory,Urologist,1,5225,2090,2090,1,1
Guwahati,Guwahati-Cityinventory,Urologist,6,3135,2090,2090,1,1
Guwahati,Guwahati-Cityinventory,ENT,1,6270,6270,6270,3,2
Guwahati,Guwahati-Cityinventory,ENT,6,5225,3135,3135,3,3
Guwahati,Guwahati-Cityinventory,General Dentistry,1,6540,6540,6540,1,0
Guwahati,Guwahati-Cityinventory,General Dentistry,6,3135,3135,3135,1,1
Guwahati,Guwahati-Cityinventory,Oncologist,1,3135,2090,2090,1,0
Guwahati,Guwahati-Cityinventory,Oncologist,6,3000,2000,2000,1,1
Guwahati,Guwahati-Cityinventory,Cosmetic/Plastic Surgeon,1,16720,2090,2090,1,1
Guwahati,Guwahati-Cityinventory,Cosmetic/Plastic Surgeon,6,8360,2090,2090,1,1
Guwahati,Guwahati-Cityinventory,Pulmonologist,1,3135,2090,2090,1,1
Guwahati,Guwahati-Cityinventory,Pulmonologist,6,3135,2090,2090,1,1
Guwahati,Guwahati-Cityinventory,Cardiologist,1,5225,2090,2090,1,1
Guwahati,Guwahati-Cityinventory,Cardiologist,6,3135,2090,2090,1,1
Guwahati,Guwahati-Cityinventory,Nephrologist,1,5225,2090,2090,1,1
Guwahati,Guwahati-Cityinventory,Nephrologist,6,3135,2090,2090,1,1
Guwahati,Guwahati-Cityinventory,General Surgeon,1,8360,3135,3135,1,1
Guwahati,Guwahati-Cityinventory,General Surgeon,6,5225,2090,2090,1,1
Guwahati,Guwahati-Cityinventory,General Psychiatry,1,3135,2090,2090,1,1
Guwahati,Guwahati-Cityinventory,General Psychiatry,6,3135,2090,2090,1,1
Guwahati,Guwahati-Cityinventory,General Gynecology,1,11990,2180,2180,2,2
Guwahati,Guwahati-Cityinventory,General Gynecology,6,6270,2090,2090,1,1
Guwahati,Guwahati-Cityinventory,General Alt Medicine,1,3000,2000,2000,1,1
Guwahati,Guwahati-Cityinventory,General Alt Medicine,6,3000,2000,2000,1,1
Guwahati,Guwahati-Cityinventory,General Pediatrics,1,3135,2090,2090,1,1
Guwahati,Guwahati-Cityinventory,General Pediatrics,6,3135,2090,2090,1,1
Guwahati,Guwahati-Cityinventory,General Ophthalmology,1,3000,2000,2000,1,1
Guwahati,Guwahati-Cityinventory,General Ophthalmology,6,3000,2000,2000,1,1
Guwahati,Guwahati-Cityinventory,Orthopaedics,1,6540,2180,2180,1,0
Guwahati,Guwahati-Cityinventory,Orthopaedics,6,3135,2090,2090,1,1
Guwahati,Guwahati-Cityinventory,Homeopathy,1,3135,2090,2090,1,1
Guwahati,Guwahati-Cityinventory,Homeopathy,6,3135,2090,2090,1,1
Guwahati,Guwahati,General Physician,6,3135,2090,2090,1,1
Guwahati,Guwahati,ENT,6,3135,2090,2090,2,2
Guwahati,Guwahati,General Dentistry,1,5225,4703,4703,1,1
Guwahati,Guwahati,General Dentistry,6,3270,2453,2453,1,1
Guwahati,Guwahati,General Gynecology,6,3135,2090,2090,1,1
Gwalior,Gwalior-Cityinventory,General Dermatology,1,3135,2090,2090,1,1
Gwalior,Gwalior-Cityinventory,General Dermatology,6,3135,2090,2090,1,1
Gwalior,Gwalior-Cityinventory,Neurologist,1,3135,2090,2090,1,1
Gwalior,Gwalior-Cityinventory,Neurologist,6,3135,2090,2090,1,1
Gwalior,Gwalior-Cityinventory,Sexologist,1,3135,2090,2090,1,1
Gwalior,Gwalior-Cityinventory,Sexologist,6,3135,2090,2090,1,1
Gwalior,Gwalior-Cityinventory,Physiotherapist,1,3000,2000,2000,1,1
Gwalior,Gwalior-Cityinventory,Physiotherapist,6,3000,2000,2000,1,1
Gwalior,Gwalior-Cityinventory,Hair Transplant,1,6000,2000,2000,1,1
Gwalior,Gwalior-Cityinventory,Hair Transplant,6,3000,2000,2000,1,1
Gwalior,Gwalior-Cityinventory,Gastroenterologist,1,8360,2090,2090,1,1
Gwalior,Gwalior-Cityinventory,Gastroenterologist,6,5225,2090,2090,1,1
Gwalior,Gwalior-Cityinventory,General Physician,1,3135,2090,2090,1,1
Gwalior,Gwalior-Cityinventory,General Physician,6,3135,2090,2090,1,1
Gwalior,Gwalior-Cityinventory,Urologist,1,3135,2090,2090,1,1
Gwalior,Gwalior-Cityinventory,Urologist,6,3135,2090,2090,1,1
Gwalior,Gwalior-Cityinventory,ENT,1,5450,2180,2180,1,0
Gwalior,Gwalior-Cityinventory,ENT,6,5225,2090,2090,1,1
Gwalior,Gwalior-Cityinventory,General Dentistry,1,3135,2090,2090,1,1
Gwalior,Gwalior-Cityinventory,General Dentistry,6,3135,2090,2090,1,1
Gwalior,Gwalior-Cityinventory,Oncologist,1,8000,2000,2000,1,1
Gwalior,Gwalior-Cityinventory,Oncologist,6,5000,2000,2000,1,1
Gwalior,Gwalior-Cityinventory,Cosmetic/Plastic Surgeon,1,8000,2000,2000,1,1
Gwalior,Gwalior-Cityinventory,Cosmetic/Plastic Surgeon,6,5000,2000,2000,1,1
Gwalior,Gwalior-Cityinventory,Pulmonologist,1,3000,2000,2000,1,1
Gwalior,Gwalior-Cityinventory,Pulmonologist,6,3000,2000,2000,1,1
Gwalior,Gwalior-Cityinventory,Cardiologist,1,3000,2000,2000,1,1
Gwalior,Gwalior-Cityinventory,Cardiologist,6,3000,2000,2000,1,1
Gwalior,Gwalior-Cityinventory,General Psychiatry,1,3135,2090,2090,1,1
Gwalior,Gwalior-Cityinventory,General Psychiatry,6,3135,2090,2090,1,1
Gwalior,Gwalior-Cityinventory,General Gynecology,1,5225,2090,2090,1,1
Gwalior,Gwalior-Cityinventory,General Gynecology,6,5225,2090,2090,1,1
Gwalior,Gwalior-Cityinventory,General Pediatrics,1,3135,2090,2090,1,1
Gwalior,Gwalior-Cityinventory,General Pediatrics,6,3135,2090,2090,1,1
Gwalior,Gwalior-Cityinventory,General Ophthalmology,1,5225,2090,2090,1,1
Gwalior,Gwalior-Cityinventory,General Ophthalmology,6,3135,2090,2090,1,1
Gwalior,Gwalior-Cityinventory,Orthopaedics,1,5225,2090,2090,1,1
Gwalior,Gwalior-Cityinventory,Orthopaedics,6,3135,2090,2090,1,1
Haridwar,Haridwar-Cityinventory,General Dermatology,1,3135,2090,2090,1,1
Haridwar,Haridwar-Cityinventory,General Dermatology,6,3135,2090,2090,1,1
Haridwar,Haridwar-Cityinventory,Sexologist,1,3000,2000,2000,1,1
Haridwar,Haridwar-Cityinventory,Sexologist,6,3000,2000,2000,1,1
Haridwar,Haridwar-Cityinventory,Gastroenterologist,1,3000,2000,2000,1,1
Haridwar,Haridwar-Cityinventory,Gastroenterologist,6,3000,2000,2000,1,1
Haridwar,Haridwar-Cityinventory,General Physician,1,3135,2090,2090,1,1
Haridwar,Haridwar-Cityinventory,General Physician,6,3135,2090,2090,1,1
Haridwar,Haridwar-Cityinventory,General Dentistry,1,3135,2090,2090,1,1
Haridwar,Haridwar-Cityinventory,General Dentistry,6,3135,2090,2090,1,1
Haridwar,Haridwar-Cityinventory,General Gynecology,1,3000,2000,2000,1,1
Haridwar,Haridwar-Cityinventory,General Gynecology,6,3000,2000,2000,1,1
Haridwar,Haridwar-Cityinventory,General Alt Medicine,1,3000,2000,2000,1,1
Haridwar,Haridwar-Cityinventory,General Alt Medicine,6,3000,2000,2000,1,1
Haridwar,Haridwar-Cityinventory,Orthopaedics,1,3000,2000,2000,1,1
Haridwar,Haridwar-Cityinventory,Orthopaedics,6,3000,2000,2000,1,1
Hazaribag,Hazaribag-Cityinventory,General Physician,1,3135,2090,2090,1,1
Hazaribag,Hazaribag-Cityinventory,General Physician,6,3135,2090,2090,1,1
Hisar,Hisar-Cityinventory,General Dermatology,1,3135,2090,2090,1,1
Hisar,Hisar-Cityinventory,General Dermatology,6,3135,2090,2090,1,1
Hisar,Hisar-Cityinventory,Gastroenterologist,1,3135,2090,2090,1,1
Hisar,Hisar-Cityinventory,Gastroenterologist,6,3135,2090,2090,1,1
Hisar,Hisar-Cityinventory,General Physician,1,3000,2000,2000,1,1
Hisar,Hisar-Cityinventory,General Physician,6,3000,2000,2000,1,1
Hisar,Hisar-Cityinventory,General Dentistry,1,3135,2090,2090,1,1
Hisar,Hisar-Cityinventory,General Dentistry,6,3135,2090,2090,1,1
Hisar,Hisar-Cityinventory,General Gynecology,1,3135,2090,2090,1,1
Hisar,Hisar-Cityinventory,General Gynecology,6,3135,2090,2090,1,1
Hisar,Hisar-Cityinventory,Orthopaedics,1,3135,2090,2090,1,1
Hisar,Hisar-Cityinventory,Orthopaedics,6,3135,2090,2090,1,1
Hooghly,Hooghly-Cityinventory,General Physician,1,3000,2000,2000,1,1
Hooghly,Hooghly-Cityinventory,General Physician,6,3000,2000,2000,1,1
Hooghly,Hooghly-Cityinventory,General Dentistry,1,0,2000,2000,1,1
Hooghly,Hooghly-Cityinventory,General Dentistry,6,0,2000,2000,1,1
Hooghly,Hooghly-Cityinventory,General Psychiatry,1,0,2000,2000,1,1
Hooghly,Hooghly-Cityinventory,General Psychiatry,6,0,2000,2000,1,1
Hooghly,Hooghly-Cityinventory,General Gynecology,1,0,2000,2000,1,1
Hooghly,Hooghly-Cityinventory,General Gynecology,6,0,2000,2000,1,1
Hooghly,Hooghly,General Physician,1,3135,2090,2090,1,1
Hooghly,Hooghly,General Physician,6,3135,2090,2090,1,1
Hooghly,Hooghly,General Dentistry,1,3135,2090,2090,1,1
Hooghly,Hooghly,General Dentistry,6,3135,2090,2090,1,1
Hooghly,Hooghly,General Psychiatry,6,3000,2000,2000,1,1
Hooghly,Hooghly,General Gynecology,6,3000,2000,2000,1,1
Howrah,Howrah-Cityinventory,Neurologist,1,3135,2090,2090,1,1
Howrah,Howrah-Cityinventory,Neurologist,6,3135,2090,2090,1,1
Howrah,Howrah-Cityinventory,Gastroenterologist,1,3135,2090,2090,1,1
Howrah,Howrah-Cityinventory,Gastroenterologist,6,3135,2090,2090,1,1
Howrah,Howrah-Cityinventory,General Physician,1,3135,2090,2090,1,1
Howrah,Howrah-Cityinventory,General Physician,6,3135,2090,2090,1,1
Howrah,Howrah-Cityinventory,General Dentistry,1,3135,2090,2090,1,1
Howrah,Howrah-Cityinventory,General Dentistry,6,3135,2090,2090,1,1
Howrah,Howrah-Cityinventory,General Psychiatry,1,8000,2000,2000,1,1
Howrah,Howrah-Cityinventory,General Psychiatry,6,6000,2000,2000,1,1
Howrah,Howrah-Cityinventory,General Gynecology,1,3135,2090,2090,1,1
Howrah,Howrah-Cityinventory,General Gynecology,6,3135,2090,2090,1,1
Howrah,Howrah-Cityinventory,General Ophthalmology,1,3000,2000,2000,1,1
Howrah,Howrah-Cityinventory,General Ophthalmology,6,3000,2000,2000,1,1
Howrah,Howrah-Cityinventory,Orthopaedics,1,8720,2289,2289,1,0
Howrah,Howrah-Cityinventory,Orthopaedics,6,6270,2090,2090,1,1
Hubli,Hubli-Cityinventory,General Dermatology,1,3135,2090,2090,1,1
Hubli,Hubli-Cityinventory,General Dermatology,6,3135,2090,2090,1,1
Hubli,Hubli-Cityinventory,Sexologist,1,3135,2090,2090,1,1
Hubli,Hubli-Cityinventory,Sexologist,6,3135,2090,2090,1,1
Hubli,Hubli-Cityinventory,Gastroenterologist,1,5225,2090,2090,1,1
Hubli,Hubli-Cityinventory,Gastroenterologist,6,3135,2090,2090,1,1
Hubli,Hubli-Cityinventory,General Physician,1,3000,2000,2000,1,1
Hubli,Hubli-Cityinventory,General Physician,6,3000,2000,2000,1,1
Hubli,Hubli-Cityinventory,General Dentistry,1,5450,2180,2180,1,1
Hubli,Hubli-Cityinventory,General Dentistry,6,5225,2090,2090,1,1
Hubli,Hubli-Cityinventory,General Gynecology,1,3000,2000,2000,1,1
Hubli,Hubli-Cityinventory,General Gynecology,6,3000,2000,2000,1,1
Hubli,Hubli-Cityinventory,Orthopaedics,1,3135,2090,2090,1,1
Hubli,Hubli-Cityinventory,Orthopaedics,6,3135,2090,2090,1,1
Hyderabad,Hyderabad-Cityinventory,General Dermatology,1,124300,36212,36212,6,0
Hyderabad,Hyderabad-Cityinventory,General Dermatology,6,93500,18106,18106,6,1
Hyderabad,Hyderabad-Cityinventory,Neurologist,1,30000,30000,30000,6,3
Hyderabad,Hyderabad-Cityinventory,Neurologist,6,30000,17502,17502,6,6
Hyderabad,Hyderabad-Cityinventory,Sexologist,1,44000,11256,11256,4,0
Hyderabad,Hyderabad-Cityinventory,Sexologist,6,34100,9900,9900,4,0
Hyderabad,Hyderabad-Cityinventory,Physiotherapist,1,15400,14850,14850,5,3
Hyderabad,Hyderabad-Cityinventory,Physiotherapist,6,11550,7088,7088,5,5
Hyderabad,Hyderabad-Cityinventory,Hair Transplant,1,68200,2200,2200,4,0
Hyderabad,Hyderabad-Cityinventory,Hair Transplant,6,51700,2200,2200,4,0
Hyderabad,Hyderabad-Cityinventory,Dietitian,1,11550,8400,8400,1,0
Hyderabad,Hyderabad-Cityinventory,Dietitian,6,6300,4200,4200,1,1
Hyderabad,Hyderabad-Cityinventory,Endocrinologist,1,11550,11025,11025,6,4
Hyderabad,Hyderabad-Cityinventory,Endocrinologist,6,9450,5513,5513,6,6
Hyderabad,Hyderabad-Cityinventory,Gastroenterologist,1,17850,17325,17325,6,4
Hyderabad,Hyderabad-Cityinventory,Gastroenterologist,6,9450,8663,8663,6,6
Hyderabad,Hyderabad-Cityinventory,General Physician,1,16800,15750,15750,6,5
Hyderabad,Hyderabad-Cityinventory,General Physician,6,8400,7875,7875,6,6
Hyderabad,Hyderabad-Cityinventory,Urologist,1,30000,30000,30000,6,3
Hyderabad,Hyderabad-Cityinventory,Urologist,6,30000,17135,17135,6,6
Hyderabad,Hyderabad-Cityinventory,ENT,1,23100,22050,22050,6,4
Hyderabad,Hyderabad-Cityinventory,ENT,6,11550,11025,11025,6,6
Hyderabad,Hyderabad-Cityinventory,General Dentistry,1,68200,35926,35926,5,2
Hyderabad,Hyderabad-Cityinventory,General Dentistry,6,51700,17963,17963,5,0
Hyderabad,Hyderabad-Cityinventory,Oncologist,1,12100,5610,5610,1,0
Hyderabad,Hyderabad-Cityinventory,Oncologist,6,9450,2678,2678,1,1
Hyderabad,Hyderabad-Cityinventory,Cosmetic/Plastic Surgeon,1,36300,19470,19470,4,0
Hyderabad,Hyderabad-Cityinventory,Cosmetic/Plastic Surgeon,6,27500,9735,9735,1,0
Hyderabad,Hyderabad-Cityinventory,Pulmonologist,1,16800,15750,15750,6,3
Hyderabad,Hyderabad-Cityinventory,Pulmonologist,6,8400,7875,7875,6,6
Hyderabad,Hyderabad-Cityinventory,Cardiologist,1,16800,15750,15750,4,3
Hyderabad,Hyderabad-Cityinventory,Cardiologist,6,8400,7875,7875,6,6
Hyderabad,Hyderabad-Cityinventory,Nephrologist,1,5500,4950,4950,5,3
Hyderabad,Hyderabad-Cityinventory,Nephrologist,6,3150,2363,2363,5,4
Hyderabad,Hyderabad-Cityinventory,General Surgeon,1,5250,4725,4725,6,4
Hyderabad,Hyderabad-Cityinventory,General Surgeon,6,5250,2363,2363,6,6
Hyderabad,Hyderabad-Cityinventory,Veterinarian,1,3150,3150,3150,1,1
Hyderabad,Hyderabad-Cityinventory,Veterinarian,6,3150,2100,2100,1,1
Hyderabad,Hyderabad-Cityinventory,Radiology,1,3150,3150,3150,2,2
Hyderabad,Hyderabad-Cityinventory,Radiology,6,3150,2100,2100,2,2
Hyderabad,Hyderabad-Cityinventory,General Psychiatry,1,66000,35714,35714,6,2
Hyderabad,Hyderabad-Cityinventory,General Psychiatry,6,30000,17045,17045,6,5
Hyderabad,Hyderabad-Cityinventory,Vascular Surgeon,1,3300,2750,2750,1,1
Hyderabad,Hyderabad-Cityinventory,Vascular Surgeon,6,3150,2100,2100,1,1
Hyderabad,Hyderabad-Cityinventory,Audiologist,1,3150,2100,2100,3,2
Hyderabad,Hyderabad-Cityinventory,Audiologist,6,3000,2000,2000,1,1
Hyderabad,Hyderabad-Cityinventory,Occupational Therapist,1,3000,2000,2000,1,1
Hyderabad,Hyderabad-Cityinventory,Occupational Therapist,6,3000,2000,2000,1,1
Hyderabad,Hyderabad-Cityinventory,Speech Therapist,1,3150,2100,2100,1,1
Hyderabad,Hyderabad-Cityinventory,Speech Therapist,6,3150,2100,2100,1,1
Hyderabad,Hyderabad-Cityinventory,Allergist/Immunologist,1,3150,2100,2100,1,1
Hyderabad,Hyderabad-Cityinventory,Allergist/Immunologist,6,3150,2100,2100,1,1
Hyderabad,Hyderabad-Cityinventory,Hematologist,1,3150,2100,2100,1,1
Hyderabad,Hyderabad-Cityinventory,Hematologist,6,3150,2100,2100,1,1
Hyderabad,Hyderabad-Cityinventory,General Gynecology,1,112200,35805,35805,6,0
Hyderabad,Hyderabad-Cityinventory,General Gynecology,6,85800,17903,17903,6,3
Hyderabad,Hyderabad-Cityinventory,General Alt Medicine,1,24200,13750,13750,1,0
Hyderabad,Hyderabad-Cityinventory,General Alt Medicine,6,18700,6875,6875,1,0
Hyderabad,Hyderabad-Cityinventory,General Pediatrics,1,9450,9450,9450,3,1
Hyderabad,Hyderabad-Cityinventory,General Pediatrics,6,5250,4725,4725,3,2
Hyderabad,Hyderabad-Cityinventory,General Ophthalmology,1,16800,15750,15750,3,1
Hyderabad,Hyderabad-Cityinventory,General Ophthalmology,6,8400,7875,7875,3,3
Hyderabad,Hyderabad-Cityinventory,Orthopaedics,1,30000,30000,30000,6,4
Hyderabad,Hyderabad-Cityinventory,Orthopaedics,6,30000,18074,18074,6,6
Hyderabad,Hyderabad-Cityinventory,Homeopathy,1,13200,13200,13200,4,2
Hyderabad,Hyderabad-Cityinventory,Homeopathy,6,9450,6300,6300,2,2
Hyderabad,Kachiguda,General Dermatology,1,8800,2200,2200,1,1
Hyderabad,Kachiguda,General Dermatology,6,5250,2100,2100,1,1
Hyderabad,Kachiguda,ENT,1,5000,2000,2000,1,1
Hyderabad,Kachiguda,ENT,6,3000,2000,2000,1,1
Hyderabad,Kachiguda,General Dentistry,1,6300,2100,2100,1,1
Hyderabad,Kachiguda,General Dentistry,6,5250,2100,2100,1,0
Hyderabad,Kachiguda,General Gynecology,1,6300,2100,2100,1,0
Hyderabad,Kachiguda,General Gynecology,6,3000,2000,2000,1,1
Hyderabad,Kachiguda,Orthopaedics,1,6000,8000,8000,5,5
Hyderabad,Kachiguda,Orthopaedics,6,3000,4000,4000,5,5
Hyderabad,Dilsukh nagar,General Dermatology,1,17600,2420,2420,1,0
Hyderabad,Dilsukh nagar,General Dermatology,6,13200,2200,2200,1,0
Hyderabad,Dilsukh nagar,Neurologist,1,6600,2200,2200,1,0
Hyderabad,Dilsukh nagar,Neurologist,6,3150,2100,2100,1,1
Hyderabad,Dilsukh nagar,Sexologist,1,10000,2000,2000,1,0
Hyderabad,Dilsukh nagar,Sexologist,6,9450,2100,2100,1,0
Hyderabad,Dilsukh nagar,Endocrinologist,1,5250,4725,4725,2,1
Hyderabad,Dilsukh nagar,Endocrinologist,6,3150,2363,2363,2,2
Hyderabad,Dilsukh nagar,Gastroenterologist,1,9450,2100,2100,1,0
Hyderabad,Dilsukh nagar,Gastroenterologist,6,5250,2100,2100,1,1
Hyderabad,Dilsukh nagar,General Physician,1,5250,2100,2100,1,0
Hyderabad,Dilsukh nagar,General Physician,6,5250,2100,2100,1,1
Hyderabad,Dilsukh nagar,Urologist,1,6600,3080,3080,1,0
Hyderabad,Dilsukh nagar,Urologist,6,3150,2100,2100,1,0
Hyderabad,Dilsukh nagar,ENT,1,13200,13200,13200,2,2
Hyderabad,Dilsukh nagar,ENT,6,6300,6300,6300,2,2
Hyderabad,Dilsukh nagar,General Dentistry,1,11550,2520,2520,1,1
Hyderabad,Dilsukh nagar,General Dentistry,6,9450,2100,2100,1,0
Hyderabad,Dilsukh nagar,Pulmonologist,1,6000,6000,6000,2,1
Hyderabad,Dilsukh nagar,Pulmonologist,6,3000,3000,3000,2,2
Hyderabad,Dilsukh nagar,Cardiologist,1,3000,2000,2000,1,0
Hyderabad,Dilsukh nagar,Cardiologist,6,3000,2000,2000,1,1
Hyderabad,Dilsukh nagar,General Psychiatry,1,6600,2200,2200,1,0
Hyderabad,Dilsukh nagar,General Psychiatry,6,5250,2100,2100,1,1
Hyderabad,Dilsukh nagar,General Gynecology,1,37400,24200,24200,1,0
Hyderabad,Dilsukh nagar,General Gynecology,6,17850,11550,11550,1,1
Hyderabad,Dilsukh nagar,General Pediatrics,1,3150,2100,2100,1,0
Hyderabad,Dilsukh nagar,General Pediatrics,6,3000,2000,2000,1,1
Hyderabad,Dilsukh nagar,Orthopaedics,1,9450,9450,9450,2,1
Hyderabad,Dilsukh nagar,Orthopaedics,6,5250,4725,4725,2,2
Hyderabad,Dilsukh nagar,Homeopathy,1,8000,2200,2200,1,0
Hyderabad,Dilsukh nagar,Homeopathy,6,6000,2000,2000,1,1
Hyderabad,Begumpet,General Dermatology,1,5000,2000,2000,1,1
Hyderabad,Begumpet,General Dermatology,6,3000,2000,2000,1,1
Hyderabad,Begumpet,General Physician,1,3000,2000,2000,1,1
Hyderabad,Begumpet,General Physician,6,3000,2000,2000,1,1
Hyderabad,Begumpet,General Dentistry,1,6300,2100,2100,1,1
Hyderabad,Begumpet,General Dentistry,6,5000,2000,2000,1,0
Hyderabad,Begumpet,General Gynecology,1,5250,2100,2100,1,0
Hyderabad,Begumpet,General Gynecology,6,3000,2000,2000,1,1
Hyderabad,Marredpally,General Dermatology,1,27500,20900,20900,1,1
Hyderabad,Marredpally,General Dermatology,6,12600,9975,9975,1,1
Hyderabad,Marredpally,Neurologist,1,12600,7140,7140,1,0
Hyderabad,Marredpally,Neurologist,6,6300,3570,3570,1,1
Hyderabad,Marredpally,Sexologist,1,8800,2200,2200,1,0
Hyderabad,Marredpally,Sexologist,6,6600,2200,2200,1,0
Hyderabad,Marredpally,Physiotherapist,1,5000,2100,2100,1,1
Hyderabad,Marredpally,Physiotherapist,6,3000,2000,2000,1,1
Hyderabad,Marredpally,Hair Transplant,1,21000,2100,2100,1,0
Hyderabad,Marredpally,Hair Transplant,6,11550,2100,2100,1,0
Hyderabad,Marredpally,Dietitian,1,3150,2100,2100,1,1
Hyderabad,Marredpally,Dietitian,6,3150,2100,2100,1,1
Hyderabad,Marredpally,Endocrinologist,1,8400,2100,2100,1,1
Hyderabad,Marredpally,Endocrinologist,6,5250,2100,2100,1,1
Hyderabad,Marredpally,Gastroenterologist,1,8400,2100,2100,1,1
Hyderabad,Marredpally,Gastroenterologist,6,5250,2100,2100,1,1
Hyderabad,Marredpally,General Physician,1,5250,4095,4095,1,1
Hyderabad,Marredpally,General Physician,6,3150,2100,2100,1,1
Hyderabad,Marredpally,Urologist,1,15400,3740,3740,1,0
Hyderabad,Marredpally,Urologist,6,8400,2100,2100,1,1
Hyderabad,Marredpally,ENT,1,19950,15435,15435,1,1
Hyderabad,Marredpally,ENT,6,9450,7718,7718,1,1
Hyderabad,Marredpally,General Dentistry,1,27500,5830,5830,1,0
Hyderabad,Marredpally,General Dentistry,6,19950,2783,2783,1,1
Hyderabad,Marredpally,Pulmonologist,1,6300,5880,5880,1,1
Hyderabad,Marredpally,Pulmonologist,6,3150,2940,2940,1,1
Hyderabad,Marredpally,Cardiologist,1,8400,2100,2100,1,1
Hyderabad,Marredpally,Cardiologist,6,5250,2100,2100,1,1
Hyderabad,Marredpally,Nephrologist,1,3000,2000,2000,1,1
Hyderabad,Marredpally,Nephrologist,6,3000,2000,2000,1,1
Hyderabad,Marredpally,General Psychiatry,1,14700,14175,14175,6,6
Hyderabad,Marredpally,General Psychiatry,6,8400,7088,7088,6,6
Hyderabad,Marredpally,General Gynecology,1,30000,3885,3885,1,1
Hyderabad,Marredpally,General Gynecology,6,24200,2200,2200,1,1
Hyderabad,Marredpally,General Alt Medicine,1,5250,2100,2100,1,1
Hyderabad,Marredpally,General Alt Medicine,6,5250,2100,2100,1,1
Hyderabad,Marredpally,General Pediatrics,1,8400,2100,2100,1,0
Hyderabad,Marredpally,General Pediatrics,6,5250,2100,2100,1,1
Hyderabad,Marredpally,General Ophthalmology,1,6300,2415,2415,1,1
Hyderabad,Marredpally,General Ophthalmology,6,3150,2100,2100,1,1
Hyderabad,Marredpally,Orthopaedics,1,23100,2100,2100,1,1
Hyderabad,Marredpally,Orthopaedics,6,17850,2100,2100,1,1
Hyderabad,Marredpally,Homeopathy,1,10000,2000,2000,1,1
Hyderabad,Marredpally,Homeopathy,6,9000,2000,2000,1,1
Hyderabad,Kukatpally,General Dermatology,1,51700,43010,43010,3,2
Hyderabad,Kukatpally,General Dermatology,6,30000,20528,20528,3,2
Hyderabad,Kukatpally,Neurologist,1,18700,24200,24200,6,3
Hyderabad,Kukatpally,Neurologist,6,9450,11550,11550,6,5
Hyderabad,Kukatpally,Sexologist,1,44000,2200,2200,1,1
Hyderabad,Kukatpally,Sexologist,6,34100,2200,2200,1,0
Hyderabad,Kukatpally,Physiotherapist,1,11550,11025,11025,4,3
Hyderabad,Kukatpally,Physiotherapist,6,9450,5513,5513,4,4
Hyderabad,Kukatpally,Hair Transplant,1,34100,2200,2200,1,0
Hyderabad,Kukatpally,Hair Transplant,6,25300,2200,2200,1,0
Hyderabad,Kukatpally,Dietitian,1,6300,2625,2625,1,1
Hyderabad,Kukatpally,Dietitian,6,5250,2100,2100,1,1
Hyderabad,Kukatpally,Endocrinologist,1,34100,26400,26400,1,0
Hyderabad,Kukatpally,Endocrinologist,6,24150,12600,12600,1,1
Hyderabad,Kukatpally,Gastroenterologist,1,24150,23625,23625,2,2
Hyderabad,Kukatpally,Gastroenterologist,6,12600,11813,11813,2,2
Hyderabad,Kukatpally,General Physician,1,5500,4950,4950,6,4
Hyderabad,Kukatpally,General Physician,6,3150,2363,2363,6,6
Hyderabad,Kukatpally,Urologist,1,20900,19800,19800,1,0
Hyderabad,Kukatpally,Urologist,6,9450,9450,9450,1,1
Hyderabad,Kukatpally,ENT,1,19950,18900,18900,3,1
Hyderabad,Kukatpally,ENT,6,14700,9450,9450,3,3
Hyderabad,Kukatpally,General Dentistry,1,39600,37950,37950,1,0
Hyderabad,Kukatpally,General Dentistry,6,30800,18975,18975,1,0
Hyderabad,Kukatpally,Oncologist,1,3000,2000,2000,1,0
Hyderabad,Kukatpally,Oncologist,6,3000,2000,2000,1,1
Hyderabad,Kukatpally,Cosmetic/Plastic Surgeon,1,32550,2100,2100,1,0
Hyderabad,Kukatpally,Cosmetic/Plastic Surgeon,6,24150,2100,2100,1,0
Hyderabad,Kukatpally,Pulmonologist,1,17850,23100,23100,2,2
Hyderabad,Kukatpally,Pulmonologist,6,14700,11550,11550,2,2
Hyderabad,Kukatpally,Cardiologist,1,28600,36080,36080,2,0
Hyderabad,Kukatpally,Cardiologist,6,21000,17220,17220,2,2
Hyderabad,Kukatpally,Nephrologist,1,3300,2200,2200,1,1
Hyderabad,Kukatpally,Nephrologist,6,3150,2100,2100,1,1
Hyderabad,Kukatpally,General Surgeon,1,20000,20000,20000,4,4
Hyderabad,Kukatpally,General Surgeon,6,20000,14963,14963,4,4
Hyderabad,Kukatpally,General Psychiatry,1,30800,29260,29260,2,0
Hyderabad,Kukatpally,General Psychiatry,6,23100,13965,13965,2,2
Hyderabad,Kukatpally,Speech Therapist,1,3000,2000,2000,1,1
Hyderabad,Kukatpally,Speech Therapist,6,3000,2000,2000,1,1
Hyderabad,Kukatpally,General Gynecology,1,49500,35255,35255,2,0
Hyderabad,Kukatpally,General Gynecology,6,30000,16826,16826,2,0
Hyderabad,Kukatpally,General Alt Medicine,1,13200,2200,2200,1,0
Hyderabad,Kukatpally,General Alt Medicine,6,9900,2200,2200,1,1
Hyderabad,Kukatpally,General Pediatrics,1,24200,5830,5830,1,1
Hyderabad,Kukatpally,General Pediatrics,6,17850,2783,2783,1,1
Hyderabad,Kukatpally,General Ophthalmology,1,11550,11025,11025,3,2
Hyderabad,Kukatpally,General Ophthalmology,6,6300,5513,5513,3,3
Hyderabad,Kukatpally,Orthopaedics,1,29400,28350,28350,5,5
Hyderabad,Kukatpally,Orthopaedics,6,23100,14175,14175,5,5
Hyderabad,Kukatpally,Homeopathy,1,5250,4725,4725,1,1
Hyderabad,Kukatpally,Homeopathy,6,5250,2363,2363,1,1
Hyderabad,Hitech city,General Dermatology,1,28600,37400,37400,3,0
Hyderabad,Hitech city,General Dermatology,6,22000,18700,18700,4,0
Hyderabad,Hitech city,Neurologist,1,17600,11000,11000,1,0
Hyderabad,Hitech city,Neurologist,6,8800,5500,5500,1,0
Hyderabad,Hitech city,Sexologist,1,15400,2200,2200,1,0
Hyderabad,Hitech city,Sexologist,6,12100,2200,2200,1,0
Hyderabad,Hitech city,Physiotherapist,1,13200,7810,7810,1,0
Hyderabad,Hitech city,Physiotherapist,6,6600,3905,3905,1,1
Hyderabad,Hitech city,Hair Transplant,1,42900,2200,2200,1,0
Hyderabad,Hitech city,Hair Transplant,6,31900,2200,2200,1,0
Hyderabad,Hitech city,Dietitian,1,3150,2100,2100,1,0
Hyderabad,Hitech city,Dietitian,6,3000,2000,2000,1,1
Hyderabad,Hitech city,Endocrinologist,1,17600,12100,12100,1,0
Hyderabad,Hitech city,Endocrinologist,6,12600,5775,5775,1,1
Hyderabad,Hitech city,Gastroenterologist,1,19950,18900,18900,5,4
Hyderabad,Hitech city,Gastroenterologist,6,14700,9450,9450,5,5
Hyderabad,Hitech city,General Physician,1,19950,18900,18900,1,0
Hyderabad,Hitech city,General Physician,6,15400,9900,9900,1,1
Hyderabad,Hitech city,Urologist,1,14700,14175,14175,5,4
Hyderabad,Hitech city,Urologist,6,8400,7088,7088,5,5
Hyderabad,Hitech city,ENT,1,17850,15750,15750,6,6
Hyderabad,Hitech city,ENT,6,9450,7875,7875,6,6
Hyderabad,Hitech city,General Dentistry,1,52800,36850,36850,2,0
Hyderabad,Hitech city,General Dentistry,6,40700,18425,18425,2,0
Hyderabad,Hitech city,Cosmetic/Plastic Surgeon,1,8400,7875,7875,1,0
Hyderabad,Hitech city,Cosmetic/Plastic Surgeon,6,6300,3938,3938,1,0
Hyderabad,Hitech city,Pulmonologist,1,12600,3465,3465,1,0
Hyderabad,Hitech city,Pulmonologist,6,9450,2100,2100,1,1
Hyderabad,Hitech city,Cardiologist,1,15400,19800,19800,2,2
Hyderabad,Hitech city,Cardiologist,6,11550,9450,9450,4,4
Hyderabad,Hitech city,Nephrologist,1,5000,4500,4500,2,0
Hyderabad,Hitech city,Nephrologist,6,3000,2250,2250,2,2
Hyderabad,Hitech city,General Surgeon,1,5250,4725,4725,6,5
Hyderabad,Hitech city,General Surgeon,6,3150,2363,2363,6,6
Hyderabad,Hitech city,General Psychiatry,1,27500,21890,21890,1,0
Hyderabad,Hitech city,General Psychiatry,6,19950,10448,10448,1,0
Hyderabad,Hitech city,General Gynecology,1,37400,40334,40334,3,0
Hyderabad,Hitech city,General Gynecology,6,18700,20166,20166,3,1
Hyderabad,Hitech city,General Alt Medicine,1,6300,2100,2100,1,0
Hyderabad,Hitech city,General Alt Medicine,6,5250,2100,2100,1,0
Hyderabad,Hitech city,General Pediatrics,1,30000,9240,9240,1,1
Hyderabad,Hitech city,General Pediatrics,6,30000,4620,4620,1,1
Hyderabad,Hitech city,General Ophthalmology,1,11550,6405,6405,1,1
Hyderabad,Hitech city,General Ophthalmology,6,6300,3203,3203,1,1
Hyderabad,Hitech city,Orthopaedics,1,30000,30000,30000,3,1
Hyderabad,Hitech city,Orthopaedics,6,26250,22050,22050,3,3
Hyderabad,Hitech city,Homeopathy,1,6300,2100,2100,1,1
Hyderabad,Hitech city,Homeopathy,6,5000,2000,2000,1,1
Hyderabad,Himayat nagar,General Dermatology,1,13200,7700,7700,1,1
Hyderabad,Himayat nagar,General Dermatology,6,9450,3675,3675,1,1
Hyderabad,Himayat nagar,Neurologist,1,5000,4500,4500,6,6
Hyderabad,Himayat nagar,Neurologist,6,3000,2250,2250,6,6
Hyderabad,Himayat nagar,Endocrinologist,1,5000,2000,2000,1,1
Hyderabad,Himayat nagar,Endocrinologist,6,3000,2000,2000,1,1
Hyderabad,Himayat nagar,General Physician,1,3150,2100,2100,1,1
Hyderabad,Himayat nagar,General Physician,6,3000,2000,2000,1,1
Hyderabad,Himayat nagar,ENT,1,3000,3000,3000,6,6
Hyderabad,Himayat nagar,ENT,6,3000,2000,2000,6,6
Hyderabad,Himayat nagar,General Dentistry,1,6300,2940,2940,1,1
Hyderabad,Himayat nagar,General Dentistry,6,5250,2100,2100,1,1
Hyderabad,Himayat nagar,General Psychiatry,1,3000,3000,3000,4,4
Hyderabad,Himayat nagar,General Psychiatry,6,3000,2000,2000,4,4
Hyderabad,Himayat nagar,General Gynecology,1,21000,7560,7560,1,0
Hyderabad,Himayat nagar,General Gynecology,6,10000,3600,3600,1,1
Hyderabad,Himayat nagar,Orthopaedics,1,8000,5000,5000,1,1
Hyderabad,Himayat nagar,Orthopaedics,6,5000,2500,2500,1,1
Hyderabad,Banjara hills,General Dermatology,1,52800,30250,30250,1,0
Hyderabad,Banjara hills,General Dermatology,6,30000,14438,14438,1,0
Hyderabad,Banjara hills,Neurologist,1,9900,2200,2200,1,0
Hyderabad,Banjara hills,Neurologist,6,5250,2100,2100,1,1
Hyderabad,Banjara hills,Sexologist,1,8800,2200,2200,1,0
Hyderabad,Banjara hills,Sexologist,6,6600,2200,2200,1,0
Hyderabad,Banjara hills,Physiotherapist,1,3150,4200,4200,2,2
Hyderabad,Banjara hills,Physiotherapist,6,3150,2100,2100,2,2
Hyderabad,Banjara hills,Endocrinologist,1,8400,2100,2100,1,1
Hyderabad,Banjara hills,Endocrinologist,6,6300,2100,2100,1,1
Hyderabad,Banjara hills,Gastroenterologist,1,10000,2000,2000,1,1
Hyderabad,Banjara hills,Gastroenterologist,6,6000,2000,2000,1,1
Hyderabad,Banjara hills,General Physician,1,6300,3255,3255,1,1
Hyderabad,Banjara hills,General Physician,6,3150,2100,2100,1,1
Hyderabad,Banjara hills,Urologist,1,6000,6000,6000,6,6
Hyderabad,Banjara hills,Urologist,6,3000,3000,3000,6,6
Hyderabad,Banjara hills,ENT,1,9000,9000,9000,2,2
Hyderabad,Banjara hills,ENT,6,8000,4500,4500,2,2
Hyderabad,Banjara hills,General Dentistry,1,12100,11550,11550,2,0
Hyderabad,Banjara hills,General Dentistry,6,9900,5775,5775,1,0
Hyderabad,Banjara hills,Cosmetic/Plastic Surgeon,1,17850,3885,3885,1,0
Hyderabad,Banjara hills,Cosmetic/Plastic Surgeon,6,10000,2000,2000,1,1
Hyderabad,Banjara hills,Pulmonologist,1,9000,2000,2000,1,1
Hyderabad,Banjara hills,Pulmonologist,6,8000,2000,2000,1,1
Hyderabad,Banjara hills,Cardiologist,1,10000,2000,2000,1,1
Hyderabad,Banjara hills,Cardiologist,6,8000,2000,2000,1,1
Hyderabad,Banjara hills,General Psychiatry,1,28600,37400,37400,2,0
Hyderabad,Banjara hills,General Psychiatry,6,20000,17850,17850,1,1
Hyderabad,Banjara hills,General Gynecology,1,46200,26914,26914,3,3
Hyderabad,Banjara hills,General Gynecology,6,20000,12845,12845,3,3
Hyderabad,Banjara hills,General Pediatrics,1,8000,3200,3200,1,1
Hyderabad,Banjara hills,General Pediatrics,6,5000,2000,2000,1,1
Hyderabad,Banjara hills,General Ophthalmology,1,5000,2000,2000,1,1
Hyderabad,Banjara hills,General Ophthalmology,6,3000,2000,2000,1,1
Hyderabad,Banjara hills,Orthopaedics,1,17850,11550,11550,1,1
Hyderabad,Banjara hills,Orthopaedics,6,9450,5775,5775,1,1
Hyderabad,Mehdipatnam,General Dermatology,1,15400,2200,2200,1,1
Hyderabad,Mehdipatnam,General Dermatology,6,11550,2100,2100,1,1
Hyderabad,Mehdipatnam,Neurologist,1,6000,2000,2000,1,0
Hyderabad,Mehdipatnam,Neurologist,6,3000,2000,2000,1,0
Hyderabad,Mehdipatnam,Sexologist,1,11550,2100,2100,1,0
Hyderabad,Mehdipatnam,Sexologist,6,9450,2100,2100,1,1
Hyderabad,Mehdipatnam,Endocrinologist,1,3000,3000,3000,2,2
Hyderabad,Mehdipatnam,Endocrinologist,6,3000,2000,2000,2,2
Hyderabad,Mehdipatnam,Gastroenterologist,1,6000,2000,2000,1,1
Hyderabad,Mehdipatnam,Gastroenterologist,6,3000,2000,2000,1,1
Hyderabad,Mehdipatnam,General Physician,1,6300,3360,3360,1,1
Hyderabad,Mehdipatnam,General Physician,6,3150,2100,2100,1,1
Hyderabad,Mehdipatnam,Urologist,1,5000,4500,4500,6,6
Hyderabad,Mehdipatnam,Urologist,6,3000,2250,2250,6,6
Hyderabad,Mehdipatnam,ENT,1,10000,2000,2000,1,1
Hyderabad,Mehdipatnam,ENT,6,8000,2000,2000,1,1
Hyderabad,Mehdipatnam,General Dentistry,1,8800,5610,5610,1,0
Hyderabad,Mehdipatnam,General Dentistry,6,6300,2678,2678,1,1
Hyderabad,Mehdipatnam,General Psychiatry,1,5250,2100,2100,1,1
Hyderabad,Mehdipatnam,General Psychiatry,6,3000,2000,2000,1,1
Hyderabad,Mehdipatnam,General Gynecology,1,30800,2200,2200,1,0
Hyderabad,Mehdipatnam,General Gynecology,6,24200,2200,2200,1,1
Hyderabad,Mehdipatnam,General Pediatrics,1,6000,2000,2000,1,1
Hyderabad,Mehdipatnam,General Pediatrics,6,3000,2000,2000,1,1
Hyderabad,Mehdipatnam,Orthopaedics,1,11550,7350,7350,1,1
Hyderabad,Mehdipatnam,Orthopaedics,6,6300,3675,3675,1,1
Hyderabad,Punjagutta,General Dermatology,1,14700,11025,11025,1,1
Hyderabad,Punjagutta,General Dermatology,6,11550,5513,5513,1,1
Hyderabad,Punjagutta,Neurologist,1,6000,6000,6000,3,3
Hyderabad,Punjagutta,Neurologist,6,3000,3000,3000,3,3
Hyderabad,Punjagutta,Sexologist,1,8400,2100,2100,1,0
Hyderabad,Punjagutta,Sexologist,6,6600,2200,2200,1,0
Hyderabad,Punjagutta,Physiotherapist,1,3000,3000,3000,2,2
Hyderabad,Punjagutta,Physiotherapist,6,3000,2000,2000,2,2
Hyderabad,Punjagutta,Endocrinologist,1,5000,4500,4500,2,2
Hyderabad,Punjagutta,Endocrinologist,6,3000,2250,2250,2,2
Hyderabad,Punjagutta,Gastroenterologist,1,6000,6000,6000,1,1
Hyderabad,Punjagutta,Gastroenterologist,6,3000,3000,3000,1,1
Hyderabad,Punjagutta,General Physician,1,5250,4725,4725,1,1
Hyderabad,Punjagutta,General Physician,6,3150,2363,2363,1,1
Hyderabad,Punjagutta,Urologist,1,5000,4500,4500,2,2
Hyderabad,Punjagutta,Urologist,6,3000,2250,2250,2,2
Hyderabad,Punjagutta,ENT,1,10000,10000,10000,1,1
Hyderabad,Punjagutta,ENT,6,9000,6000,6000,1,1
Hyderabad,Punjagutta,General Dentistry,1,6300,3570,3570,1,1
Hyderabad,Punjagutta,General Dentistry,6,5250,2100,2100,1,1
Hyderabad,Punjagutta,Cardiologist,1,6300,2835,2835,1,0
Hyderabad,Punjagutta,Cardiologist,6,3000,2000,2000,1,1
Hyderabad,Punjagutta,General Psychiatry,1,5000,4500,4500,4,4
Hyderabad,Punjagutta,General Psychiatry,6,3000,2250,2250,4,4
Hyderabad,Punjagutta,General Gynecology,1,22000,21010,21010,1,0
Hyderabad,Punjagutta,General Gynecology,6,17600,10505,10505,1,0
Hyderabad,Punjagutta,Orthopaedics,1,10000,10000,10000,1,1
Hyderabad,Punjagutta,Orthopaedics,6,6000,6300,6300,1,1
Hyderabad,Langer house,General Dermatology,1,8800,2200,2200,1,1
Hyderabad,Langer house,General Dermatology,6,6600,2200,2200,1,1
Hyderabad,Langer house,Neurologist,1,3000,2000,2000,1,1
Hyderabad,Langer house,Neurologist,6,3000,2000,2000,1,1
Hyderabad,Langer house,Hair Transplant,1,6300,2100,2100,1,1
Hyderabad,Langer house,Hair Transplant,6,5250,2100,2100,1,0
Hyderabad,Langer house,Endocrinologist,1,3000,2000,2000,1,1
Hyderabad,Langer house,Endocrinologist,6,3000,2000,2000,1,1
Hyderabad,Langer house,Gastroenterologist,1,3000,2000,2000,1,1
Hyderabad,Langer house,Gastroenterologist,6,3000,2000,2000,1,1
Hyderabad,Langer house,General Physician,1,5250,2100,2100,1,0
Hyderabad,Langer house,General Physician,6,3150,2100,2100,1,1
Hyderabad,Langer house,ENT,1,12100,6380,6380,1,0
Hyderabad,Langer house,ENT,6,9450,3045,3045,1,1
Hyderabad,Langer house,General Dentistry,1,11550,2100,2100,1,0
Hyderabad,Langer house,General Dentistry,6,9450,2100,2100,1,0
Hyderabad,Langer house,General Gynecology,1,9900,2200,2200,1,0
Hyderabad,Langer house,General Gynecology,6,5500,2200,2200,1,1
Hyderabad,Langer house,General Pediatrics,1,6000,2000,2000,1,1
Hyderabad,Langer house,General Pediatrics,6,3000,2000,2000,1,1
Hyderabad,Langer house,Orthopaedics,1,8000,10000,10000,3,3
Hyderabad,Langer house,Orthopaedics,6,5000,5000,5000,3,3
Hyderabad,Habsiguda,General Dermatology,1,21000,9555,9555,1,0
Hyderabad,Habsiguda,General Dermatology,6,11550,4778,4778,1,1
Hyderabad,Habsiguda,Neurologist,1,9900,6600,6600,1,0
Hyderabad,Habsiguda,Neurologist,6,5250,3150,3150,1,0
Hyderabad,Habsiguda,Sexologist,1,3150,2100,2100,1,0
Hyderabad,Habsiguda,Sexologist,6,3150,2100,2100,1,0
Hyderabad,Habsiguda,Physiotherapist,1,3000,2000,2000,1,0
Hyderabad,Habsiguda,Physiotherapist,6,3000,2000,2000,1,1
Hyderabad,Habsiguda,Dietitian,1,6000,2000,2000,1,1
Hyderabad,Habsiguda,Dietitian,6,3000,2000,2000,1,1
Hyderabad,Habsiguda,Endocrinologist,1,8400,2100,2100,1,1
Hyderabad,Habsiguda,Endocrinologist,6,5250,2100,2100,1,1
Hyderabad,Habsiguda,Gastroenterologist,1,8400,2100,2100,1,0
Hyderabad,Habsiguda,Gastroenterologist,6,5250,2100,2100,1,1
Hyderabad,Habsiguda,General Physician,1,5250,6300,6300,1,0
Hyderabad,Habsiguda,General Physician,6,3150,3150,3150,1,1
Hyderabad,Habsiguda,Urologist,1,18700,2200,2200,1,0
Hyderabad,Habsiguda,Urologist,6,9900,2200,2200,1,0
Hyderabad,Habsiguda,ENT,1,17850,6510,6510,1,1
Hyderabad,Habsiguda,ENT,6,9450,3255,3255,1,1
Hyderabad,Habsiguda,General Dentistry,1,17600,7920,7920,1,1
Hyderabad,Habsiguda,General Dentistry,6,13200,3960,3960,1,1
Hyderabad,Habsiguda,Pulmonologist,1,11550,7350,7350,1,0
Hyderabad,Habsiguda,Pulmonologist,6,6300,3675,3675,1,1
Hyderabad,Habsiguda,Cardiologist,1,8400,5250,5250,1,0
Hyderabad,Habsiguda,Cardiologist,6,5250,2625,2625,1,1
Hyderabad,Habsiguda,Nephrologist,1,5000,2000,2000,1,0
Hyderabad,Habsiguda,Nephrologist,6,3000,2000,2000,1,1
Hyderabad,Habsiguda,General Surgeon,1,5000,6000,6000,1,0
Hyderabad,Habsiguda,General Surgeon,6,3000,3000,3000,1,1
Hyderabad,Habsiguda,General Psychiatry,1,5250,4725,4725,4,4
Hyderabad,Habsiguda,General Psychiatry,6,3150,2363,2363,4,4
Hyderabad,Habsiguda,Allergist/Immunologist,1,3000,2000,2000,1,1
Hyderabad,Habsiguda,Allergist/Immunologist,6,3000,2000,2000,1,1
Hyderabad,Habsiguda,General Gynecology,1,34100,3740,3740,1,0
Hyderabad,Habsiguda,General Gynecology,6,16800,2100,2100,1,1
Hyderabad,Habsiguda,General Alt Medicine,1,3150,2100,2100,1,0
Hyderabad,Habsiguda,General Alt Medicine,6,3000,2000,2000,1,1
Hyderabad,Habsiguda,General Pediatrics,1,8400,2100,2100,1,1
Hyderabad,Habsiguda,General Pediatrics,6,5250,2100,2100,1,1
Hyderabad,Habsiguda,General Ophthalmology,1,6000,2000,2000,1,1
Hyderabad,Habsiguda,General Ophthalmology,6,5000,2000,2000,1,1
Hyderabad,Habsiguda,Orthopaedics,1,27300,17850,17850,1,0
Hyderabad,Habsiguda,Orthopaedics,6,14700,8925,8925,1,1
Hyderabad,Trimulgherry,General Dermatology,1,14700,11025,11025,1,1
Hyderabad,Trimulgherry,General Dermatology,6,11550,5513,5513,1,1
Hyderabad,Trimulgherry,Neurologist,1,6300,6300,6300,2,1
Hyderabad,Trimulgherry,Neurologist,6,3150,3150,3150,2,2
Hyderabad,Trimulgherry,Endocrinologist,1,5000,2000,2000,1,1
Hyderabad,Trimulgherry,Endocrinologist,6,5000,2000,2000,1,1
Hyderabad,Trimulgherry,Gastroenterologist,1,8000,2000,2000,1,1
Hyderabad,Trimulgherry,Gastroenterologist,6,5000,2000,2000,1,1
Hyderabad,Trimulgherry,General Physician,1,5500,2860,2860,1,1
Hyderabad,Trimulgherry,General Physician,6,3150,2100,2100,1,1
Hyderabad,Trimulgherry,Urologist,1,3150,2100,2100,1,0
Hyderabad,Trimulgherry,Urologist,6,3000,2000,2000,1,1
Hyderabad,Trimulgherry,ENT,1,10000,2000,2000,1,1
Hyderabad,Trimulgherry,ENT,6,6000,2000,2000,1,1
Hyderabad,Trimulgherry,General Dentistry,1,11550,4095,4095,1,0
Hyderabad,Trimulgherry,General Dentistry,6,9450,2100,2100,1,0
Hyderabad,Trimulgherry,Pulmonologist,1,6000,2000,2000,1,1
Hyderabad,Trimulgherry,Pulmonologist,6,3000,2000,2000,1,1
Hyderabad,Trimulgherry,Cardiologist,1,6000,6000,6000,2,2
Hyderabad,Trimulgherry,Cardiologist,6,3000,3000,3000,2,2
Hyderabad,Trimulgherry,General Surgeon,1,5000,2000,2000,1,1
Hyderabad,Trimulgherry,General Surgeon,6,0,2000,2000,1,1
Hyderabad,Trimulgherry,General Psychiatry,1,3150,2100,2100,1,1
Hyderabad,Trimulgherry,General Psychiatry,6,3000,2000,2000,1,1
Hyderabad,Trimulgherry,General Gynecology,1,13200,7700,7700,1,1
Hyderabad,Trimulgherry,General Gynecology,6,6600,3850,3850,1,1
Hyderabad,Trimulgherry,General Ophthalmology,1,5000,2000,2000,1,1
Hyderabad,Trimulgherry,General Ophthalmology,6,0,2000,2000,1,1
Hyderabad,Trimulgherry,Orthopaedics,1,11550,4515,4515,1,1
Hyderabad,Trimulgherry,Orthopaedics,6,6300,2258,2258,1,1
Hyderabad,Nallakunta,General Dermatology,1,3300,2200,2200,1,1
Hyderabad,Nallakunta,General Dermatology,6,3150,2100,2100,1,1
Hyderabad,Nallakunta,Neurologist,1,8000,2000,2000,1,1
Hyderabad,Nallakunta,Neurologist,6,5000,2000,2000,1,1
Hyderabad,Nallakunta,Gastroenterologist,1,5000,2000,2000,1,1
Hyderabad,Nallakunta,Gastroenterologist,6,3000,2000,2000,1,1
Hyderabad,Nallakunta,General Physician,1,3150,2100,2100,1,1
Hyderabad,Nallakunta,General Physician,6,3000,2000,2000,1,1
Hyderabad,Nallakunta,General Dentistry,1,11550,2100,2100,1,0
Hyderabad,Nallakunta,General Dentistry,6,9450,2100,2100,1,0
Hyderabad,Nallakunta,General Gynecology,1,5250,2100,2100,1,1
Hyderabad,Nallakunta,General Gynecology,6,3000,2000,2000,1,1
Hyderabad,Nallakunta,Orthopaedics,1,9000,2000,2000,1,1
Hyderabad,Nallakunta,Orthopaedics,6,5000,2000,2000,1,1
Hyderabad,Lb nagar,General Dermatology,1,15400,2200,2200,1,0
Hyderabad,Lb nagar,General Dermatology,6,12100,2200,2200,1,0
Hyderabad,Lb nagar,Neurologist,1,15400,2200,2200,1,0
Hyderabad,Lb nagar,Neurologist,6,12100,2200,2200,1,0
Hyderabad,Lb nagar,Sexologist,1,8400,2100,2100,1,0
Hyderabad,Lb nagar,Sexologist,6,6300,2100,2100,1,0
Hyderabad,Lb nagar,Physiotherapist,1,3150,2100,2100,1,0
Hyderabad,Lb nagar,Physiotherapist,6,3000,2000,2000,1,1
Hyderabad,Lb nagar,Endocrinologist,1,9450,2100,2100,1,0
Hyderabad,Lb nagar,Endocrinologist,6,5250,2100,2100,1,1
Hyderabad,Lb nagar,Gastroenterologist,1,12100,2200,2200,1,0
Hyderabad,Lb nagar,Gastroenterologist,6,6300,2100,2100,1,1
Hyderabad,Lb nagar,General Physician,1,5500,2200,2200,1,0
Hyderabad,Lb nagar,General Physician,6,3150,2100,2100,1,1
Hyderabad,Lb nagar,Urologist,1,9450,2100,2100,1,0
Hyderabad,Lb nagar,Urologist,6,5000,2000,2000,1,0
Hyderabad,Lb nagar,ENT,1,16800,2100,2100,1,1
Hyderabad,Lb nagar,ENT,6,8400,2100,2100,1,1
Hyderabad,Lb nagar,General Dentistry,1,12600,3885,3885,1,0
Hyderabad,Lb nagar,General Dentistry,6,9450,2100,2100,1,0
Hyderabad,Lb nagar,Pulmonologist,1,8400,2100,2100,1,0
Hyderabad,Lb nagar,Pulmonologist,6,5250,2100,2100,1,0
Hyderabad,Lb nagar,Cardiologist,1,6300,2100,2100,1,0
Hyderabad,Lb nagar,Cardiologist,6,3150,2100,2100,1,0
Hyderabad,Lb nagar,General Psychiatry,1,6300,6300,6300,2,2
Hyderabad,Lb nagar,General Psychiatry,6,5500,3300,3300,2,1
Hyderabad,Lb nagar,General Gynecology,1,47300,5940,5940,1,0
Hyderabad,Lb nagar,General Gynecology,6,24200,2970,2970,1,0
Hyderabad,Lb nagar,General Pediatrics,1,6300,2100,2100,1,0
Hyderabad,Lb nagar,General Pediatrics,6,3000,2000,2000,1,1
Hyderabad,Lb nagar,General Ophthalmology,1,3150,2100,2100,1,0
Hyderabad,Lb nagar,General Ophthalmology,6,3000,2000,2000,1,1
Hyderabad,Lb nagar,Orthopaedics,1,14700,9450,9450,1,0
Hyderabad,Lb nagar,Orthopaedics,6,8400,4725,4725,1,1
Hyderabad,Lb nagar,Homeopathy,1,8400,2100,2100,1,1
Hyderabad,Lb nagar,Homeopathy,6,6000,2000,2000,1,1
Hyderabad,Sanath nagar,General Dermatology,1,19950,18900,18900,1,1
Hyderabad,Sanath nagar,General Dermatology,6,14700,9450,9450,1,1
Hyderabad,Sanath nagar,Neurologist,1,3150,3150,3150,1,1
Hyderabad,Sanath nagar,Neurologist,6,3000,2000,2000,1,1
Hyderabad,Sanath nagar,Endocrinologist,1,5000,2000,2000,1,1
Hyderabad,Sanath nagar,Endocrinologist,6,5000,2000,2000,1,1
Hyderabad,Sanath nagar,Gastroenterologist,1,5000,2000,2000,1,1
Hyderabad,Sanath nagar,Gastroenterologist,6,3000,2000,2000,1,1
Hyderabad,Sanath nagar,General Physician,1,5250,3570,3570,1,1
Hyderabad,Sanath nagar,General Physician,6,3150,2100,2100,1,1
Hyderabad,Sanath nagar,Urologist,1,5250,2100,2100,1,1
Hyderabad,Sanath nagar,Urologist,6,3000,2000,2000,1,1
Hyderabad,Sanath nagar,ENT,1,8000,2000,2000,1,1
Hyderabad,Sanath nagar,ENT,6,5000,2000,2000,1,1
Hyderabad,Sanath nagar,General Dentistry,1,12600,4410,4410,1,0
Hyderabad,Sanath nagar,General Dentistry,6,9000,2100,2100,1,0
Hyderabad,Sanath nagar,General Psychiatry,1,3000,3000,3000,2,2
Hyderabad,Sanath nagar,General Psychiatry,6,3000,2000,2000,2,2
Hyderabad,Sanath nagar,General Gynecology,1,22000,2860,2860,1,1
Hyderabad,Sanath nagar,General Gynecology,6,16800,2100,2100,1,1
Hyderabad,Sanath nagar,General Alt Medicine,1,5000,3200,3200,1,1
Hyderabad,Sanath nagar,General Alt Medicine,6,3000,2000,2000,1,1
Hyderabad,Sanath nagar,General Pediatrics,1,3000,2000,2000,1,1
Hyderabad,Sanath nagar,General Pediatrics,6,3000,2000,2000,1,1
Hyderabad,Sanath nagar,Orthopaedics,1,11550,7350,7350,1,1
Hyderabad,Sanath nagar,Orthopaedics,6,6300,3675,3675,1,1
Hyderabad,Bolarum,General Dermatology,1,22000,11220,11220,1,0
Hyderabad,Bolarum,General Dermatology,6,16800,5355,5355,1,0
Hyderabad,Bolarum,Neurologist,1,9900,2200,2200,1,0
Hyderabad,Bolarum,Neurologist,6,5250,2100,2100,1,1
Hyderabad,Bolarum,Endocrinologist,1,5250,2100,2100,1,1
Hyderabad,Bolarum,Endocrinologist,6,3150,2100,2100,1,1
Hyderabad,Bolarum,Gastroenterologist,1,5250,2100,2100,1,1
Hyderabad,Bolarum,Gastroenterologist,6,3150,2100,2100,1,1
Hyderabad,Bolarum,General Physician,1,5500,2200,2200,1,0
Hyderabad,Bolarum,General Physician,6,3150,2100,2100,1,1
Hyderabad,Bolarum,Urologist,1,3300,2200,2200,1,0
Hyderabad,Bolarum,Urologist,6,3150,2100,2100,1,1
Hyderabad,Bolarum,ENT,1,13200,2200,2200,1,0
Hyderabad,Bolarum,ENT,6,6300,2100,2100,1,1
Hyderabad,Bolarum,General Dentistry,1,6600,2200,2200,1,0
Hyderabad,Bolarum,General Dentistry,6,5250,2100,2100,1,1
Hyderabad,Bolarum,Pulmonologist,1,3300,2200,2200,1,0
Hyderabad,Bolarum,Pulmonologist,6,3150,2100,2100,1,1
Hyderabad,Bolarum,Cardiologist,1,3150,2100,2100,1,0
Hyderabad,Bolarum,Cardiologist,6,3000,2000,2000,1,1
Hyderabad,Bolarum,General Psychiatry,1,5250,4725,4725,3,2
Hyderabad,Bolarum,General Psychiatry,6,3150,2363,2363,3,3
Hyderabad,Bolarum,General Gynecology,1,30000,2205,2205,1,0
Hyderabad,Bolarum,General Gynecology,6,17600,2200,2200,1,0
Hyderabad,Bolarum,General Ophthalmology,1,6000,2000,2000,1,1
Hyderabad,Bolarum,General Ophthalmology,6,3000,2000,2000,1,1
Hyderabad,Bolarum,Orthopaedics,1,13200,2200,2200,1,0
Hyderabad,Bolarum,Orthopaedics,6,6300,2100,2100,1,1
Hyderabad,Afzal gunj,General Dermatology,1,9900,2200,2200,1,1
Hyderabad,Afzal gunj,General Dermatology,6,8400,2100,2100,1,1
Hyderabad,Afzal gunj,Neurologist,1,5250,2100,2100,1,1
Hyderabad,Afzal gunj,Neurologist,6,5000,2000,2000,1,1
Hyderabad,Afzal gunj,Gastroenterologist,1,6000,2000,2000,1,1
Hyderabad,Afzal gunj,Gastroenterologist,6,5000,2000,2000,1,1
Hyderabad,Afzal gunj,General Physician,1,3150,2100,2100,1,1
Hyderabad,Afzal gunj,General Physician,6,3150,2100,2100,1,1
Hyderabad,Afzal gunj,ENT,1,9450,2100,2100,1,1
Hyderabad,Afzal gunj,ENT,6,8400,2100,2100,1,1
Hyderabad,Afzal gunj,General Dentistry,1,6300,2100,2100,1,1
Hyderabad,Afzal gunj,General Dentistry,6,3150,2100,2100,1,1
Hyderabad,Afzal gunj,General Psychiatry,1,3000,3000,3000,4,4
Hyderabad,Afzal gunj,General Psychiatry,6,3000,2000,2000,4,4
Hyderabad,Afzal gunj,General Gynecology,1,18700,2200,2200,1,0
Hyderabad,Afzal gunj,General Gynecology,6,9450,2100,2100,1,1
Hyderabad,Afzal gunj,General Pediatrics,1,8000,2000,2000,1,1
Hyderabad,Afzal gunj,General Pediatrics,6,5000,2000,2000,1,1
Hyderabad,Afzal gunj,Orthopaedics,1,12600,8400,8400,1,1
Hyderabad,Afzal gunj,Orthopaedics,6,6300,4200,4200,1,1
Indore,Indore-Cityinventory,General Dermatology,1,11990,7521,7521,2,0
Indore,Indore-Cityinventory,General Dermatology,6,9810,3761,3761,1,0
Indore,Indore-Cityinventory,Neurologist,1,3135,3135,3135,6,6
Indore,Indore-Cityinventory,Neurologist,6,3135,2090,2090,6,6
Indore,Indore-Cityinventory,Sexologist,1,5450,2180,2180,4,3
Indore,Indore-Cityinventory,Sexologist,6,5225,2090,2090,1,1
Indore,Indore-Cityinventory,Physiotherapist,1,3270,3270,3270,3,1
Indore,Indore-Cityinventory,Physiotherapist,6,3135,2090,2090,3,3
Indore,Indore-Cityinventory,Hair Transplant,1,18530,2180,2180,1,0
Indore,Indore-Cityinventory,Hair Transplant,6,9405,2090,2090,1,1
Indore,Indore-Cityinventory,Dietitian,1,3270,2180,2180,1,0
Indore,Indore-Cityinventory,Dietitian,6,3135,2090,2090,1,0
Indore,Indore-Cityinventory,Endocrinologist,1,11990,2180,2180,4,1
Indore,Indore-Cityinventory,Endocrinologist,6,9810,2180,2180,1,0
Indore,Indore-Cityinventory,Gastroenterologist,1,22990,2090,2090,1,1
Indore,Indore-Cityinventory,Gastroenterologist,6,11495,2090,2090,1,1
Indore,Indore-Cityinventory,General Physician,1,3135,3135,3135,1,1
Indore,Indore-Cityinventory,General Physician,6,3135,2090,2090,1,1
Indore,Indore-Cityinventory,Urologist,1,6270,2090,2090,1,1
Indore,Indore-Cityinventory,Urologist,6,3135,2090,2090,1,1
Indore,Indore-Cityinventory,ENT,1,8720,8175,8175,2,1
Indore,Indore-Cityinventory,ENT,6,5225,3919,3919,2,2
Indore,Indore-Cityinventory,General Dentistry,1,13080,13080,13080,4,1
Indore,Indore-Cityinventory,General Dentistry,6,9810,6540,6540,2,1
Indore,Indore-Cityinventory,Oncologist,1,5225,2090,2090,1,1
Indore,Indore-Cityinventory,Oncologist,6,3135,2090,2090,1,1
Indore,Indore-Cityinventory,Cosmetic/Plastic Surgeon,1,22990,2090,2090,1,1
Indore,Indore-Cityinventory,Cosmetic/Plastic Surgeon,6,11495,2090,2090,1,1
Indore,Indore-Cityinventory,Pulmonologist,1,8720,2180,2180,1,1
Indore,Indore-Cityinventory,Pulmonologist,6,5225,2090,2090,1,1
Indore,Indore-Cityinventory,Cardiologist,1,11495,10973,10973,3,2
Indore,Indore-Cityinventory,Cardiologist,6,9405,5486,5486,3,3
Indore,Indore-Cityinventory,Nephrologist,1,5225,3867,3867,4,4
Indore,Indore-Cityinventory,Nephrologist,6,3135,2090,2090,1,1
Indore,Indore-Cityinventory,General Surgeon,1,8360,7838,7838,4,3
Indore,Indore-Cityinventory,General Surgeon,6,5225,3919,3919,4,4
Indore,Indore-Cityinventory,Veterinarian,1,3000,2000,2000,1,1
Indore,Indore-Cityinventory,Veterinarian,6,3000,2000,2000,1,1
Indore,Indore-Cityinventory,General Psychiatry,1,6540,6540,6540,4,2
Indore,Indore-Cityinventory,General Psychiatry,6,5225,3135,3135,5,5
Indore,Indore-Cityinventory,Speech Therapist,1,3000,2000,2000,1,1
Indore,Indore-Cityinventory,Speech Therapist,6,3000,2000,2000,1,1
Indore,Indore-Cityinventory,General Gynecology,1,17440,16350,16350,3,2
Indore,Indore-Cityinventory,General Gynecology,6,12540,7838,7838,3,3
Indore,Indore-Cityinventory,General Alt Medicine,1,3135,2090,2090,1,1
Indore,Indore-Cityinventory,General Alt Medicine,6,3135,2090,2090,1,1
Indore,Indore-Cityinventory,General Pediatrics,1,5225,2195,2195,1,1
Indore,Indore-Cityinventory,General Pediatrics,6,3135,2090,2090,1,1
Indore,Indore-Cityinventory,General Ophthalmology,1,15260,2834,2834,1,1
Indore,Indore-Cityinventory,General Ophthalmology,6,11495,2090,2090,1,1
Indore,Indore-Cityinventory,Orthopaedics,1,5225,4703,4703,5,5
Indore,Indore-Cityinventory,Orthopaedics,6,5225,2351,2351,5,5
Indore,Indore-Cityinventory,Homeopathy,1,3135,2090,2090,1,1
Indore,Indore-Cityinventory,Homeopathy,6,3135,2090,2090,1,1
Indore,Palasia,General Dermatology,1,3000,2000,2000,1,1
Indore,Palasia,General Dermatology,6,3000,2000,2000,1,1
Indore,Palasia,General Physician,1,3000,2000,2000,1,1
Indore,Palasia,General Physician,6,3000,2000,2000,1,1
Indore,Palasia,General Dentistry,1,6270,6270,6270,1,0
Indore,Palasia,General Dentistry,6,5000,3000,3000,1,1
Indore,Palasia,General Psychiatry,1,5000,4500,4500,1,1
Indore,Palasia,General Psychiatry,6,5000,2250,2250,1,1
Indore,Palasia,General Gynecology,1,12540,12540,12540,3,3
Indore,Palasia,General Gynecology,6,9405,6270,6270,3,3
Indore,Sapna Sangeeta,General Dermatology,1,3135,2090,2090,1,1
Indore,Sapna Sangeeta,General Dermatology,6,3135,2090,2090,1,1
Indore,Sapna Sangeeta,Gastroenterologist,1,5000,2000,2000,1,1
Indore,Sapna Sangeeta,Gastroenterologist,6,3000,2000,2000,1,1
Indore,Sapna Sangeeta,General Physician,1,3135,2090,2090,1,1
Indore,Sapna Sangeeta,General Physician,6,3135,2090,2090,1,1
Indore,Sapna Sangeeta,ENT,1,5225,4703,4703,3,2
Indore,Sapna Sangeeta,ENT,6,5225,2351,2351,3,3
Indore,Sapna Sangeeta,General Dentistry,1,6540,3161,3161,1,0
Indore,Sapna Sangeeta,General Dentistry,6,5225,2090,2090,1,1
Indore,Sapna Sangeeta,General Psychiatry,1,3000,3000,3000,4,4
Indore,Sapna Sangeeta,General Psychiatry,6,3000,2000,2000,4,4
Indore,Sapna Sangeeta,General Gynecology,1,11495,2090,2090,1,1
Indore,Sapna Sangeeta,General Gynecology,6,9405,2090,2090,1,1
Indore,Sapna Sangeeta,General Pediatrics,1,3000,2000,2000,1,1
Indore,Sapna Sangeeta,General Pediatrics,6,3000,2000,2000,1,1
Indore,Sapna Sangeeta,General Ophthalmology,1,8000,2000,2000,1,1
Indore,Sapna Sangeeta,General Ophthalmology,6,6000,2000,2000,1,1
Indore,Sapna Sangeeta,Orthopaedics,1,3000,3000,3000,2,2
Indore,Sapna Sangeeta,Orthopaedics,6,3000,2000,2000,2,2
Indore,Vijaynagar,General Dermatology,1,3135,3135,3135,2,2
Indore,Vijaynagar,General Dermatology,6,3135,2090,2090,2,2
Indore,Vijaynagar,Neurologist,1,3135,3135,3135,6,6
Indore,Vijaynagar,Neurologist,6,3135,2090,2090,6,6
Indore,Vijaynagar,General Physician,1,3135,2404,2404,1,1
Indore,Vijaynagar,General Physician,6,3135,2090,2090,1,1
Indore,Vijaynagar,ENT,1,5450,4905,4905,1,0
Indore,Vijaynagar,ENT,6,3135,2351,2351,1,1
Indore,Vijaynagar,General Dentistry,1,11990,11009,11009,1,0
Indore,Vijaynagar,General Dentistry,6,9405,5277,5277,1,1
Indore,Vijaynagar,General Psychiatry,1,3000,3000,3000,5,5
Indore,Vijaynagar,General Psychiatry,6,3000,2000,2000,5,5
Indore,Vijaynagar,General Gynecology,1,12540,12540,12540,1,1
Indore,Vijaynagar,General Gynecology,6,9405,6270,6270,1,1
Indore,Vijaynagar,General Pediatrics,1,3000,2000,2000,1,1
Indore,Vijaynagar,General Pediatrics,6,3000,2000,2000,1,1
Indore,Vijaynagar,General Ophthalmology,1,10000,2600,2600,1,1
Indore,Vijaynagar,General Ophthalmology,6,9000,2000,2000,1,1
Indore,Vijaynagar,Orthopaedics,1,9405,9405,9405,2,2
Indore,Vijaynagar,Orthopaedics,6,8360,4703,4703,2,2
Indore,Old Indore,General Dermatology,1,3000,2000,2000,1,1
Indore,Old Indore,General Dermatology,6,3000,2000,2000,1,1
Indore,Old Indore,General Physician,1,3000,2000,2000,1,1
Indore,Old Indore,General Physician,6,3000,2000,2000,1,1
Jabalpur,Jabalpur-Cityinventory,General Dermatology,1,0,2090,2090,1,1
Jabalpur,Jabalpur-Cityinventory,General Dermatology,6,3135,2090,2090,1,1
Jabalpur,Jabalpur-Cityinventory,Gastroenterologist,1,5225,2090,2090,1,1
Jabalpur,Jabalpur-Cityinventory,Gastroenterologist,6,3135,2090,2090,1,1
Jabalpur,Jabalpur-Cityinventory,General Physician,1,3135,2090,2090,1,1
Jabalpur,Jabalpur-Cityinventory,General Physician,6,3135,2090,2090,1,1
Jabalpur,Jabalpur-Cityinventory,ENT,1,3135,2090,2090,1,1
Jabalpur,Jabalpur-Cityinventory,ENT,6,3135,2090,2090,1,1
Jabalpur,Jabalpur-Cityinventory,General Dentistry,1,3270,2180,2180,1,0
Jabalpur,Jabalpur-Cityinventory,General Dentistry,6,3135,2090,2090,1,0
Jabalpur,Jabalpur-Cityinventory,General Psychiatry,1,3135,2090,2090,1,1
Jabalpur,Jabalpur-Cityinventory,General Psychiatry,6,3135,2090,2090,1,1
Jabalpur,Jabalpur-Cityinventory,General Gynecology,1,11990,2180,2180,1,1
Jabalpur,Jabalpur-Cityinventory,General Gynecology,6,6270,2090,2090,1,1
Jabalpur,Jabalpur-Cityinventory,Orthopaedics,1,5225,2090,2090,1,1
Jabalpur,Jabalpur-Cityinventory,Orthopaedics,6,3135,2090,2090,1,1
Jaipur,Jaipur-Cityinventory,General Dermatology,1,19855,18810,18810,1,1
Jaipur,Jaipur-Cityinventory,General Dermatology,6,14630,9405,9405,1,1
Jaipur,Jaipur-Cityinventory,Neurologist,1,18530,17985,17985,1,0
Jaipur,Jaipur-Cityinventory,Neurologist,6,9405,8621,8621,1,0
Jaipur,Jaipur-Cityinventory,Sexologist,1,8720,2180,2180,4,0
Jaipur,Jaipur-Cityinventory,Sexologist,6,5225,2090,2090,1,1
Jaipur,Jaipur-Cityinventory,Physiotherapist,1,3270,2180,2180,1,1
Jaipur,Jaipur-Cityinventory,Physiotherapist,6,3135,2090,2090,1,1
Jaipur,Jaipur-Cityinventory,Hair Transplant,1,13080,2180,2180,1,0
Jaipur,Jaipur-Cityinventory,Hair Transplant,6,6540,2180,2180,1,1
Jaipur,Jaipur-Cityinventory,Dietitian,1,5225,2090,2090,4,4
Jaipur,Jaipur-Cityinventory,Dietitian,6,5225,2090,2090,1,1
Jaipur,Jaipur-Cityinventory,Endocrinologist,1,6270,2090,2090,1,1
Jaipur,Jaipur-Cityinventory,Endocrinologist,6,3135,2090,2090,1,1
Jaipur,Jaipur-Cityinventory,Gastroenterologist,1,23980,16241,16241,1,1
Jaipur,Jaipur-Cityinventory,Gastroenterologist,6,11495,7785,7785,1,1
Jaipur,Jaipur-Cityinventory,General Physician,1,6270,6270,6270,2,2
Jaipur,Jaipur-Cityinventory,General Physician,6,5225,3135,3135,2,2
Jaipur,Jaipur-Cityinventory,Urologist,1,6270,6270,6270,6,5
Jaipur,Jaipur-Cityinventory,Urologist,6,3135,3135,3135,6,6
Jaipur,Jaipur-Cityinventory,ENT,1,6540,5341,5341,1,0
Jaipur,Jaipur-Cityinventory,ENT,6,5225,2560,2560,1,1
Jaipur,Jaipur-Cityinventory,General Dentistry,1,27250,22454,22454,4,0
Jaipur,Jaipur-Cityinventory,General Dentistry,6,20710,11227,11227,1,1
Jaipur,Jaipur-Cityinventory,Oncologist,1,3135,3135,3135,4,4
Jaipur,Jaipur-Cityinventory,Oncologist,6,3135,2090,2090,4,4
Jaipur,Jaipur-Cityinventory,Cosmetic/Plastic Surgeon,1,11990,4469,4469,1,1
Jaipur,Jaipur-Cityinventory,Cosmetic/Plastic Surgeon,6,9405,2142,2142,1,1
Jaipur,Jaipur-Cityinventory,Pulmonologist,1,11495,2090,2090,1,1
Jaipur,Jaipur-Cityinventory,Pulmonologist,6,6270,2090,2090,1,1
Jaipur,Jaipur-Cityinventory,Cardiologist,1,8360,7838,7838,2,2
Jaipur,Jaipur-Cityinventory,Cardiologist,6,5225,3919,3919,2,1
Jaipur,Jaipur-Cityinventory,Nephrologist,1,5225,2090,2090,1,1
Jaipur,Jaipur-Cityinventory,Nephrologist,6,3135,2090,2090,1,1
Jaipur,Jaipur-Cityinventory,General Surgeon,1,8360,7838,7838,3,3
Jaipur,Jaipur-Cityinventory,General Surgeon,6,5225,3919,3919,3,3
Jaipur,Jaipur-Cityinventory,Veterinarian,1,3000,2000,2000,1,1
Jaipur,Jaipur-Cityinventory,Veterinarian,6,3000,2000,2000,1,1
Jaipur,Jaipur-Cityinventory,General Psychiatry,1,8720,8175,8175,4,3
Jaipur,Jaipur-Cityinventory,General Psychiatry,6,6270,3919,3919,6,6
Jaipur,Jaipur-Cityinventory,Speech Therapist,1,3135,2090,2090,1,1
Jaipur,Jaipur-Cityinventory,Speech Therapist,6,3135,2090,2090,1,1
Jaipur,Jaipur-Cityinventory,General Gynecology,1,18530,17985,17985,4,3
Jaipur,Jaipur-Cityinventory,General Gynecology,6,9405,8621,8621,4,4
Jaipur,Jaipur-Cityinventory,General Alt Medicine,1,3270,2180,2180,1,0
Jaipur,Jaipur-Cityinventory,General Alt Medicine,6,3270,2180,2180,1,1
Jaipur,Jaipur-Cityinventory,General Pediatrics,1,5450,2180,2180,1,1
Jaipur,Jaipur-Cityinventory,General Pediatrics,6,3135,2090,2090,1,1
Jaipur,Jaipur-Cityinventory,General Ophthalmology,1,11495,7838,7838,1,1
Jaipur,Jaipur-Cityinventory,General Ophthalmology,6,6270,3919,3919,1,1
Jaipur,Jaipur-Cityinventory,Orthopaedics,1,8720,8175,8175,4,3
Jaipur,Jaipur-Cityinventory,Orthopaedics,6,6270,3919,3919,4,4
Jaipur,Jaipur-Cityinventory,Homeopathy,1,3270,2725,2725,4,3
Jaipur,Jaipur-Cityinventory,Homeopathy,6,3135,2090,2090,1,1
Jaipur,C Scheme,General Dermatology,1,8360,2090,2090,1,0
Jaipur,C Scheme,General Dermatology,6,5000,2000,2000,1,1
Jaipur,C Scheme,Neurologist,1,8360,2090,2090,1,0
Jaipur,C Scheme,Neurologist,6,5225,2090,2090,1,1
Jaipur,C Scheme,Sexologist,1,5000,2000,2000,1,1
Jaipur,C Scheme,Sexologist,6,3000,2000,2000,1,1
Jaipur,C Scheme,Physiotherapist,1,3000,2000,2000,1,1
Jaipur,C Scheme,Physiotherapist,6,3000,2000,2000,1,1
Jaipur,C Scheme,Hair Transplant,1,10000,2000,2000,1,1
Jaipur,C Scheme,Hair Transplant,6,6000,2000,2000,1,1
Jaipur,C Scheme,Endocrinologist,1,5000,2000,2000,1,1
Jaipur,C Scheme,Endocrinologist,6,3000,2000,2000,1,1
Jaipur,C Scheme,Gastroenterologist,1,10000,2000,2000,1,1
Jaipur,C Scheme,Gastroenterologist,6,10000,2000,2000,1,1
Jaipur,C Scheme,General Physician,1,5450,4905,4905,1,0
Jaipur,C Scheme,General Physician,6,3135,2351,2351,1,1
Jaipur,C Scheme,Urologist,1,6000,2000,2000,1,1
Jaipur,C Scheme,Urologist,6,3000,2000,2000,1,1
Jaipur,C Scheme,ENT,1,5000,2000,2000,1,1
Jaipur,C Scheme,ENT,6,3000,2000,2000,1,1
Jaipur,C Scheme,General Dentistry,1,11495,2090,2090,1,0
Jaipur,C Scheme,General Dentistry,6,9405,2090,2090,1,0
Jaipur,C Scheme,Oncologist,1,3000,2000,2000,1,1
Jaipur,C Scheme,Oncologist,6,3000,2000,2000,1,1
Jaipur,C Scheme,Cosmetic/Plastic Surgeon,1,10000,2000,2000,1,1
Jaipur,C Scheme,Cosmetic/Plastic Surgeon,6,6000,2000,2000,1,1
Jaipur,C Scheme,Pulmonologist,1,5000,2000,2000,1,1
Jaipur,C Scheme,Pulmonologist,6,3000,2000,2000,1,1
Jaipur,C Scheme,Cardiologist,1,6000,2900,2900,1,1
Jaipur,C Scheme,Cardiologist,6,3000,2000,2000,1,1
Jaipur,C Scheme,Nephrologist,1,3000,2000,2000,1,1
Jaipur,C Scheme,Nephrologist,6,3000,2000,2000,1,1
Jaipur,C Scheme,General Surgeon,1,6000,6000,6000,3,3
Jaipur,C Scheme,General Surgeon,6,3000,3000,3000,3,3
Jaipur,C Scheme,General Psychiatry,1,9000,2000,2000,1,1
Jaipur,C Scheme,General Psychiatry,6,5000,2000,2000,1,1
Jaipur,C Scheme,Speech Therapist,1,3000,2000,2000,1,1
Jaipur,C Scheme,Speech Therapist,6,3000,2000,2000,1,1
Jaipur,C Scheme,Hematologist,1,3000,2000,2000,1,1
Jaipur,C Scheme,Hematologist,6,3000,2000,2000,1,1
Jaipur,C Scheme,General Gynecology,1,16720,2090,2090,1,1
Jaipur,C Scheme,General Gynecology,6,8360,2090,2090,1,1
Jaipur,C Scheme,General Alt Medicine,1,3135,2090,2090,1,1
Jaipur,C Scheme,General Alt Medicine,6,3000,2000,2000,1,1
Jaipur,C Scheme,General Pediatrics,1,3000,2000,2000,1,1
Jaipur,C Scheme,General Pediatrics,6,3000,2000,2000,1,1
Jaipur,C Scheme,General Ophthalmology,1,8000,2000,2000,1,1
Jaipur,C Scheme,General Ophthalmology,6,5000,2000,2000,1,1
Jaipur,C Scheme,Orthopaedics,1,5000,2000,2000,1,1
Jaipur,C Scheme,Orthopaedics,6,3000,2000,2000,1,1
Jaipur,C Scheme,Homeopathy,1,3000,2000,2000,1,1
Jaipur,C Scheme,Homeopathy,6,3000,2000,2000,1,1
Jaipur,Durgapura,General Dentistry,1,5225,2090,2090,1,1
Jaipur,Durgapura,General Dentistry,6,5225,2090,2090,1,0
Jaipur,Jhotwara,General Dentistry,1,6000,2000,2000,1,1
Jaipur,Jhotwara,General Dentistry,6,5000,2000,2000,1,1
Jaipur,Malviya Nagar,General Dermatology,1,9405,9405,9405,1,1
Jaipur,Malviya Nagar,General Dermatology,6,5225,14630,14630,1,1
Jaipur,Malviya Nagar,Neurologist,1,3135,3135,3135,6,6
Jaipur,Malviya Nagar,Neurologist,6,3135,2090,2090,6,6
Jaipur,Malviya Nagar,Physiotherapist,1,3000,3000,3000,1,1
Jaipur,Malviya Nagar,Physiotherapist,6,3000,3000,3000,1,1
Jaipur,Malviya Nagar,Gastroenterologist,1,3000,2000,2000,1,1
Jaipur,Malviya Nagar,Gastroenterologist,6,3000,4500,4500,1,1
Jaipur,Malviya Nagar,General Physician,1,5450,4905,4905,1,0
Jaipur,Malviya Nagar,General Physician,6,5225,3919,3919,1,1
Jaipur,Malviya Nagar,ENT,1,6270,6270,6270,1,1
Jaipur,Malviya Nagar,ENT,6,3135,10450,10450,1,1
Jaipur,Malviya Nagar,General Dentistry,1,6540,6540,6540,1,0
Jaipur,Malviya Nagar,General Dentistry,6,5450,3270,3270,1,0
Jaipur,Malviya Nagar,General Psychiatry,1,3000,3000,3000,2,2
Jaipur,Malviya Nagar,General Psychiatry,6,3000,10000,10000,2,2
Jaipur,Malviya Nagar,General Gynecology,1,11495,10973,10973,3,3
Jaipur,Malviya Nagar,General Gynecology,6,9405,9405,9405,3,3
Jaipur,Malviya Nagar,General Ophthalmology,1,6000,6000,6000,6,6
Jaipur,Malviya Nagar,General Ophthalmology,6,3000,3000,3000,6,6
Jaipur,Malviya Nagar,Orthopaedics,1,5225,4703,4703,6,6
Jaipur,Malviya Nagar,Orthopaedics,6,3135,2351,2351,6,6
Jaipur,Mansarovar,General Dermatology,1,3270,2180,2180,1,1
Jaipur,Mansarovar,General Dermatology,6,3135,2090,2090,1,1
Jaipur,Mansarovar,Sexologist,1,5000,2000,2000,1,1
Jaipur,Mansarovar,Sexologist,6,5000,2000,2000,1,1
Jaipur,Mansarovar,General Physician,1,3000,2000,2000,1,1
Jaipur,Mansarovar,General Physician,6,3000,2000,2000,1,1
Jaipur,Mansarovar,General Dentistry,1,5225,2090,2090,1,0
Jaipur,Mansarovar,General Dentistry,6,5000,2000,2000,1,1
Jaipur,Mansarovar,General Gynecology,1,5000,2000,2000,1,1
Jaipur,Mansarovar,General Gynecology,6,5000,2000,2000,1,1
Jaipur,Raja Park,General Dermatology,1,5225,2090,2090,1,1
Jaipur,Raja Park,General Dermatology,6,3135,2090,2090,1,1
Jaipur,Raja Park,Neurologist,1,3000,2000,2000,1,1
Jaipur,Raja Park,Neurologist,6,3000,2000,2000,1,1
Jaipur,Raja Park,Gastroenterologist,1,3000,2000,2000,1,1
Jaipur,Raja Park,Gastroenterologist,6,3000,2000,2000,1,1
Jaipur,Raja Park,General Physician,1,3135,2090,2090,1,1
Jaipur,Raja Park,General Physician,6,3135,2090,2090,1,1
Jaipur,Raja Park,ENT,1,3000,2000,2000,1,1
Jaipur,Raja Park,ENT,6,3000,2000,2000,1,1
Jaipur,Raja Park,General Dentistry,1,6270,2090,2090,1,0
Jaipur,Raja Park,General Dentistry,6,5000,2000,2000,1,1
Jaipur,Raja Park,General Psychiatry,1,3000,2000,2000,1,1
Jaipur,Raja Park,General Psychiatry,6,3000,2000,2000,1,1
Jaipur,Raja Park,General Gynecology,1,9405,7733,7733,1,1
Jaipur,Raja Park,General Gynecology,6,5225,3867,3867,1,1
Jaipur,Vaishali Nagar,General Dermatology,1,6270,6270,6270,3,3
Jaipur,Vaishali Nagar,General Dermatology,6,3135,3135,3135,3,3
Jaipur,Vaishali Nagar,Sexologist,1,6000,2000,2000,1,1
Jaipur,Vaishali Nagar,Sexologist,6,5000,2000,2000,1,1
Jaipur,Vaishali Nagar,Gastroenterologist,1,8360,6688,6688,1,1
Jaipur,Vaishali Nagar,Gastroenterologist,6,6270,3344,3344,1,1
Jaipur,Vaishali Nagar,General Physician,1,3135,2090,2090,1,1
Jaipur,Vaishali Nagar,General Physician,6,3135,2090,2090,1,1
Jaipur,Vaishali Nagar,ENT,1,3000,2000,2000,1,1
Jaipur,Vaishali Nagar,ENT,6,3000,2000,2000,1,1
Jaipur,Vaishali Nagar,General Dentistry,1,8720,8175,8175,1,0
Jaipur,Vaishali Nagar,General Dentistry,6,6270,3919,3919,1,0
Jaipur,Vaishali Nagar,General Psychiatry,1,3000,3000,3000,6,5
Jaipur,Vaishali Nagar,General Psychiatry,6,3000,2000,2000,6,6
Jaipur,Vaishali Nagar,General Gynecology,1,16720,14317,14317,1,1
Jaipur,Vaishali Nagar,General Gynecology,6,8360,7158,7158,1,1
Jaipur,Vaishali Nagar,General Ophthalmology,1,3000,2000,2000,1,1
Jaipur,Vaishali Nagar,General Ophthalmology,6,3000,2000,2000,1,1
Jaipur,Vaishali Nagar,Orthopaedics,1,8360,7838,7838,2,2
Jaipur,Vaishali Nagar,Orthopaedics,6,6270,3919,3919,2,2
Jaipur,Vidhyadhar Nagar,General Dermatology,1,7000,5000,5000,1,0
Jaipur,Vidhyadhar Nagar,General Dermatology,6,3135,2090,2090,1,1
Jaipur,Vidhyadhar Nagar,General Physician,1,3135,2404,2404,1,1
Jaipur,Vidhyadhar Nagar,General Physician,6,3135,2090,2090,1,1
Jaipur,Vidhyadhar Nagar,General Dentistry,1,6540,2180,2180,1,0
Jaipur,Vidhyadhar Nagar,General Dentistry,6,5450,2180,2180,1,0
Jaipur,Vidhyadhar Nagar,General Gynecology,1,8360,7838,7838,2,2
Jaipur,Vidhyadhar Nagar,General Gynecology,6,5225,3919,3919,2,2
Jalandhar,Jalandhar-Cityinventory,General Dermatology,1,3270,2180,2180,1,1
Jalandhar,Jalandhar-Cityinventory,General Dermatology,6,3270,2180,2180,1,1
Jalandhar,Jalandhar-Cityinventory,Sexologist,1,3270,2180,2180,1,1
Jalandhar,Jalandhar-Cityinventory,Sexologist,6,3135,2090,2090,1,1
Jalandhar,Jalandhar-Cityinventory,Dietitian,1,3000,2000,2000,1,1
Jalandhar,Jalandhar-Cityinventory,Dietitian,6,3000,2000,2000,1,1
Jalandhar,Jalandhar-Cityinventory,Endocrinologist,1,3135,2090,2090,1,1
Jalandhar,Jalandhar-Cityinventory,Endocrinologist,6,3135,2090,2090,1,1
Jalandhar,Jalandhar-Cityinventory,Gastroenterologist,1,6270,2090,2090,1,1
Jalandhar,Jalandhar-Cityinventory,Gastroenterologist,6,3135,2090,2090,1,1
Jalandhar,Jalandhar-Cityinventory,General Physician,1,3135,2090,2090,1,1
Jalandhar,Jalandhar-Cityinventory,General Physician,6,3135,2090,2090,1,1
Jalandhar,Jalandhar-Cityinventory,Urologist,1,3270,2180,2180,1,0
Jalandhar,Jalandhar-Cityinventory,Urologist,6,3135,2090,2090,1,1
Jalandhar,Jalandhar-Cityinventory,ENT,1,3135,2090,2090,1,1
Jalandhar,Jalandhar-Cityinventory,ENT,6,3135,2090,2090,1,1
Jalandhar,Jalandhar-Cityinventory,General Dentistry,1,3270,2180,2180,1,0
Jalandhar,Jalandhar-Cityinventory,General Dentistry,6,3135,2090,2090,1,1
Jalandhar,Jalandhar-Cityinventory,Cosmetic/Plastic Surgeon,1,3000,2000,2000,1,1
Jalandhar,Jalandhar-Cityinventory,Cosmetic/Plastic Surgeon,6,3000,2000,2000,1,1
Jalandhar,Jalandhar-Cityinventory,General Psychiatry,1,3135,2090,2090,1,1
Jalandhar,Jalandhar-Cityinventory,General Psychiatry,6,3135,2090,2090,1,1
Jalandhar,Jalandhar-Cityinventory,General Gynecology,1,5225,2508,2508,1,1
Jalandhar,Jalandhar-Cityinventory,General Gynecology,6,3135,2090,2090,1,1
Jalandhar,Jalandhar-Cityinventory,General Alt Medicine,1,3000,2000,2000,1,1
Jalandhar,Jalandhar-Cityinventory,General Alt Medicine,6,3000,2000,2000,1,1
Jalandhar,Jalandhar-Cityinventory,General Pediatrics,1,3000,2000,2000,1,1
Jalandhar,Jalandhar-Cityinventory,General Pediatrics,6,3000,2000,2000,1,1
Jalandhar,Jalandhar-Cityinventory,General Ophthalmology,1,3000,2000,2000,1,1
Jalandhar,Jalandhar-Cityinventory,General Ophthalmology,6,3000,2000,2000,1,1
Jalandhar,Jalandhar-Cityinventory,Orthopaedics,1,5225,2090,2090,1,1
Jalandhar,Jalandhar-Cityinventory,Orthopaedics,6,3135,2090,2090,1,1
Jalgaon,Jalgaon-Cityinventory,General Physician,1,3135,2090,2090,1,1
Jalgaon,Jalgaon-Cityinventory,General Physician,6,3135,2090,2090,1,1
Jammu,Jammu-Cityinventory,General Dermatology,1,3135,2090,2090,1,1
Jammu,Jammu-Cityinventory,General Dermatology,6,3135,2090,2090,1,1
Jammu,Jammu-Cityinventory,Sexologist,1,3135,2090,2090,1,1
Jammu,Jammu-Cityinventory,Sexologist,6,3135,2090,2090,1,1
Jammu,Jammu-Cityinventory,Hair Transplant,1,3000,2000,2000,1,1
Jammu,Jammu-Cityinventory,Hair Transplant,6,3000,2000,2000,1,1
Jammu,Jammu-Cityinventory,Gastroenterologist,1,3135,2090,2090,1,1
Jammu,Jammu-Cityinventory,Gastroenterologist,6,3135,2090,2090,1,1
Jammu,Jammu-Cityinventory,General Physician,1,3135,2090,2090,1,1
Jammu,Jammu-Cityinventory,General Physician,6,3135,2090,2090,1,1
Jammu,Jammu-Cityinventory,ENT,1,3135,2090,2090,1,1
Jammu,Jammu-Cityinventory,ENT,6,3135,2090,2090,1,1
Jammu,Jammu-Cityinventory,General Dentistry,1,3135,2090,2090,1,1
Jammu,Jammu-Cityinventory,General Dentistry,6,3135,2090,2090,1,1
Jammu,Jammu-Cityinventory,General Psychiatry,1,3135,2090,2090,1,1
Jammu,Jammu-Cityinventory,General Psychiatry,6,3135,2090,2090,1,1
Jamnagar,Jamnagar-Cityinventory,General Physician,1,3135,2090,2090,1,1
Jamnagar,Jamnagar-Cityinventory,General Physician,6,3135,2090,2090,1,1
Jamshedpur,Jamshedpur-Cityinventory,General Dermatology,1,3270,2180,2180,1,0
Jamshedpur,Jamshedpur-Cityinventory,General Dermatology,6,3135,2090,2090,1,1
Jamshedpur,Jamshedpur-Cityinventory,Gastroenterologist,1,3135,2090,2090,1,1
Jamshedpur,Jamshedpur-Cityinventory,Gastroenterologist,6,3135,2090,2090,1,1
Jamshedpur,Jamshedpur-Cityinventory,General Physician,1,3135,2090,2090,1,1
Jamshedpur,Jamshedpur-Cityinventory,General Physician,6,3135,2090,2090,1,1
Jamshedpur,Jamshedpur-Cityinventory,General Dentistry,1,3270,2180,2180,1,0
Jamshedpur,Jamshedpur-Cityinventory,General Dentistry,6,3135,2090,2090,1,1
Jamshedpur,Jamshedpur-Cityinventory,General Gynecology,1,3270,2180,2180,1,1
Jamshedpur,Jamshedpur-Cityinventory,General Gynecology,6,3135,2090,2090,1,1
Jamshedpur,Jamshedpur-Cityinventory,General Ophthalmology,1,3000,2000,2000,1,1
Jamshedpur,Jamshedpur-Cityinventory,General Ophthalmology,6,3000,2000,2000,1,1
Jamshedpur,Jamshedpur,General Physician,6,3135,2090,2090,1,1
Jamshedpur,Jamshedpur,General Dentistry,6,3135,2090,2090,1,1
Jhansi,Jhansi-Cityinventory,General Dermatology,1,3135,2090,2090,1,1
Jhansi,Jhansi-Cityinventory,General Dermatology,6,3135,2090,2090,1,1
Jhansi,Jhansi-Cityinventory,Gastroenterologist,1,3135,2090,2090,1,1
Jhansi,Jhansi-Cityinventory,Gastroenterologist,6,3135,2090,2090,1,1
Jhansi,Jhansi-Cityinventory,General Physician,1,3135,2090,2090,1,1
Jhansi,Jhansi-Cityinventory,General Physician,6,3135,2090,2090,1,1
Jodhpur,Jodhpur-Cityinventory,General Dermatology,1,3135,2090,2090,1,1
Jodhpur,Jodhpur-Cityinventory,General Dermatology,6,3135,2090,2090,1,1
Jodhpur,Jodhpur-Cityinventory,Sexologist,1,3135,2090,2090,1,1
Jodhpur,Jodhpur-Cityinventory,Sexologist,6,3135,2090,2090,1,1
Jodhpur,Jodhpur-Cityinventory,Physiotherapist,1,3000,2000,2000,1,1
Jodhpur,Jodhpur-Cityinventory,Physiotherapist,6,3000,2000,2000,1,1
Jodhpur,Jodhpur-Cityinventory,Hair Transplant,1,3000,2000,2000,1,1
Jodhpur,Jodhpur-Cityinventory,Hair Transplant,6,3000,2000,2000,1,1
Jodhpur,Jodhpur-Cityinventory,Gastroenterologist,1,6270,2090,2090,1,1
Jodhpur,Jodhpur-Cityinventory,Gastroenterologist,6,3135,2090,2090,1,1
Jodhpur,Jodhpur-Cityinventory,General Physician,1,3135,2090,2090,1,1
Jodhpur,Jodhpur-Cityinventory,General Physician,6,3135,2090,2090,1,1
Jodhpur,Jodhpur-Cityinventory,ENT,1,3135,2090,2090,1,1
Jodhpur,Jodhpur-Cityinventory,ENT,6,3135,2090,2090,1,1
Jodhpur,Jodhpur-Cityinventory,General Dentistry,1,3135,2090,2090,1,1
Jodhpur,Jodhpur-Cityinventory,General Dentistry,6,3135,2090,2090,1,1
Jodhpur,Jodhpur-Cityinventory,Cosmetic/Plastic Surgeon,1,6000,2000,2000,1,1
Jodhpur,Jodhpur-Cityinventory,Cosmetic/Plastic Surgeon,6,3000,2000,2000,1,1
Jodhpur,Jodhpur-Cityinventory,General Surgeon,1,8000,2000,2000,1,1
Jodhpur,Jodhpur-Cityinventory,General Surgeon,6,5000,2000,2000,1,1
Jodhpur,Jodhpur-Cityinventory,General Psychiatry,1,3135,2090,2090,4,4
Jodhpur,Jodhpur-Cityinventory,General Psychiatry,6,3135,2090,2090,1,1
Jodhpur,Jodhpur-Cityinventory,General Gynecology,1,6270,2090,2090,1,1
Jodhpur,Jodhpur-Cityinventory,General Gynecology,6,3135,2090,2090,1,1
Jodhpur,Jodhpur-Cityinventory,General Alt Medicine,1,3135,2090,2090,1,0
Jodhpur,Jodhpur-Cityinventory,General Alt Medicine,6,3000,2000,2000,1,1
Jodhpur,Jodhpur-Cityinventory,General Pediatrics,1,3135,2090,2090,1,1
Jodhpur,Jodhpur-Cityinventory,General Pediatrics,6,3135,2090,2090,1,1
Jodhpur,Jodhpur-Cityinventory,General Ophthalmology,1,3000,2000,2000,1,1
Jodhpur,Jodhpur-Cityinventory,General Ophthalmology,6,3000,2000,2000,1,1
Jodhpur,Jodhpur-Cityinventory,Orthopaedics,1,6270,2090,2090,1,1
Jodhpur,Jodhpur-Cityinventory,Orthopaedics,6,3135,2090,2090,1,1
Jorhat,Jorhat-Cityinventory,General Physician,1,3135,2090,2090,1,1
Jorhat,Jorhat-Cityinventory,General Physician,6,3000,2000,2000,1,1
Kakinada,Kakinada-Cityinventory,General Dermatology,1,3000,2000,2000,1,1
Kakinada,Kakinada-Cityinventory,General Dermatology,6,3000,2000,2000,1,1
Kakinada,Kakinada-Cityinventory,Sexologist,1,3135,2090,2090,1,1
Kakinada,Kakinada-Cityinventory,Sexologist,6,3135,2090,2090,1,1
Kakinada,Kakinada-Cityinventory,Gastroenterologist,1,3000,2000,2000,1,1
Kakinada,Kakinada-Cityinventory,Gastroenterologist,6,3000,2000,2000,1,1
Kakinada,Kakinada-Cityinventory,General Physician,1,3135,2090,2090,1,1
Kakinada,Kakinada-Cityinventory,General Physician,6,3135,2090,2090,1,1
Kakinada,Kakinada-Cityinventory,Urologist,1,3000,2000,2000,1,1
Kakinada,Kakinada-Cityinventory,Urologist,6,3000,2000,2000,1,1
Kakinada,Kakinada-Cityinventory,General Dentistry,1,3135,2090,2090,1,1
Kakinada,Kakinada-Cityinventory,General Dentistry,6,3135,2090,2090,1,1
Kakinada,Kakinada-Cityinventory,General Gynecology,1,3135,2090,2090,1,1
Kakinada,Kakinada-Cityinventory,General Gynecology,6,3135,2090,2090,1,1
Kakinada,Kakinada-Cityinventory,Orthopaedics,1,3135,2090,2090,1,1
Kakinada,Kakinada-Cityinventory,Orthopaedics,6,3135,2090,2090,1,1
Kakinada,Kakinada,General Physician,6,3000,2000,2000,1,1
Kanchipuram,Kanchipuram-Cityinventory,General Physician,1,3000,2000,2000,1,1
Kanchipuram,Kanchipuram-Cityinventory,General Physician,6,3000,2000,2000,1,1
Kannur,Kannur-Cityinventory,General Dermatology,1,3000,2000,2000,1,1
Kannur,Kannur-Cityinventory,General Dermatology,6,3000,2000,2000,1,1
Kannur,Kannur-Cityinventory,Sexologist,1,3135,2090,2090,1,1
Kannur,Kannur-Cityinventory,Sexologist,6,3135,2090,2090,1,1
Kannur,Kannur-Cityinventory,Gastroenterologist,1,3135,2090,2090,1,1
Kannur,Kannur-Cityinventory,Gastroenterologist,6,3135,2090,2090,1,1
Kannur,Kannur-Cityinventory,General Physician,1,3135,2090,2090,1,1
Kannur,Kannur-Cityinventory,General Physician,6,3135,2090,2090,1,1
Kannur,Kannur-Cityinventory,General Dentistry,1,3000,2000,2000,1,1
Kannur,Kannur-Cityinventory,General Dentistry,6,3000,2000,2000,1,1
Kannur,Kannur,General Physician,6,3135,2090,2090,1,1
Kanpur,Kanpur-Cityinventory,General Dermatology,1,6540,2180,2180,1,0
Kanpur,Kanpur-Cityinventory,General Dermatology,6,3135,2090,2090,1,1
Kanpur,Kanpur-Cityinventory,Neurologist,1,3135,2090,2090,1,1
Kanpur,Kanpur-Cityinventory,Neurologist,6,3135,2090,2090,1,1
Kanpur,Kanpur-Cityinventory,Sexologist,1,3270,2180,2180,4,1
Kanpur,Kanpur-Cityinventory,Sexologist,6,3135,2090,2090,1,1
Kanpur,Kanpur-Cityinventory,Physiotherapist,1,3135,3135,3135,1,1
Kanpur,Kanpur-Cityinventory,Physiotherapist,6,3135,2090,2090,1,1
Kanpur,Kanpur-Cityinventory,Hair Transplant,1,5225,2090,2090,1,1
Kanpur,Kanpur-Cityinventory,Hair Transplant,6,3135,2090,2090,1,1
Kanpur,Kanpur-Cityinventory,Dietitian,1,3000,2000,2000,1,1
Kanpur,Kanpur-Cityinventory,Dietitian,6,3000,2000,2000,1,1
Kanpur,Kanpur-Cityinventory,Endocrinologist,1,3270,2180,2180,1,0
Kanpur,Kanpur-Cityinventory,Endocrinologist,6,3135,2090,2090,1,1
Kanpur,Kanpur-Cityinventory,Gastroenterologist,1,22990,2090,2090,1,1
Kanpur,Kanpur-Cityinventory,Gastroenterologist,6,11495,2090,2090,1,1
Kanpur,Kanpur-Cityinventory,General Physician,1,6540,6540,6540,2,1
Kanpur,Kanpur-Cityinventory,General Physician,6,3135,3135,3135,2,2
Kanpur,Kanpur-Cityinventory,Urologist,1,8720,2180,2180,1,0
Kanpur,Kanpur-Cityinventory,Urologist,6,5225,2090,2090,1,1
Kanpur,Kanpur-Cityinventory,ENT,1,6270,2090,2090,1,1
Kanpur,Kanpur-Cityinventory,ENT,6,3135,2090,2090,1,1
Kanpur,Kanpur-Cityinventory,General Dentistry,1,6540,6540,6540,4,0
Kanpur,Kanpur-Cityinventory,General Dentistry,6,5450,3270,3270,2,2
Kanpur,Kanpur-Cityinventory,Oncologist,1,3135,2090,2090,1,1
Kanpur,Kanpur-Cityinventory,Oncologist,6,3135,2090,2090,1,1
Kanpur,Kanpur-Cityinventory,Cosmetic/Plastic Surgeon,1,6270,2090,2090,1,1
Kanpur,Kanpur-Cityinventory,Cosmetic/Plastic Surgeon,6,3135,2090,2090,1,1
Kanpur,Kanpur-Cityinventory,Pulmonologist,1,6270,6270,6270,3,3
Kanpur,Kanpur-Cityinventory,Pulmonologist,6,3135,3135,3135,3,3
Kanpur,Kanpur-Cityinventory,Cardiologist,1,8360,7838,7838,1,1
Kanpur,Kanpur-Cityinventory,Cardiologist,6,5225,3919,3919,1,1
Kanpur,Kanpur-Cityinventory,Nephrologist,1,3135,2090,2090,1,1
Kanpur,Kanpur-Cityinventory,Nephrologist,6,3135,2090,2090,1,1
Kanpur,Kanpur-Cityinventory,General Surgeon,1,8360,7838,7838,3,3
Kanpur,Kanpur-Cityinventory,General Surgeon,6,5225,3919,3919,3,3
Kanpur,Kanpur-Cityinventory,Veterinarian,1,3000,2000,2000,1,1
Kanpur,Kanpur-Cityinventory,Veterinarian,6,3000,2000,2000,1,1
Kanpur,Kanpur-Cityinventory,General Psychiatry,1,5450,4905,4905,1,1
Kanpur,Kanpur-Cityinventory,General Psychiatry,6,3135,2351,2351,1,1
Kanpur,Kanpur-Cityinventory,General Gynecology,1,27170,22938,22938,2,2
Kanpur,Kanpur-Cityinventory,General Gynecology,6,14630,11469,11469,2,2
Kanpur,Kanpur-Cityinventory,General Alt Medicine,1,5225,2090,2090,1,1
Kanpur,Kanpur-Cityinventory,General Alt Medicine,6,3135,2090,2090,1,1
Kanpur,Kanpur-Cityinventory,General Pediatrics,1,5225,2090,2090,4,4
Kanpur,Kanpur-Cityinventory,General Pediatrics,6,3135,2090,2090,1,1
Kanpur,Kanpur-Cityinventory,General Ophthalmology,1,11495,2090,2090,1,1
Kanpur,Kanpur-Cityinventory,General Ophthalmology,6,9405,2090,2090,1,1
Kanpur,Kanpur-Cityinventory,Orthopaedics,1,5450,2180,2180,1,0
Kanpur,Kanpur-Cityinventory,Orthopaedics,6,3135,2090,2090,1,1
Kanpur,Kanpur-Cityinventory,Homeopathy,1,6540,6540,6540,2,0
Kanpur,Kanpur-Cityinventory,Homeopathy,6,5225,3135,3135,1,1
Kanpur,Swaroop Nagar,General Dermatology,1,6270,2090,2090,1,1
Kanpur,Swaroop Nagar,General Dermatology,6,3135,2090,2090,1,1
Kanpur,Swaroop Nagar,Neurologist,1,3000,2000,2000,1,1
Kanpur,Swaroop Nagar,Neurologist,6,3000,2000,2000,1,1
Kanpur,Swaroop Nagar,Sexologist,1,3000,2000,2000,1,1
Kanpur,Swaroop Nagar,Sexologist,6,3000,2000,2000,1,1
Kanpur,Swaroop Nagar,Physiotherapist,1,3000,2000,2000,1,1
Kanpur,Swaroop Nagar,Physiotherapist,6,3000,2000,2000,1,1
Kanpur,Swaroop Nagar,Hair Transplant,1,3000,2000,2000,1,1
Kanpur,Swaroop Nagar,Hair Transplant,6,3000,2000,2000,1,1
Kanpur,Swaroop Nagar,Dietitian,1,3000,2000,2000,1,1
Kanpur,Swaroop Nagar,Dietitian,6,3000,2000,2000,1,1
Kanpur,Swaroop Nagar,Endocrinologist,1,3000,2000,2000,1,1
Kanpur,Swaroop Nagar,Endocrinologist,6,3000,2000,2000,1,1
Kanpur,Swaroop Nagar,Gastroenterologist,1,5225,2090,2090,1,1
Kanpur,Swaroop Nagar,Gastroenterologist,6,3135,2090,2090,1,1
Kanpur,Swaroop Nagar,General Physician,1,3135,2090,2090,1,1
Kanpur,Swaroop Nagar,General Physician,6,3135,2090,2090,1,1
Kanpur,Swaroop Nagar,Urologist,1,3135,2090,2090,1,1
Kanpur,Swaroop Nagar,Urologist,6,3135,2090,2090,1,1
Kanpur,Swaroop Nagar,ENT,1,3000,2000,2000,1,1
Kanpur,Swaroop Nagar,ENT,6,3000,2000,2000,1,1
Kanpur,Swaroop Nagar,General Dentistry,1,3000,3000,3000,3,3
Kanpur,Swaroop Nagar,General Dentistry,6,3000,2000,2000,3,3
Kanpur,Swaroop Nagar,Oncologist,1,3000,2000,2000,1,1
Kanpur,Swaroop Nagar,Oncologist,6,3000,2000,2000,1,1
Kanpur,Swaroop Nagar,Cosmetic/Plastic Surgeon,1,3000,2000,2000,1,1
Kanpur,Swaroop Nagar,Cosmetic/Plastic Surgeon,6,3000,2000,2000,1,1
Kanpur,Swaroop Nagar,Pulmonologist,1,3000,2000,2000,1,1
Kanpur,Swaroop Nagar,Pulmonologist,6,3000,2000,2000,1,1
Kanpur,Swaroop Nagar,Cardiologist,1,3000,2000,2000,1,1
Kanpur,Swaroop Nagar,Cardiologist,6,3000,2000,2000,1,1
Kanpur,Swaroop Nagar,Nephrologist,1,3000,2000,2000,1,1
Kanpur,Swaroop Nagar,Nephrologist,6,3000,2000,2000,1,1
Kanpur,Swaroop Nagar,General Surgeon,1,5000,4500,4500,2,2
Kanpur,Swaroop Nagar,General Surgeon,6,3000,2250,2250,2,2
Kanpur,Swaroop Nagar,Veterinarian,1,3000,2000,2000,1,1
Kanpur,Swaroop Nagar,Veterinarian,6,3000,2000,2000,1,1
Kanpur,Swaroop Nagar,General Psychiatry,1,3000,2000,2000,1,1
Kanpur,Swaroop Nagar,General Psychiatry,6,3000,2000,2000,1,1
Kanpur,Swaroop Nagar,General Gynecology,1,6000,2000,2000,1,1
Kanpur,Swaroop Nagar,General Gynecology,6,3000,2000,2000,1,1
Kanpur,Swaroop Nagar,General Alt Medicine,1,3000,2000,2000,1,1
Kanpur,Swaroop Nagar,General Alt Medicine,6,3000,2000,2000,1,1
Kanpur,Swaroop Nagar,General Pediatrics,1,5000,2000,2000,1,1
Kanpur,Swaroop Nagar,General Pediatrics,6,3000,2000,2000,1,1
Kanpur,Swaroop Nagar,General Ophthalmology,1,5000,2000,2000,1,1
Kanpur,Swaroop Nagar,General Ophthalmology,6,3000,2000,2000,1,1
Kanpur,Swaroop Nagar,Orthopaedics,1,5000,2000,2000,1,1
Kanpur,Swaroop Nagar,Orthopaedics,6,3000,2000,2000,1,1
Kanpur,Swaroop Nagar,Homeopathy,1,3000,3000,3000,1,1
Kanpur,Swaroop Nagar,Homeopathy,6,3000,2000,2000,1,1
Kanpur,Kidwai Nagar,General Dermatology,1,3135,2090,2090,1,1
Kanpur,Kidwai Nagar,General Dermatology,6,3135,2090,2090,1,1
Kanpur,Kidwai Nagar,Gastroenterologist,1,10000,2000,2000,1,1
Kanpur,Kidwai Nagar,Gastroenterologist,6,6000,2000,2000,1,1
Kanpur,Kidwai Nagar,General Physician,1,3135,3135,3135,2,2
Kanpur,Kidwai Nagar,General Physician,6,3135,2090,2090,2,2
Kanpur,Kidwai Nagar,Urologist,1,3135,2090,2090,1,1
Kanpur,Kidwai Nagar,Urologist,6,3135,2090,2090,1,1
Kanpur,Kidwai Nagar,ENT,1,3135,2090,2090,1,1
Kanpur,Kidwai Nagar,ENT,6,3135,2090,2090,1,1
Kanpur,Kidwai Nagar,General Dentistry,1,6270,2090,2090,1,1
Kanpur,Kidwai Nagar,General Dentistry,6,5225,2090,2090,1,1
Kanpur,Kidwai Nagar,Pulmonologist,1,3000,2000,2000,1,1
Kanpur,Kidwai Nagar,Pulmonologist,6,3000,2000,2000,1,1
Kanpur,Kidwai Nagar,General Gynecology,1,12540,2090,2090,1,1
Kanpur,Kidwai Nagar,General Gynecology,6,9405,2090,2090,1,1
Kanpur,Kidwai Nagar,General Pediatrics,1,3000,2000,2000,1,1
Kanpur,Kidwai Nagar,General Pediatrics,6,3000,2000,2000,1,1
Kanpur,Kidwai Nagar,General Ophthalmology,1,3000,2000,2000,1,1
Kanpur,Kidwai Nagar,General Ophthalmology,6,3000,2000,2000,1,1
Kanpur,Kidwai Nagar,Orthopaedics,1,8000,2000,2000,1,1
Kanpur,Kidwai Nagar,Orthopaedics,6,5000,2000,2000,1,1
Kanpur,Kakadeo,General Dermatology,1,3135,2090,2090,1,1
Kanpur,Kakadeo,General Dermatology,6,3135,2090,2090,1,1
Kanpur,Kakadeo,Gastroenterologist,1,5225,2090,2090,1,1
Kanpur,Kakadeo,Gastroenterologist,6,3135,2090,2090,1,1
Kanpur,Kakadeo,General Physician,1,3135,2404,2404,1,1
Kanpur,Kakadeo,General Physician,6,3135,2090,2090,1,1
Kanpur,Kakadeo,Urologist,1,3135,2090,2090,1,1
Kanpur,Kakadeo,Urologist,6,3000,2000,2000,1,1
Kanpur,Kakadeo,ENT,1,3000,2000,2000,1,1
Kanpur,Kakadeo,ENT,6,3000,2000,2000,1,1
Kanpur,Kakadeo,General Dentistry,1,3000,2000,2000,1,1
Kanpur,Kakadeo,General Dentistry,6,3000,2000,2000,1,1
Kanpur,Kakadeo,General Gynecology,1,9405,9405,9405,5,5
Kanpur,Kakadeo,General Gynecology,6,8360,4703,4703,5,5
Kanpur,Kakadeo,General Ophthalmology,1,3000,2000,2000,1,1
Kanpur,Kakadeo,General Ophthalmology,6,3000,2000,2000,1,1
Kanpur,Kakadeo,Orthopaedics,1,3000,2000,2000,1,1
Kanpur,Kakadeo,Orthopaedics,6,3000,2000,2000,1,1
Kanpur,Kakadeo,Homeopathy,1,3000,2600,2600,1,1
Kanpur,Kakadeo,Homeopathy,6,3000,2000,2000,1,1
Kanpur,Chunniganj,General Dentistry,1,6270,4180,4180,1,0
Kanpur,Chunniganj,General Dentistry,6,5000,2000,2000,1,1
Kanpur,Chunniganj,General Gynecology,1,9000,2600,2600,1,1
Kanpur,Chunniganj,General Gynecology,6,5000,2000,2000,1,1
Karimganj,Karimganj-Cityinventory,General Physician,1,3000,2000,2000,1,1
Karimganj,Karimganj-Cityinventory,General Physician,6,3000,2000,2000,1,1
Karimnagar,Karimnagar-Cityinventory,General Dermatology,1,3000,2000,2000,1,1
Karimnagar,Karimnagar-Cityinventory,General Dermatology,6,3000,2000,2000,1,1
Karimnagar,Karimnagar-Cityinventory,General Physician,1,3135,2090,2090,1,1
Karimnagar,Karimnagar-Cityinventory,General Physician,6,3135,2090,2090,1,1
Karimnagar,Karimnagar-Cityinventory,Orthopaedics,1,3000,2000,2000,1,1
Karimnagar,Karimnagar-Cityinventory,Orthopaedics,6,3000,2000,2000,1,1
Karnal,Karnal-Cityinventory,General Dermatology,1,3000,2000,2000,1,1
Karnal,Karnal-Cityinventory,General Dermatology,6,3000,2000,2000,1,1
Karnal,Karnal-Cityinventory,Gastroenterologist,1,5225,2090,2090,1,1
Karnal,Karnal-Cityinventory,Gastroenterologist,6,3135,2090,2090,1,1
Karnal,Karnal-Cityinventory,General Physician,1,3135,2090,2090,1,1
Karnal,Karnal-Cityinventory,General Physician,6,3135,2090,2090,1,1
Karur,Karur-Cityinventory,General Physician,1,3000,2000,2000,1,1
Karur,Karur-Cityinventory,General Physician,6,3000,2000,2000,1,1
Khammam,Khammam-Cityinventory,General Dermatology,1,3000,2000,2000,1,1
Khammam,Khammam-Cityinventory,General Dermatology,6,3000,2000,2000,1,1
Khammam,Khammam-Cityinventory,General Physician,1,3135,2090,2090,1,1
Khammam,Khammam-Cityinventory,General Physician,6,3135,2090,2090,1,1
Kolhapur,Kolhapur-Cityinventory,General Dermatology,1,3135,2090,2090,1,1
Kolhapur,Kolhapur-Cityinventory,General Dermatology,6,3135,2090,2090,1,1
Kolhapur,Kolhapur-Cityinventory,Sexologist,1,3135,2090,2090,1,1
Kolhapur,Kolhapur-Cityinventory,Sexologist,6,3135,2090,2090,1,1
Kolhapur,Kolhapur-Cityinventory,Hair Transplant,1,3000,2000,2000,1,1
Kolhapur,Kolhapur-Cityinventory,Hair Transplant,6,3000,2000,2000,1,1
Kolhapur,Kolhapur-Cityinventory,General Physician,1,3135,2090,2090,1,1
Kolhapur,Kolhapur-Cityinventory,General Physician,6,3135,2090,2090,1,1
Kolhapur,Kolhapur-Cityinventory,ENT,1,3135,2090,2090,1,1
Kolhapur,Kolhapur-Cityinventory,ENT,6,3135,2090,2090,1,1
Kolhapur,Kolhapur-Cityinventory,General Dentistry,1,3135,2090,2090,1,1
Kolhapur,Kolhapur-Cityinventory,General Dentistry,6,3135,2090,2090,1,1
Kolhapur,Kolhapur-Cityinventory,General Psychiatry,1,3270,2180,2180,1,0
Kolhapur,Kolhapur-Cityinventory,General Psychiatry,6,3135,2090,2090,1,1
Kolhapur,Kolhapur-Cityinventory,General Gynecology,1,3135,2090,2090,1,1
Kolhapur,Kolhapur-Cityinventory,General Gynecology,6,3135,2090,2090,1,1
Kolhapur,Kolhapur-Cityinventory,General Ophthalmology,1,3000,2000,2000,1,1
Kolhapur,Kolhapur-Cityinventory,General Ophthalmology,6,3000,2000,2000,1,1
Kolkata,Central,General Dermatology,1,6270,4180,4180,1,1
Kolkata,Central,General Dermatology,6,5000,2000,2000,1,1
Kolkata,Central,Sexologist,1,5225,2090,2090,1,0
Kolkata,Central,Sexologist,6,5000,2000,2000,1,1
Kolkata,Central,Endocrinologist,1,6000,2000,2000,1,1
Kolkata,Central,Endocrinologist,6,5000,2000,2000,1,1
Kolkata,Central,General Physician,1,3135,3135,3135,1,1
Kolkata,Central,General Physician,6,3135,2090,2090,1,1
Kolkata,Central,ENT,1,3135,2090,2090,1,0
Kolkata,Central,ENT,6,3000,2000,2000,1,1
Kolkata,Central,General Dentistry,1,6000,2700,2700,1,0
Kolkata,Central,General Dentistry,6,5000,2000,2000,1,1
Kolkata,Central,General Psychiatry,1,3135,3135,3135,3,3
Kolkata,Central,General Psychiatry,6,3135,2090,2090,3,3
Kolkata,Central,General Gynecology,1,10000,2000,2000,1,1
Kolkata,Central,General Gynecology,6,6000,2000,2000,1,1
Kolkata,Central,General Alt Medicine,1,5225,2090,2090,1,0
Kolkata,Central,General Alt Medicine,6,5000,2000,2000,1,0
Kolkata,Central,Orthopaedics,1,3135,2090,2090,1,0
Kolkata,Central,Orthopaedics,6,3000,2000,2000,1,1
Kolkata,Bhowanipore,General Dermatology,1,6270,2090,2090,1,1
Kolkata,Bhowanipore,General Dermatology,6,5000,2000,2000,1,1
Kolkata,Bhowanipore,Sexologist,1,3135,3135,3135,1,0
Kolkata,Bhowanipore,Sexologist,6,3135,2090,2090,1,0
Kolkata,Bhowanipore,Hair Transplant,1,5225,2090,2090,1,1
Kolkata,Bhowanipore,Hair Transplant,6,5000,2000,2000,1,1
Kolkata,Bhowanipore,Gastroenterologist,1,3000,3000,3000,6,6
Kolkata,Bhowanipore,Gastroenterologist,6,3000,2000,2000,6,6
Kolkata,Bhowanipore,General Physician,1,3135,3135,3135,1,1
Kolkata,Bhowanipore,General Physician,6,3135,2090,2090,1,1
Kolkata,Bhowanipore,Urologist,1,6000,5300,5300,1,1
Kolkata,Bhowanipore,Urologist,6,3000,2650,2650,1,1
Kolkata,Bhowanipore,ENT,1,6270,2090,2090,1,0
Kolkata,Bhowanipore,ENT,6,5000,2000,2000,1,1
Kolkata,Bhowanipore,General Dentistry,1,6270,8360,8360,2,1
Kolkata,Bhowanipore,General Dentistry,6,5000,4000,4000,2,1
Kolkata,Bhowanipore,Cardiologist,1,6000,6000,6000,6,6
Kolkata,Bhowanipore,Cardiologist,6,3000,3000,3000,6,6
Kolkata,Bhowanipore,General Psychiatry,1,6270,4703,4703,2,1
Kolkata,Bhowanipore,General Psychiatry,6,5000,2250,2250,2,2
Kolkata,Bhowanipore,General Gynecology,1,13080,5341,5341,1,1
Kolkata,Bhowanipore,General Gynecology,6,9405,2560,2560,1,1
Kolkata,Bhowanipore,General Alt Medicine,1,6270,2090,2090,1,0
Kolkata,Bhowanipore,General Alt Medicine,6,5225,2090,2090,1,1
Kolkata,Bhowanipore,General Pediatrics,1,5000,2000,2000,1,1
Kolkata,Bhowanipore,General Pediatrics,6,5000,2000,2000,1,1
Kolkata,Bhowanipore,Orthopaedics,1,5000,4500,4500,3,3
Kolkata,Bhowanipore,Orthopaedics,6,5000,2250,2250,3,3
Kolkata,Bhowanipore,Homeopathy,1,5000,2000,2000,1,1
Kolkata,Bhowanipore,Homeopathy,6,5000,2000,2000,1,1
Kolkata,Park street,General Dermatology,1,5000,4500,4500,1,1
Kolkata,Park street,General Dermatology,6,5000,2250,2250,1,1
Kolkata,Park street,Sexologist,1,5225,2090,2090,1,0
Kolkata,Park street,Sexologist,6,5225,2090,2090,1,0
Kolkata,Park street,General Physician,1,5000,3300,3300,1,1
Kolkata,Park street,General Physician,6,5000,2000,2000,1,1
Kolkata,Park street,General Dentistry,1,5000,2000,2000,1,0
Kolkata,Park street,General Dentistry,6,5000,2000,2000,1,1
Kolkata,Park street,General Psychiatry,1,6270,2090,2090,1,0
Kolkata,Park street,General Psychiatry,6,5000,2000,2000,1,1
Kolkata,Park street,General Gynecology,1,6270,3553,3553,1,1
Kolkata,Park street,General Gynecology,6,5225,2090,2090,1,1
Kolkata,Park street,General Alt Medicine,1,5225,2090,2090,1,0
Kolkata,Park street,General Alt Medicine,6,5000,2000,2000,1,0
Kolkata,Park street,General Pediatrics,1,6000,2000,2000,1,1
Kolkata,Park street,General Pediatrics,6,5000,2000,2000,1,1
Kolkata,Gariahat,General Dermatology,1,3270,2180,2180,1,1
Kolkata,Gariahat,General Dermatology,6,3135,2090,2090,1,1
Kolkata,Gariahat,Sexologist,1,5225,2090,2090,1,0
Kolkata,Gariahat,Sexologist,6,5225,2090,2090,1,0
Kolkata,Gariahat,Endocrinologist,1,3000,2000,2000,1,1
Kolkata,Gariahat,Endocrinologist,6,3000,2000,2000,1,1
Kolkata,Gariahat,Gastroenterologist,1,3000,2000,2000,1,1
Kolkata,Gariahat,Gastroenterologist,6,3000,2000,2000,1,1
Kolkata,Gariahat,General Physician,1,5225,2090,2090,1,1
Kolkata,Gariahat,General Physician,6,5225,2090,2090,1,1
Kolkata,Gariahat,Urologist,1,5000,2000,2000,1,1
Kolkata,Gariahat,Urologist,6,3000,2000,2000,1,1
Kolkata,Gariahat,ENT,1,3000,3000,3000,2,2
Kolkata,Gariahat,ENT,6,3000,2000,2000,2,2
Kolkata,Gariahat,General Dentistry,1,6270,8256,8256,1,0
Kolkata,Gariahat,General Dentistry,6,5450,4306,4306,1,0
Kolkata,Gariahat,General Psychiatry,1,5225,4703,4703,1,1
Kolkata,Gariahat,General Psychiatry,6,5225,2351,2351,1,1
Kolkata,Gariahat,General Gynecology,1,8720,2180,2180,1,1
Kolkata,Gariahat,General Gynecology,6,6270,2090,2090,1,1
Kolkata,Gariahat,General Alt Medicine,1,5000,2000,2000,1,0
Kolkata,Gariahat,General Alt Medicine,6,5000,2000,2000,1,0
Kolkata,Gariahat,General Pediatrics,1,3000,2000,2000,1,1
Kolkata,Gariahat,General Pediatrics,6,3000,2000,2000,1,1
Kolkata,Gariahat,Orthopaedics,1,9000,9000,9000,1,1
Kolkata,Gariahat,Orthopaedics,6,8000,4500,4500,1,1
Kolkata,Gariahat,Homeopathy,1,3000,2000,2000,1,0
Kolkata,Gariahat,Homeopathy,6,3000,2000,2000,1,1
Kolkata,Jadavpur,General Dermatology,1,8360,7838,7838,2,2
Kolkata,Jadavpur,General Dermatology,6,6270,3919,3919,2,2
Kolkata,Jadavpur,Neurologist,1,8360,7838,7838,4,4
Kolkata,Jadavpur,Neurologist,6,5225,3919,3919,4,4
Kolkata,Jadavpur,Sexologist,1,6270,2090,2090,1,0
Kolkata,Jadavpur,Sexologist,6,5225,2090,2090,1,0
Kolkata,Jadavpur,Endocrinologist,1,3000,2900,2900,1,1
Kolkata,Jadavpur,Endocrinologist,6,3000,2000,2000,1,1
Kolkata,Jadavpur,Gastroenterologist,1,8360,7838,7838,6,6
Kolkata,Jadavpur,Gastroenterologist,6,6270,3919,3919,6,6
Kolkata,Jadavpur,General Physician,1,3270,3270,3270,2,1
Kolkata,Jadavpur,General Physician,6,3135,2090,2090,2,2
Kolkata,Jadavpur,Urologist,1,3000,3000,3000,6,6
Kolkata,Jadavpur,Urologist,6,3000,2000,2000,6,6
Kolkata,Jadavpur,ENT,1,3000,3000,3000,1,1
Kolkata,Jadavpur,ENT,6,3000,2000,2000,1,1
Kolkata,Jadavpur,General Dentistry,1,8720,7303,7303,1,0
Kolkata,Jadavpur,General Dentistry,6,6540,3652,3652,1,1
Kolkata,Jadavpur,Cardiologist,1,5000,4500,4500,6,6
Kolkata,Jadavpur,Cardiologist,6,3000,2250,2250,6,6
Kolkata,Jadavpur,General Psychiatry,1,3135,3135,3135,6,5
Kolkata,Jadavpur,General Psychiatry,6,3135,2090,2090,6,6
Kolkata,Jadavpur,General Gynecology,1,13080,16241,16241,1,0
Kolkata,Jadavpur,General Gynecology,6,9405,7785,7785,1,1
Kolkata,Jadavpur,General Alt Medicine,1,6270,2090,2090,1,0
Kolkata,Jadavpur,General Alt Medicine,6,5000,2000,2000,1,1
Kolkata,Jadavpur,Orthopaedics,1,10000,10000,10000,6,5
Kolkata,Jadavpur,Orthopaedics,6,9000,5250,5250,6,6
Kolkata,Tollygunge,General Dermatology,1,5450,2180,2180,1,0
Kolkata,Tollygunge,General Dermatology,6,5225,2090,2090,1,1
Kolkata,Tollygunge,Sexologist,1,5225,2090,2090,1,0
Kolkata,Tollygunge,Sexologist,6,5225,2090,2090,1,0
Kolkata,Tollygunge,Dietitian,1,3000,2000,2000,1,0
Kolkata,Tollygunge,Dietitian,6,3000,2000,2000,1,1
Kolkata,Tollygunge,Endocrinologist,1,3000,2000,2000,1,1
Kolkata,Tollygunge,Endocrinologist,6,3000,2000,2000,1,1
Kolkata,Tollygunge,Gastroenterologist,1,3000,2000,2000,1,1
Kolkata,Tollygunge,Gastroenterologist,6,3000,2000,2000,1,1
Kolkata,Tollygunge,General Physician,1,3135,2090,2090,1,1
Kolkata,Tollygunge,General Physician,6,3135,2090,2090,1,1
Kolkata,Tollygunge,Urologist,1,5000,2000,2000,1,1
Kolkata,Tollygunge,Urologist,6,3000,2000,2000,1,1
Kolkata,Tollygunge,ENT,1,3270,3270,3270,1,1
Kolkata,Tollygunge,ENT,6,3135,2090,2090,1,1
Kolkata,Tollygunge,General Dentistry,1,6540,4360,4360,1,0
Kolkata,Tollygunge,General Dentistry,6,5450,2180,2180,1,0
Kolkata,Tollygunge,General Psychiatry,1,5450,2180,2180,1,0
Kolkata,Tollygunge,General Psychiatry,6,5225,2090,2090,1,1
Kolkata,Tollygunge,General Gynecology,1,14630,2090,2090,1,1
Kolkata,Tollygunge,General Gynecology,6,11495,2090,2090,1,1
Kolkata,Tollygunge,General Alt Medicine,1,6270,2090,2090,1,0
Kolkata,Tollygunge,General Alt Medicine,6,5000,2000,2000,1,0
Kolkata,Tollygunge,General Pediatrics,1,3000,2000,2000,1,1
Kolkata,Tollygunge,General Pediatrics,6,3000,2000,2000,1,1
Kolkata,Tollygunge,General Ophthalmology,1,6000,3000,3000,1,1
Kolkata,Tollygunge,General Ophthalmology,6,3000,2000,2000,1,1
Kolkata,Tollygunge,Orthopaedics,1,6000,2000,2000,1,1
Kolkata,Tollygunge,Orthopaedics,6,5000,2000,2000,1,1
Kolkata,Tollygunge,Homeopathy,1,3000,2000,2000,1,1
Kolkata,Tollygunge,Homeopathy,6,3000,2000,2000,1,1
Kolkata,Kolkata-Cityinventory,General Dermatology,1,0,19620,19620,3,1
Kolkata,Kolkata-Cityinventory,General Dermatology,6,14630,9405,9405,3,3
Kolkata,Kolkata-Cityinventory,Neurologist,1,19855,18810,18810,5,3
Kolkata,Kolkata-Cityinventory,Neurologist,6,14630,9405,9405,5,5
Kolkata,Kolkata-Cityinventory,Sexologist,1,39240,4360,4360,1,0
Kolkata,Kolkata-Cityinventory,Sexologist,6,30520,2180,2180,4,0
Kolkata,Kolkata-Cityinventory,Physiotherapist,1,6270,6270,6270,3,3
Kolkata,Kolkata-Cityinventory,Physiotherapist,6,5225,3135,3135,3,3
Kolkata,Kolkata-Cityinventory,Hair Transplant,1,30520,2180,2180,1,0
Kolkata,Kolkata-Cityinventory,Hair Transplant,6,14630,2090,2090,1,1
Kolkata,Kolkata-Cityinventory,Dietitian,1,6270,4389,4389,3,0
Kolkata,Kolkata-Cityinventory,Dietitian,6,5450,2289,2289,1,1
Kolkata,Kolkata-Cityinventory,Endocrinologist,1,8360,5957,5957,1,1
Kolkata,Kolkata-Cityinventory,Endocrinologist,6,5225,2978,2978,1,1
Kolkata,Kolkata-Cityinventory,Gastroenterologist,1,22990,21945,21945,6,4
Kolkata,Kolkata-Cityinventory,Gastroenterologist,6,11495,10973,10973,6,6
Kolkata,Kolkata-Cityinventory,General Physician,1,9405,9405,9405,4,3
Kolkata,Kolkata-Cityinventory,General Physician,6,8360,4703,4703,4,4
Kolkata,Kolkata-Cityinventory,Urologist,1,20900,20378,20378,6,5
Kolkata,Kolkata-Cityinventory,Urologist,6,11495,10189,10189,6,6
Kolkata,Kolkata-Cityinventory,ENT,1,13080,13080,13080,3,0
Kolkata,Kolkata-Cityinventory,ENT,6,6270,6270,6270,3,3
Kolkata,Kolkata-Cityinventory,General Dentistry,1,21800,21255,21255,4,0
Kolkata,Kolkata-Cityinventory,General Dentistry,6,17440,10628,10628,4,0
Kolkata,Kolkata-Cityinventory,Oncologist,1,9405,9405,9405,5,5
Kolkata,Kolkata-Cityinventory,Oncologist,6,5225,4703,4703,5,5
Kolkata,Kolkata-Cityinventory,Cosmetic/Plastic Surgeon,1,23980,2180,2180,1,1
Kolkata,Kolkata-Cityinventory,Cosmetic/Plastic Surgeon,6,11495,2090,2090,1,1
Kolkata,Kolkata-Cityinventory,Pulmonologist,1,9405,9405,9405,5,5
Kolkata,Kolkata-Cityinventory,Pulmonologist,6,5225,4703,4703,5,5
Kolkata,Kolkata-Cityinventory,Cardiologist,1,9405,9405,9405,6,5
Kolkata,Kolkata-Cityinventory,Cardiologist,6,5225,4703,4703,6,6
Kolkata,Kolkata-Cityinventory,Nephrologist,1,5450,2180,2180,4,3
Kolkata,Kolkata-Cityinventory,Nephrologist,6,3135,2090,2090,1,1
Kolkata,Kolkata-Cityinventory,General Surgeon,1,8360,7838,7838,6,5
Kolkata,Kolkata-Cityinventory,General Surgeon,6,5225,3919,3919,6,6
Kolkata,Kolkata-Cityinventory,Veterinarian,1,3135,2090,2090,1,1
Kolkata,Kolkata-Cityinventory,Veterinarian,6,3135,2090,2090,1,1
Kolkata,Kolkata-Cityinventory,Radiology,1,3135,2195,2195,1,1
Kolkata,Kolkata-Cityinventory,Radiology,6,3135,2090,2090,1,1
Kolkata,Kolkata-Cityinventory,General Psychiatry,1,27170,26648,26648,5,3
Kolkata,Kolkata-Cityinventory,General Psychiatry,6,20900,13324,13324,5,5
Kolkata,Kolkata-Cityinventory,Speech Therapist,1,3135,3135,3135,1,1
Kolkata,Kolkata-Cityinventory,Speech Therapist,6,3135,2090,2090,1,1
Kolkata,Kolkata-Cityinventory,Allergist/Immunologist,1,10000,2000,2000,4,3
Kolkata,Kolkata-Cityinventory,Allergist/Immunologist,6,9000,2000,2000,1,1
Kolkata,Kolkata-Cityinventory,Hematologist,1,3135,2822,2822,1,1
Kolkata,Kolkata-Cityinventory,Hematologist,6,3135,2090,2090,1,1
Kolkata,Kolkata-Cityinventory,General Gynecology,1,42510,32700,32700,4,2
Kolkata,Kolkata-Cityinventory,General Gynecology,6,30000,15675,15675,3,3
Kolkata,Kolkata-Cityinventory,General Alt Medicine,1,15260,8938,8938,4,0
Kolkata,Kolkata-Cityinventory,General Alt Medicine,6,11990,4469,4469,4,0
Kolkata,Kolkata-Cityinventory,General Pediatrics,1,5450,4905,4905,2,2
Kolkata,Kolkata-Cityinventory,General Pediatrics,6,3135,2351,2351,2,2
Kolkata,Kolkata-Cityinventory,General Ophthalmology,1,11495,10973,10973,3,3
Kolkata,Kolkata-Cityinventory,General Ophthalmology,6,6270,5486,5486,3,3
Kolkata,Kolkata-Cityinventory,Orthopaedics,1,29260,28215,28215,6,4
Kolkata,Kolkata-Cityinventory,Orthopaedics,6,22990,14108,14108,6,6
Kolkata,Kolkata-Cityinventory,Homeopathy,1,6540,4905,4905,1,0
Kolkata,Kolkata-Cityinventory,Homeopathy,6,5450,2453,2453,1,1
Kolkata,Salt lake,General Dermatology,1,11495,10973,10973,3,3
Kolkata,Salt lake,General Dermatology,6,9405,5486,5486,3,3
Kolkata,Salt lake,Neurologist,1,8360,7838,7838,4,4
Kolkata,Salt lake,Neurologist,6,5225,3919,3919,4,4
Kolkata,Salt lake,Sexologist,1,11495,2090,2090,1,0
Kolkata,Salt lake,Sexologist,6,9405,2090,2090,1,0
Kolkata,Salt lake,Endocrinologist,1,8000,2000,2000,1,1
Kolkata,Salt lake,Endocrinologist,6,6000,2000,2000,1,1
Kolkata,Salt lake,Gastroenterologist,1,8360,7838,7838,1,0
Kolkata,Salt lake,Gastroenterologist,6,5225,3919,3919,1,1
Kolkata,Salt lake,General Physician,1,5225,4703,4703,2,2
Kolkata,Salt lake,General Physician,6,5225,2351,2351,2,2
Kolkata,Salt lake,Urologist,1,6270,6270,6270,6,6
Kolkata,Salt lake,Urologist,6,3135,3135,3135,6,6
Kolkata,Salt lake,ENT,1,8720,10900,10900,2,1
Kolkata,Salt lake,ENT,6,6270,5225,5225,2,2
Kolkata,Salt lake,General Dentistry,1,11990,15260,15260,2,0
Kolkata,Salt lake,General Dentistry,6,9810,7630,7630,2,1
Kolkata,Salt lake,Oncologist,1,3000,3000,3000,6,6
Kolkata,Salt lake,Oncologist,6,3000,2000,2000,6,6
Kolkata,Salt lake,Cosmetic/Plastic Surgeon,1,3000,2000,2000,1,1
Kolkata,Salt lake,Cosmetic/Plastic Surgeon,6,3000,2000,2000,1,1
Kolkata,Salt lake,Pulmonologist,1,5000,2600,2600,1,1
Kolkata,Salt lake,Pulmonologist,6,3000,2000,2000,1,1
Kolkata,Salt lake,Cardiologist,1,6270,6270,6270,6,6
Kolkata,Salt lake,Cardiologist,6,3135,3135,3135,6,6
Kolkata,Salt lake,Nephrologist,1,3000,2000,2000,1,1
Kolkata,Salt lake,Nephrologist,6,3000,2000,2000,1,1
Kolkata,Salt lake,General Psychiatry,1,6270,6270,6270,6,5
Kolkata,Salt lake,General Psychiatry,6,5225,3135,3135,6,6
Kolkata,Salt lake,General Gynecology,1,27170,21997,21997,2,2
Kolkata,Salt lake,General Gynecology,6,20900,10999,10999,2,2
Kolkata,Salt lake,General Alt Medicine,1,5225,2090,2090,1,0
Kolkata,Salt lake,General Alt Medicine,6,5000,2000,2000,1,0
Kolkata,Salt lake,General Pediatrics,1,5225,2090,2090,1,1
Kolkata,Salt lake,General Pediatrics,6,5225,2090,2090,1,1
Kolkata,Salt lake,General Ophthalmology,1,8000,7500,7500,2,2
Kolkata,Salt lake,General Ophthalmology,6,6000,3750,3750,2,2
Kolkata,Salt lake,Orthopaedics,1,8720,8175,8175,1,0
Kolkata,Salt lake,Orthopaedics,6,5225,3919,3919,6,6
Kolkata,Dum dum,General Dermatology,1,12540,2090,2090,1,1
Kolkata,Dum dum,General Dermatology,6,9405,2090,2090,1,1
Kolkata,Dum dum,Neurologist,1,8360,2090,2090,1,1
Kolkata,Dum dum,Neurologist,6,5225,2090,2090,1,1
Kolkata,Dum dum,Sexologist,1,11990,2180,2180,1,0
Kolkata,Dum dum,Sexologist,6,9810,2180,2180,1,0
Kolkata,Dum dum,Physiotherapist,1,3135,3135,3135,1,1
Kolkata,Dum dum,Physiotherapist,6,3135,2090,2090,1,1
Kolkata,Dum dum,Hair Transplant,1,6000,2000,2000,1,1
Kolkata,Dum dum,Hair Transplant,6,5000,2000,2000,1,1
Kolkata,Dum dum,Dietitian,1,3135,2090,2090,1,0
Kolkata,Dum dum,Dietitian,6,3135,2090,2090,1,1
Kolkata,Dum dum,Endocrinologist,1,5225,2090,2090,1,1
Kolkata,Dum dum,Endocrinologist,6,3135,2090,2090,1,1
Kolkata,Dum dum,Gastroenterologist,1,8360,2090,2090,1,1
Kolkata,Dum dum,Gastroenterologist,6,5225,2090,2090,1,1
Kolkata,Dum dum,General Physician,1,12540,7838,7838,1,1
Kolkata,Dum dum,General Physician,6,9405,3919,3919,1,1
Kolkata,Dum dum,Urologist,1,6270,2090,2090,1,1
Kolkata,Dum dum,Urologist,6,3135,2090,2090,1,1
Kolkata,Dum dum,ENT,1,13080,2180,2180,1,0
Kolkata,Dum dum,ENT,6,9810,2180,2180,1,1
Kolkata,Dum dum,General Dentistry,1,15260,14715,14715,1,0
Kolkata,Dum dum,General Dentistry,6,11990,7358,7358,1,0
Kolkata,Dum dum,Pulmonologist,1,5225,2090,2090,1,1
Kolkata,Dum dum,Pulmonologist,6,3135,2090,2090,1,1
Kolkata,Dum dum,Cardiologist,1,6270,6270,6270,1,1
Kolkata,Dum dum,Cardiologist,6,3135,3135,3135,1,1
Kolkata,Dum dum,Nephrologist,1,3135,2090,2090,1,1
Kolkata,Dum dum,Nephrologist,6,3135,2090,2090,1,1
Kolkata,Dum dum,General Psychiatry,1,8360,7838,7838,3,3
Kolkata,Dum dum,General Psychiatry,6,6270,3919,3919,3,3
Kolkata,Dum dum,General Gynecology,1,13080,15696,15696,1,0
Kolkata,Dum dum,General Gynecology,6,9405,7524,7524,1,1
Kolkata,Dum dum,General Alt Medicine,1,5225,4703,4703,1,0
Kolkata,Dum dum,General Alt Medicine,6,5000,2250,2250,1,0
Kolkata,Dum dum,General Pediatrics,1,11495,2090,2090,1,1
Kolkata,Dum dum,General Pediatrics,6,9405,2090,2090,1,1
Kolkata,Dum dum,General Ophthalmology,1,8360,6479,6479,1,0
Kolkata,Dum dum,General Ophthalmology,6,5225,3240,3240,1,1
Kolkata,Dum dum,Orthopaedics,1,8720,8175,8175,1,0
Kolkata,Dum dum,Orthopaedics,6,5225,3919,3919,3,3
Kolkata,Dum dum,Homeopathy,1,3135,2090,2090,1,1
Kolkata,Dum dum,Homeopathy,6,3135,2090,2090,1,1
Kolkata,Santoshpur,General Dermatology,1,5450,2180,2180,1,1
Kolkata,Santoshpur,General Dermatology,6,3135,2090,2090,1,1
Kolkata,Santoshpur,Neurologist,1,8360,7838,7838,3,3
Kolkata,Santoshpur,Neurologist,6,5225,3919,3919,3,3
Kolkata,Santoshpur,Sexologist,1,6540,2180,2180,1,0
Kolkata,Santoshpur,Sexologist,6,5450,2180,2180,1,0
Kolkata,Santoshpur,Endocrinologist,1,5225,2090,2090,1,1
Kolkata,Santoshpur,Endocrinologist,6,3135,2090,2090,1,1
Kolkata,Santoshpur,Gastroenterologist,1,6270,6270,6270,6,6
Kolkata,Santoshpur,Gastroenterologist,6,3135,3135,3135,6,6
Kolkata,Santoshpur,General Physician,1,3135,2090,2090,1,1
Kolkata,Santoshpur,General Physician,6,3135,2090,2090,1,1
Kolkata,Santoshpur,Urologist,1,6270,6270,6270,6,6
Kolkata,Santoshpur,Urologist,6,3135,3135,3135,6,6
Kolkata,Santoshpur,ENT,1,5225,2090,2090,1,0
Kolkata,Santoshpur,ENT,6,3135,2090,2090,1,1
Kolkata,Santoshpur,General Dentistry,1,8720,4251,4251,1,1
Kolkata,Santoshpur,General Dentistry,6,6270,2090,2090,1,1
Kolkata,Santoshpur,Oncologist,1,3000,2000,2000,1,1
Kolkata,Santoshpur,Oncologist,6,3000,2000,2000,1,1
Kolkata,Santoshpur,Cosmetic/Plastic Surgeon,1,3000,2000,2000,1,1
Kolkata,Santoshpur,Cosmetic/Plastic Surgeon,6,3000,2000,2000,1,1
Kolkata,Santoshpur,Pulmonologist,1,5225,4703,4703,6,6
Kolkata,Santoshpur,Pulmonologist,6,3135,2351,2351,6,6
Kolkata,Santoshpur,Cardiologist,1,6270,6270,6270,2,2
Kolkata,Santoshpur,Cardiologist,6,3135,3135,3135,2,2
Kolkata,Santoshpur,Nephrologist,1,3135,2090,2090,1,1
Kolkata,Santoshpur,Nephrologist,6,3135,2090,2090,1,1
Kolkata,Santoshpur,General Psychiatry,1,6270,5748,5748,1,1
Kolkata,Santoshpur,General Psychiatry,6,5225,2874,2874,1,1
Kolkata,Santoshpur,Hematologist,1,3000,2000,2000,1,1
Kolkata,Santoshpur,Hematologist,6,3000,2000,2000,1,1
Kolkata,Santoshpur,General Gynecology,1,12540,8256,8256,1,1
Kolkata,Santoshpur,General Gynecology,6,9405,4128,4128,1,1
Kolkata,Santoshpur,General Alt Medicine,1,8360,2090,2090,1,0
Kolkata,Santoshpur,General Alt Medicine,6,6000,2000,2000,1,0
Kolkata,Santoshpur,General Pediatrics,1,3135,2926,2926,1,1
Kolkata,Santoshpur,General Pediatrics,6,3135,2090,2090,1,1
Kolkata,Santoshpur,General Ophthalmology,1,8360,2090,2090,1,1
Kolkata,Santoshpur,General Ophthalmology,6,5225,2090,2090,1,1
Kolkata,Santoshpur,Orthopaedics,1,6270,6270,6270,1,1
Kolkata,Santoshpur,Orthopaedics,6,3135,3135,3135,1,1
Kollam,Kollam-Cityinventory,General Physician,1,3135,2090,2090,1,1
Kollam,Kollam-Cityinventory,General Physician,6,3135,2090,2090,1,1
Kota,Kota-Cityinventory,General Dermatology,1,3135,2090,2090,1,1
Kota,Kota-Cityinventory,General Dermatology,6,3135,2090,2090,1,1
Kota,Kota-Cityinventory,Sexologist,1,3135,2090,2090,1,1
Kota,Kota-Cityinventory,Sexologist,6,3135,2090,2090,1,1
Kota,Kota-Cityinventory,Hair Transplant,1,3135,2090,2090,1,1
Kota,Kota-Cityinventory,Hair Transplant,6,3135,2090,2090,1,1
Kota,Kota-Cityinventory,Gastroenterologist,1,8360,2090,2090,1,1
Kota,Kota-Cityinventory,Gastroenterologist,6,5225,2090,2090,1,1
Kota,Kota-Cityinventory,General Physician,1,3135,2090,2090,1,1
Kota,Kota-Cityinventory,General Physician,6,3135,2090,2090,1,1
Kota,Kota-Cityinventory,ENT,1,3135,2090,2090,1,1
Kota,Kota-Cityinventory,ENT,6,3135,2090,2090,1,1
Kota,Kota-Cityinventory,General Dentistry,1,3135,2090,2090,1,1
Kota,Kota-Cityinventory,General Dentistry,6,3135,2090,2090,1,1
Kota,Kota-Cityinventory,Cosmetic/Plastic Surgeon,1,3000,2000,2000,1,1
Kota,Kota-Cityinventory,Cosmetic/Plastic Surgeon,6,3000,2000,2000,1,1
Kota,Kota-Cityinventory,Pulmonologist,1,3000,2000,2000,1,1
Kota,Kota-Cityinventory,Pulmonologist,6,3000,2000,2000,1,1
Kota,Kota-Cityinventory,General Surgeon,1,3135,2090,2090,1,0
Kota,Kota-Cityinventory,General Surgeon,6,3000,2000,2000,1,1
Kota,Kota-Cityinventory,General Psychiatry,1,3000,2000,2000,1,1
Kota,Kota-Cityinventory,General Psychiatry,6,3000,2000,2000,1,1
Kota,Kota-Cityinventory,General Gynecology,1,8360,2090,2090,1,1
Kota,Kota-Cityinventory,General Gynecology,6,5225,2090,2090,1,1
Kota,Kota-Cityinventory,General Alt Medicine,1,3000,2000,2000,1,1
Kota,Kota-Cityinventory,General Alt Medicine,6,3000,2000,2000,1,1
Kota,Kota-Cityinventory,General Ophthalmology,1,3000,2000,2000,1,1
Kota,Kota-Cityinventory,General Ophthalmology,6,3000,2000,2000,1,1
Kota,Kota-Cityinventory,Orthopaedics,1,3135,2090,2090,1,1
Kota,Kota-Cityinventory,Orthopaedics,6,3135,2090,2090,1,1
Kottayam,Kottayam-Cityinventory,General Dermatology,1,3135,2090,2090,1,1
Kottayam,Kottayam-Cityinventory,General Dermatology,6,3135,2090,2090,1,1
Kottayam,Kottayam-Cityinventory,Hair Transplant,1,3000,2000,2000,1,1
Kottayam,Kottayam-Cityinventory,Hair Transplant,6,3000,2000,2000,1,1
Kottayam,Kottayam-Cityinventory,General Physician,1,0,2000,2000,1,1
Kottayam,Kottayam-Cityinventory,General Physician,6,0,2000,2000,1,1
Kottayam,Kottayam-Cityinventory,General Dentistry,1,5450,2180,2180,1,0
Kottayam,Kottayam-Cityinventory,General Dentistry,6,5225,2090,2090,1,1
Kottayam,Kottayam,General Dermatology,6,3000,2000,2000,1,1
Kottayam,Kottayam,General Physician,6,3135,2090,2090,1,1
Kozhikode,Kozhikode-Cityinventory,General Dermatology,1,3135,2090,2090,1,1
Kozhikode,Kozhikode-Cityinventory,General Dermatology,6,3135,2090,2090,1,1
Kozhikode,Kozhikode-Cityinventory,Sexologist,1,3000,2000,2000,1,1
Kozhikode,Kozhikode-Cityinventory,Sexologist,6,3000,2000,2000,1,1
Kozhikode,Kozhikode-Cityinventory,Hair Transplant,1,3000,2000,2000,1,1
Kozhikode,Kozhikode-Cityinventory,Hair Transplant,6,3000,2000,2000,1,1
Kozhikode,Kozhikode-Cityinventory,Gastroenterologist,1,3000,2000,2000,1,1
Kozhikode,Kozhikode-Cityinventory,Gastroenterologist,6,3000,2000,2000,1,1
Kozhikode,Kozhikode-Cityinventory,General Physician,1,0,2000,2000,1,1
Kozhikode,Kozhikode-Cityinventory,General Physician,6,0,2000,2000,1,1
Kozhikode,Kozhikode-Cityinventory,General Dentistry,1,3135,2090,2090,1,1
Kozhikode,Kozhikode-Cityinventory,General Dentistry,6,3135,2090,2090,1,1
Kozhikode,Kozhikode-Cityinventory,General Psychiatry,1,3000,2000,2000,1,1
Kozhikode,Kozhikode-Cityinventory,General Psychiatry,6,3000,2000,2000,1,1
Kozhikode,Kozhikode,General Dermatology,1,3135,2090,2090,1,1
Kozhikode,Kozhikode,General Dermatology,6,3135,2090,2090,1,1
Kozhikode,Kozhikode,General Physician,1,3135,2090,2090,1,1
Kozhikode,Kozhikode,General Physician,6,3135,2090,2090,1,1
Kozhikode,Kozhikode,General Dentistry,1,3000,2000,2000,1,1
Kozhikode,Kozhikode,General Dentistry,6,3000,2000,2000,1,1
Kurnool,Kurnool-Cityinventory,Sexologist,1,3135,2090,2090,1,1
Kurnool,Kurnool-Cityinventory,Sexologist,6,3135,2090,2090,1,1
Kurnool,Kurnool-Cityinventory,Gastroenterologist,1,3000,2000,2000,1,1
Kurnool,Kurnool-Cityinventory,Gastroenterologist,6,3000,2000,2000,1,1
Kurnool,Kurnool-Cityinventory,General Physician,1,3135,2090,2090,1,1
Kurnool,Kurnool-Cityinventory,General Physician,6,3135,2090,2090,1,1
Kurnool,Kurnool-Cityinventory,Urologist,1,3000,2000,2000,1,1
Kurnool,Kurnool-Cityinventory,Urologist,6,3000,2000,2000,1,1
Kurnool,Kurnool-Cityinventory,ENT,1,3000,2000,2000,1,1
Kurnool,Kurnool-Cityinventory,ENT,6,3000,2000,2000,1,1
Kurnool,Kurnool-Cityinventory,General Dentistry,1,3000,2000,2000,1,1
Kurnool,Kurnool-Cityinventory,General Dentistry,6,3000,2000,2000,1,1
Kurnool,Kurnool-Cityinventory,General Gynecology,1,3000,2000,2000,1,1
Kurnool,Kurnool-Cityinventory,General Gynecology,6,3000,2000,2000,1,1
Kurnool,Kurnool-Cityinventory,General Pediatrics,1,3000,2000,2000,1,1
Kurnool,Kurnool-Cityinventory,General Pediatrics,6,3000,2000,2000,1,1
Kurnool,Kurnool-Cityinventory,Orthopaedics,1,3000,2000,2000,1,1
Kurnool,Kurnool-Cityinventory,Orthopaedics,6,3000,2000,2000,1,1
Lucknow,Lucknow-Cityinventory,General Dermatology,1,20710,14388,14388,1,0
Lucknow,Lucknow-Cityinventory,General Dermatology,6,14630,6897,6897,1,1
Lucknow,Lucknow-Cityinventory,Neurologist,1,17765,17243,17243,2,1
Lucknow,Lucknow-Cityinventory,Neurologist,6,9405,8621,8621,2,2
Lucknow,Lucknow-Cityinventory,Sexologist,1,27250,2180,2180,4,1
Lucknow,Lucknow-Cityinventory,Sexologist,6,19855,2090,2090,1,0
Lucknow,Lucknow-Cityinventory,Physiotherapist,1,5225,4703,4703,2,2
Lucknow,Lucknow-Cityinventory,Physiotherapist,6,3135,2351,2351,2,2
Lucknow,Lucknow-Cityinventory,Hair Transplant,1,20710,2180,2180,1,1
Lucknow,Lucknow-Cityinventory,Hair Transplant,6,9405,2090,2090,1,1
Lucknow,Lucknow-Cityinventory,Dietitian,1,3135,2090,2090,1,1
Lucknow,Lucknow-Cityinventory,Dietitian,6,3135,2090,2090,1,1
Lucknow,Lucknow-Cityinventory,Endocrinologist,1,5225,2090,2090,1,1
Lucknow,Lucknow-Cityinventory,Endocrinologist,6,3135,2090,2090,1,1
Lucknow,Lucknow-Cityinventory,Gastroenterologist,1,22990,21945,21945,1,1
Lucknow,Lucknow-Cityinventory,Gastroenterologist,6,11495,10973,10973,1,1
Lucknow,Lucknow-Cityinventory,General Physician,1,5225,4703,4703,3,2
Lucknow,Lucknow-Cityinventory,General Physician,6,3135,2351,2351,3,3
Lucknow,Lucknow-Cityinventory,Urologist,1,14630,14108,14108,4,4
Lucknow,Lucknow-Cityinventory,Urologist,6,11495,7054,7054,3,3
Lucknow,Lucknow-Cityinventory,ENT,1,9810,9810,9810,1,0
Lucknow,Lucknow-Cityinventory,ENT,6,5450,4905,4905,1,1
Lucknow,Lucknow-Cityinventory,General Dentistry,1,28340,19675,19675,4,0
Lucknow,Lucknow-Cityinventory,General Dentistry,6,21800,9837,9837,4,0
Lucknow,Lucknow-Cityinventory,Oncologist,1,5225,4703,4703,2,2
Lucknow,Lucknow-Cityinventory,Oncologist,6,5225,2351,2351,2,2
Lucknow,Lucknow-Cityinventory,Cosmetic/Plastic Surgeon,1,22990,2090,2090,1,1
Lucknow,Lucknow-Cityinventory,Cosmetic/Plastic Surgeon,6,11495,2090,2090,1,1
Lucknow,Lucknow-Cityinventory,Pulmonologist,1,9810,2180,2180,1,0
Lucknow,Lucknow-Cityinventory,Pulmonologist,6,5225,2090,2090,1,1
Lucknow,Lucknow-Cityinventory,Cardiologist,1,9810,2180,2180,1,1
Lucknow,Lucknow-Cityinventory,Cardiologist,6,5225,2090,2090,1,1
Lucknow,Lucknow-Cityinventory,Nephrologist,1,5225,4703,4703,5,4
Lucknow,Lucknow-Cityinventory,Nephrologist,6,5225,2351,2351,5,5
Lucknow,Lucknow-Cityinventory,General Surgeon,1,8360,7838,7838,3,3
Lucknow,Lucknow-Cityinventory,General Surgeon,6,5225,3919,3919,3,3
Lucknow,Lucknow-Cityinventory,Veterinarian,1,3135,2090,2090,1,1
Lucknow,Lucknow-Cityinventory,Veterinarian,6,3135,2090,2090,1,1
Lucknow,Lucknow-Cityinventory,General Psychiatry,1,17440,16350,16350,3,1
Lucknow,Lucknow-Cityinventory,General Psychiatry,6,12540,7838,7838,3,3
Lucknow,Lucknow-Cityinventory,Speech Therapist,1,3135,2090,2090,1,1
Lucknow,Lucknow-Cityinventory,Speech Therapist,6,3135,2090,2090,1,1
Lucknow,Lucknow-Cityinventory,General Gynecology,1,24035,23513,23513,3,2
Lucknow,Lucknow-Cityinventory,General Gynecology,6,12540,11756,11756,3,3
Lucknow,Lucknow-Cityinventory,General Alt Medicine,1,6540,6540,6540,1,0
Lucknow,Lucknow-Cityinventory,General Alt Medicine,6,5225,3135,3135,1,1
Lucknow,Lucknow-Cityinventory,General Pediatrics,1,6540,5123,5123,1,0
Lucknow,Lucknow-Cityinventory,General Pediatrics,6,5225,2456,2456,1,1
Lucknow,Lucknow-Cityinventory,General Ophthalmology,1,11495,3135,3135,6,6
Lucknow,Lucknow-Cityinventory,General Ophthalmology,6,9405,2090,2090,6,6
Lucknow,Lucknow-Cityinventory,Orthopaedics,1,23980,22890,22890,3,1
Lucknow,Lucknow-Cityinventory,Orthopaedics,6,17765,10973,10973,3,3
Lucknow,Lucknow-Cityinventory,Homeopathy,1,6540,6540,6540,2,1
Lucknow,Lucknow-Cityinventory,Homeopathy,6,5225,3135,3135,2,2
Lucknow,Ashiyana,General Dermatology,1,13080,2180,2180,1,0
Lucknow,Ashiyana,General Dermatology,6,9405,2090,2090,1,1
Lucknow,Ashiyana,Neurologist,1,8360,2090,2090,1,1
Lucknow,Ashiyana,Neurologist,6,5225,2090,2090,1,1
Lucknow,Ashiyana,Sexologist,1,6270,2090,2090,1,0
Lucknow,Ashiyana,Sexologist,6,5000,2000,2000,1,1
Lucknow,Ashiyana,Physiotherapist,1,3135,2090,2090,1,1
Lucknow,Ashiyana,Physiotherapist,6,3135,2090,2090,1,1
Lucknow,Ashiyana,Endocrinologist,1,3000,2000,2000,1,1
Lucknow,Ashiyana,Endocrinologist,6,3000,2000,2000,1,1
Lucknow,Ashiyana,Gastroenterologist,1,8360,2090,2090,1,1
Lucknow,Ashiyana,Gastroenterologist,6,5225,2090,2090,1,1
Lucknow,Ashiyana,General Physician,1,5450,2180,2180,1,0
Lucknow,Ashiyana,General Physician,6,3135,2090,2090,1,1
Lucknow,Ashiyana,Urologist,1,6270,2090,2090,1,1
Lucknow,Ashiyana,Urologist,6,3135,2090,2090,1,1
Lucknow,Ashiyana,ENT,1,6270,2090,2090,1,1
Lucknow,Ashiyana,ENT,6,3135,2090,2090,1,1
Lucknow,Ashiyana,General Dentistry,1,21800,8175,8175,1,0
Lucknow,Ashiyana,General Dentistry,6,16720,3919,3919,1,1
Lucknow,Ashiyana,Oncologist,1,5225,2090,2090,1,1
Lucknow,Ashiyana,Oncologist,6,3135,2090,2090,1,1
Lucknow,Ashiyana,Cosmetic/Plastic Surgeon,1,3000,2000,2000,1,1
Lucknow,Ashiyana,Cosmetic/Plastic Surgeon,6,3000,2000,2000,1,1
Lucknow,Ashiyana,Pulmonologist,1,5225,2090,2090,1,1
Lucknow,Ashiyana,Pulmonologist,6,3135,2090,2090,1,1
Lucknow,Ashiyana,Cardiologist,1,6270,2090,2090,1,1
Lucknow,Ashiyana,Cardiologist,6,3135,2090,2090,1,1
Lucknow,Ashiyana,Nephrologist,1,3000,2000,2000,1,1
Lucknow,Ashiyana,Nephrologist,6,3000,2000,2000,1,1
Lucknow,Ashiyana,General Surgeon,1,6000,6000,6000,1,1
Lucknow,Ashiyana,General Surgeon,6,3000,3000,3000,1,1
Lucknow,Ashiyana,General Psychiatry,1,6540,5232,5232,1,1
Lucknow,Ashiyana,General Psychiatry,6,5225,2508,2508,1,1
Lucknow,Ashiyana,General Gynecology,1,16720,2508,2508,1,1
Lucknow,Ashiyana,General Gynecology,6,8360,2090,2090,1,1
Lucknow,Ashiyana,General Alt Medicine,1,6270,2090,2090,1,0
Lucknow,Ashiyana,General Alt Medicine,6,5000,2000,2000,1,1
Lucknow,Ashiyana,General Pediatrics,1,5450,2180,2180,1,0
Lucknow,Ashiyana,General Pediatrics,6,5225,2090,2090,1,1
Lucknow,Ashiyana,General Ophthalmology,1,10000,2000,2000,1,1
Lucknow,Ashiyana,General Ophthalmology,6,9000,2000,2000,1,1
Lucknow,Ashiyana,Orthopaedics,1,8360,2090,2090,1,1
Lucknow,Ashiyana,Orthopaedics,6,5225,2090,2090,1,1
Lucknow,Aliganj,General Dermatology,1,11495,3449,3449,1,0
Lucknow,Aliganj,General Dermatology,6,9000,2000,2000,1,1
Lucknow,Aliganj,Neurologist,1,8000,2000,2000,1,1
Lucknow,Aliganj,Neurologist,6,5000,2000,2000,1,1
Lucknow,Aliganj,Sexologist,1,11495,2090,2090,1,0
Lucknow,Aliganj,Sexologist,6,9000,2000,2000,1,1
Lucknow,Aliganj,Gastroenterologist,1,11495,2090,2090,1,1
Lucknow,Aliganj,Gastroenterologist,6,6000,2000,2000,1,1
Lucknow,Aliganj,General Physician,1,3135,2090,2090,1,1
Lucknow,Aliganj,General Physician,6,3135,2090,2090,1,1
Lucknow,Aliganj,Urologist,1,3000,2000,2000,1,1
Lucknow,Aliganj,Urologist,6,3000,2000,2000,1,1
Lucknow,Aliganj,ENT,1,5225,2090,2090,1,1
Lucknow,Aliganj,ENT,6,3135,2090,2090,1,1
Lucknow,Aliganj,General Dentistry,1,8360,7106,7106,1,0
Lucknow,Aliganj,General Dentistry,6,6270,3553,3553,1,0
Lucknow,Aliganj,General Surgeon,1,3000,3000,3000,3,3
Lucknow,Aliganj,General Surgeon,6,3000,2000,2000,3,3
Lucknow,Aliganj,General Psychiatry,1,5000,4500,4500,4,3
Lucknow,Aliganj,General Psychiatry,6,5000,2250,2250,4,4
Lucknow,Aliganj,General Gynecology,1,11495,2090,2090,1,1
Lucknow,Aliganj,General Gynecology,6,9405,2090,2090,1,1
Lucknow,Aliganj,General Pediatrics,1,3000,2000,2000,1,1
Lucknow,Aliganj,General Pediatrics,6,3000,2000,2000,1,1
Lucknow,Aliganj,General Ophthalmology,1,8000,3800,3800,1,1
Lucknow,Aliganj,General Ophthalmology,6,5000,2000,2000,1,1
Lucknow,Aliganj,Orthopaedics,1,10000,9300,9300,1,1
Lucknow,Aliganj,Orthopaedics,6,9000,4650,4650,1,1
Lucknow,Indranagar,General Dermatology,1,6270,6270,6270,1,0
Lucknow,Indranagar,General Dermatology,6,5000,3000,3000,1,1
Lucknow,Indranagar,Sexologist,1,5225,2090,2090,1,0
Lucknow,Indranagar,Sexologist,6,5000,2000,2000,1,1
Lucknow,Indranagar,Gastroenterologist,1,3135,2090,2090,1,1
Lucknow,Indranagar,Gastroenterologist,6,3135,2090,2090,1,1
Lucknow,Indranagar,General Physician,1,3270,2180,2180,1,1
Lucknow,Indranagar,General Physician,6,3135,2090,2090,1,1
Lucknow,Indranagar,ENT,1,5225,2090,2090,1,1
Lucknow,Indranagar,ENT,6,5225,2090,2090,1,1
Lucknow,Indranagar,General Dentistry,1,8360,5330,5330,1,0
Lucknow,Indranagar,General Dentistry,6,6000,2550,2550,1,0
Lucknow,Indranagar,General Surgeon,1,5000,2000,2000,1,1
Lucknow,Indranagar,General Surgeon,6,5000,2000,2000,1,1
Lucknow,Indranagar,General Psychiatry,1,5000,2000,2000,1,1
Lucknow,Indranagar,General Psychiatry,6,3000,2000,2000,1,1
Lucknow,Indranagar,General Gynecology,1,11990,5777,5777,1,1
Lucknow,Indranagar,General Gynecology,6,9405,2769,2769,1,1
Lucknow,Indranagar,General Alt Medicine,1,5225,2090,2090,1,1
Lucknow,Indranagar,General Alt Medicine,6,5000,2000,2000,1,1
Lucknow,Indranagar,Orthopaedics,1,11495,2090,2090,1,0
Lucknow,Indranagar,Orthopaedics,6,9405,2090,2090,1,1
Lucknow,Hazratganj,General Dermatology,1,11990,2180,2180,1,1
Lucknow,Hazratganj,General Dermatology,6,9405,2090,2090,1,1
Lucknow,Hazratganj,Neurologist,1,8360,2090,2090,1,1
Lucknow,Hazratganj,Neurologist,6,5225,2090,2090,1,1
Lucknow,Hazratganj,Sexologist,1,6270,2090,2090,1,0
Lucknow,Hazratganj,Sexologist,6,5000,2000,2000,1,1
Lucknow,Hazratganj,Gastroenterologist,1,8720,2180,2180,1,1
Lucknow,Hazratganj,Gastroenterologist,6,5450,2180,2180,1,0
Lucknow,Hazratganj,General Physician,1,3135,2090,2090,1,1
Lucknow,Hazratganj,General Physician,6,3135,2090,2090,1,1
Lucknow,Hazratganj,Urologist,1,5225,2090,2090,1,1
Lucknow,Hazratganj,Urologist,6,3135,2090,2090,1,1
Lucknow,Hazratganj,ENT,1,5225,2090,2090,1,1
Lucknow,Hazratganj,ENT,6,3135,2090,2090,1,1
Lucknow,Hazratganj,General Dentistry,1,8720,4578,4578,1,0
Lucknow,Hazratganj,General Dentistry,6,6270,2195,2195,1,0
Lucknow,Hazratganj,Pulmonologist,1,3000,2000,2000,1,1
Lucknow,Hazratganj,Pulmonologist,6,3000,2000,2000,1,1
Lucknow,Hazratganj,Cardiologist,1,3135,2090,2090,1,1
Lucknow,Hazratganj,Cardiologist,6,3135,2090,2090,1,1
Lucknow,Hazratganj,General Psychiatry,1,3135,3135,3135,2,2
Lucknow,Hazratganj,General Psychiatry,6,3135,2090,2090,2,2
Lucknow,Hazratganj,General Gynecology,1,11495,10973,10973,3,3
Lucknow,Hazratganj,General Gynecology,6,6270,5486,5486,3,3
Lucknow,Hazratganj,General Pediatrics,1,3000,2000,2000,1,1
Lucknow,Hazratganj,General Pediatrics,6,3000,2000,2000,1,1
Lucknow,Hazratganj,General Ophthalmology,1,8000,2000,2000,1,1
Lucknow,Hazratganj,General Ophthalmology,6,5000,2000,2000,1,1
Lucknow,Hazratganj,Orthopaedics,1,8360,2090,2090,1,1
Lucknow,Hazratganj,Orthopaedics,6,5225,2090,2090,1,1
Lucknow,Hazratganj,Homeopathy,1,5000,2000,2000,1,1
Lucknow,Hazratganj,Homeopathy,6,5000,2000,2000,1,1
Lucknow,Vikas Nagar,General Dermatology,1,6270,2090,2090,1,0
Lucknow,Vikas Nagar,General Dermatology,6,5000,2000,2000,1,1
Lucknow,Vikas Nagar,Sexologist,1,5225,2090,2090,1,0
Lucknow,Vikas Nagar,Sexologist,6,5000,2000,2000,1,1
Lucknow,Vikas Nagar,General Physician,1,5450,2180,2180,1,1
Lucknow,Vikas Nagar,General Physician,6,5225,2090,2090,1,1
Lucknow,Vikas Nagar,ENT,1,3135,2090,2090,1,1
Lucknow,Vikas Nagar,ENT,6,3135,2090,2090,1,1
Lucknow,Vikas Nagar,General Dentistry,1,5000,2000,2000,1,0
Lucknow,Vikas Nagar,General Dentistry,6,5000,2000,2000,1,1
Lucknow,Vikas Nagar,General Gynecology,1,9000,2000,2000,1,1
Lucknow,Vikas Nagar,General Gynecology,6,8000,2000,2000,1,1
Lucknow,Vikas Nagar,General Pediatrics,1,3000,2000,2000,1,1
Lucknow,Vikas Nagar,General Pediatrics,6,3000,2000,2000,1,1
Lucknow,Vikas Nagar,Orthopaedics,1,9000,2200,2200,1,1
Lucknow,Vikas Nagar,Orthopaedics,6,8000,2000,2000,1,1
Lucknow,Gomtinagar,General Dermatology,1,8720,2616,2616,1,0
Lucknow,Gomtinagar,General Dermatology,6,6270,2090,2090,1,1
Lucknow,Gomtinagar,Neurologist,1,8360,2090,2090,1,1
Lucknow,Gomtinagar,Neurologist,6,6270,2090,2090,1,1
Lucknow,Gomtinagar,Sexologist,1,6270,2090,2090,2,1
Lucknow,Gomtinagar,Sexologist,6,5225,2090,2090,1,1
Lucknow,Gomtinagar,Gastroenterologist,1,8720,2180,2180,1,1
Lucknow,Gomtinagar,Gastroenterologist,6,5225,2090,2090,1,1
Lucknow,Gomtinagar,General Physician,1,3135,3135,3135,3,3
Lucknow,Gomtinagar,General Physician,6,3135,2090,2090,3,3
Lucknow,Gomtinagar,Urologist,1,3135,3135,3135,6,6
Lucknow,Gomtinagar,Urologist,6,3135,2090,2090,6,6
Lucknow,Gomtinagar,ENT,1,8360,7838,7838,1,1
Lucknow,Gomtinagar,ENT,6,6270,3919,3919,1,1
Lucknow,Gomtinagar,General Dentistry,1,11990,11445,11445,2,0
Lucknow,Gomtinagar,General Dentistry,6,9810,5723,5723,2,0
Lucknow,Gomtinagar,Pulmonologist,1,3000,2000,2000,1,0
Lucknow,Gomtinagar,Pulmonologist,6,3000,2000,2000,1,1
Lucknow,Gomtinagar,General Psychiatry,1,3135,3135,3135,2,2
Lucknow,Gomtinagar,General Psychiatry,6,3135,2090,2090,2,2
Lucknow,Gomtinagar,General Gynecology,1,17440,16350,16350,2,2
Lucknow,Gomtinagar,General Gynecology,6,8360,7838,7838,2,2
Lucknow,Gomtinagar,General Alt Medicine,1,6270,2090,2090,1,0
Lucknow,Gomtinagar,General Alt Medicine,6,5000,2000,2000,1,1
Lucknow,Gomtinagar,General Pediatrics,1,6540,3270,3270,1,0
Lucknow,Gomtinagar,General Pediatrics,6,5225,2090,2090,1,1
Lucknow,Gomtinagar,General Ophthalmology,1,6000,6000,6000,2,2
Lucknow,Gomtinagar,General Ophthalmology,6,5000,3000,3000,2,2
Lucknow,Gomtinagar,Orthopaedics,1,12540,12540,12540,3,3
Lucknow,Gomtinagar,Orthopaedics,6,6270,6270,6270,3,3
Lucknow,Gomtinagar,Homeopathy,1,6270,2090,2090,1,1
Lucknow,Gomtinagar,Homeopathy,6,5000,2000,2000,1,1
Ludhiana,Ludhiana-Cityinventory,General Dermatology,1,8720,4360,4360,4,0
Ludhiana,Ludhiana-Cityinventory,General Dermatology,6,6270,2090,2090,1,1
Ludhiana,Ludhiana-Cityinventory,Neurologist,1,3135,2090,2090,1,1
Ludhiana,Ludhiana-Cityinventory,Neurologist,6,3135,2090,2090,1,1
Ludhiana,Ludhiana-Cityinventory,Sexologist,1,3270,2180,2180,1,0
Ludhiana,Ludhiana-Cityinventory,Sexologist,6,3135,2090,2090,1,1
Ludhiana,Ludhiana-Cityinventory,Physiotherapist,1,3135,2090,2090,1,1
Ludhiana,Ludhiana-Cityinventory,Physiotherapist,6,3135,2090,2090,1,1
Ludhiana,Ludhiana-Cityinventory,Hair Transplant,1,3135,2090,2090,1,0
Ludhiana,Ludhiana-Cityinventory,Hair Transplant,6,3135,2090,2090,1,1
Ludhiana,Ludhiana-Cityinventory,Dietitian,1,3135,2090,2090,1,1
Ludhiana,Ludhiana-Cityinventory,Dietitian,6,3135,2090,2090,1,1
Ludhiana,Ludhiana-Cityinventory,Endocrinologist,1,3135,2090,2090,1,1
Ludhiana,Ludhiana-Cityinventory,Endocrinologist,6,3135,2090,2090,1,1
Ludhiana,Ludhiana-Cityinventory,Gastroenterologist,1,23980,2180,2180,1,0
Ludhiana,Ludhiana-Cityinventory,Gastroenterologist,6,11495,2090,2090,1,1
Ludhiana,Ludhiana-Cityinventory,General Physician,1,3135,2090,2090,1,1
Ludhiana,Ludhiana-Cityinventory,General Physician,6,3135,2090,2090,1,1
Ludhiana,Ludhiana-Cityinventory,Urologist,1,5225,2090,2090,1,1
Ludhiana,Ludhiana-Cityinventory,Urologist,6,3135,2090,2090,1,1
Ludhiana,Ludhiana-Cityinventory,ENT,1,6270,2090,2090,4,3
Ludhiana,Ludhiana-Cityinventory,ENT,6,5225,2090,2090,1,1
Ludhiana,Ludhiana-Cityinventory,General Dentistry,1,3270,2943,2943,1,1
Ludhiana,Ludhiana-Cityinventory,General Dentistry,6,3135,2090,2090,1,1
Ludhiana,Ludhiana-Cityinventory,Oncologist,1,3000,2000,2000,1,1
Ludhiana,Ludhiana-Cityinventory,Oncologist,6,3000,2000,2000,1,1
Ludhiana,Ludhiana-Cityinventory,Cosmetic/Plastic Surgeon,1,20000,2090,2090,4,3
Ludhiana,Ludhiana-Cityinventory,Cosmetic/Plastic Surgeon,6,11495,2090,2090,1,1
Ludhiana,Ludhiana-Cityinventory,Pulmonologist,1,3000,2000,2000,1,1
Ludhiana,Ludhiana-Cityinventory,Pulmonologist,6,3000,2000,2000,1,1
Ludhiana,Ludhiana-Cityinventory,Cardiologist,1,3000,2000,2000,1,1
Ludhiana,Ludhiana-Cityinventory,Cardiologist,6,3000,2000,2000,1,1
Ludhiana,Ludhiana-Cityinventory,General Surgeon,1,8360,7838,7838,2,2
Ludhiana,Ludhiana-Cityinventory,General Surgeon,6,5225,3919,3919,2,2
Ludhiana,Ludhiana-Cityinventory,General Psychiatry,1,5450,4905,4905,1,0
Ludhiana,Ludhiana-Cityinventory,General Psychiatry,6,5225,2351,2351,1,1
Ludhiana,Ludhiana-Cityinventory,General Gynecology,1,9405,2090,2090,1,1
Ludhiana,Ludhiana-Cityinventory,General Gynecology,6,5225,2090,2090,1,1
Ludhiana,Ludhiana-Cityinventory,General Alt Medicine,1,6540,2180,2180,1,0
Ludhiana,Ludhiana-Cityinventory,General Alt Medicine,6,5225,2090,2090,1,1
Ludhiana,Ludhiana-Cityinventory,General Pediatrics,1,3135,2090,2090,1,1
Ludhiana,Ludhiana-Cityinventory,General Pediatrics,6,3135,2090,2090,1,1
Ludhiana,Ludhiana-Cityinventory,General Ophthalmology,1,5225,2090,2090,1,1
Ludhiana,Ludhiana-Cityinventory,General Ophthalmology,6,3135,2090,2090,1,1
Ludhiana,Ludhiana-Cityinventory,Orthopaedics,1,5225,2090,2090,1,1
Ludhiana,Ludhiana-Cityinventory,Orthopaedics,6,3135,2090,2090,1,1
Ludhiana,Ludhiana-Cityinventory,Homeopathy,1,5225,2090,2090,1,1
Ludhiana,Ludhiana-Cityinventory,Homeopathy,6,3135,2090,2090,1,1
Ludhiana,Ludhiana Zone 1,Sexologist,1,3000,2000,2000,1,1
Ludhiana,Ludhiana Zone 1,Sexologist,6,3000,2000,2000,1,1
Ludhiana,Ludhiana Zone 1,General Alt Medicine,1,3000,2000,2000,1,1
Ludhiana,Ludhiana Zone 1,General Alt Medicine,6,3000,2000,2000,1,1
Ludhiana,Ludhiana Zone 3,General Dermatology,1,5000,2000,2000,1,1
Ludhiana,Ludhiana Zone 3,General Dermatology,6,3000,2000,2000,1,1
Ludhiana,Ludhiana Zone 3,Gastroenterologist,1,3000,2000,2000,1,1
Ludhiana,Ludhiana Zone 3,Gastroenterologist,6,3000,2000,2000,1,1
Ludhiana,Ludhiana Zone 3,General Physician,1,3000,2000,2000,1,1
Ludhiana,Ludhiana Zone 3,General Physician,6,3000,2000,2000,1,1
Ludhiana,Ludhiana Zone 3,Urologist,1,3000,2000,2000,1,1
Ludhiana,Ludhiana Zone 3,Urologist,6,3000,2000,2000,1,1
Ludhiana,Ludhiana Zone 3,ENT,1,3000,2000,2000,1,1
Ludhiana,Ludhiana Zone 3,ENT,6,3000,2000,2000,1,1
Ludhiana,Ludhiana Zone 3,General Dentistry,1,5000,2000,2000,1,1
Ludhiana,Ludhiana Zone 3,General Dentistry,6,5000,2000,2000,1,1
Ludhiana,Ludhiana Zone 3,General Psychiatry,1,5000,4000,4000,1,1
Ludhiana,Ludhiana Zone 3,General Psychiatry,6,5000,2000,2000,1,1
Ludhiana,Ludhiana Zone 3,General Gynecology,1,9405,2090,2090,1,1
Ludhiana,Ludhiana Zone 3,General Gynecology,6,5000,2000,2000,1,1
Ludhiana,Ludhiana Zone 3,Orthopaedics,1,3000,2000,2000,1,1
Ludhiana,Ludhiana Zone 3,Orthopaedics,6,3000,2000,2000,1,1
Madurai,Madurai-Cityinventory,General Dermatology,1,3270,2180,2180,1,0
Madurai,Madurai-Cityinventory,General Dermatology,6,3135,2090,2090,1,1
Madurai,Madurai-Cityinventory,Neurologist,1,5450,2180,2180,1,0
Madurai,Madurai-Cityinventory,Neurologist,6,5450,2180,2180,1,1
Madurai,Madurai-Cityinventory,Sexologist,1,3000,2000,2000,1,1
Madurai,Madurai-Cityinventory,Sexologist,6,3000,2000,2000,1,1
Madurai,Madurai-Cityinventory,Hair Transplant,1,3000,2000,2000,1,1
Madurai,Madurai-Cityinventory,Hair Transplant,6,3000,2000,2000,1,1
Madurai,Madurai-Cityinventory,Endocrinologist,1,3270,2180,2180,1,0
Madurai,Madurai-Cityinventory,Endocrinologist,6,3135,2090,2090,1,1
Madurai,Madurai-Cityinventory,Gastroenterologist,1,6540,2180,2180,1,0
Madurai,Madurai-Cityinventory,Gastroenterologist,6,3135,2090,2090,1,1
Madurai,Madurai-Cityinventory,General Physician,1,3270,2180,2180,1,0
Madurai,Madurai-Cityinventory,General Physician,6,3135,2090,2090,1,1
Madurai,Madurai-Cityinventory,Urologist,1,5225,2090,2090,1,0
Madurai,Madurai-Cityinventory,Urologist,6,3000,2000,2000,1,1
Madurai,Madurai-Cityinventory,ENT,1,3270,2180,2180,1,0
Madurai,Madurai-Cityinventory,ENT,6,3135,2090,2090,1,1
Madurai,Madurai-Cityinventory,General Dentistry,1,5450,2507,2507,1,0
Madurai,Madurai-Cityinventory,General Dentistry,6,5225,2090,2090,1,1
Madurai,Madurai-Cityinventory,Oncologist,1,3135,2090,2090,1,0
Madurai,Madurai-Cityinventory,Oncologist,6,3000,2000,2000,1,1
Madurai,Madurai-Cityinventory,Cosmetic/Plastic Surgeon,1,9405,2090,2090,1,0
Madurai,Madurai-Cityinventory,Cosmetic/Plastic Surgeon,6,5000,2000,2000,1,1
Madurai,Madurai-Cityinventory,Pulmonologist,1,3270,2180,2180,1,0
Madurai,Madurai-Cityinventory,Pulmonologist,6,3135,2090,2090,1,1
Madurai,Madurai-Cityinventory,Cardiologist,1,5225,2090,2090,1,0
Madurai,Madurai-Cityinventory,Cardiologist,6,3000,2000,2000,1,1
Madurai,Madurai-Cityinventory,Nephrologist,1,0,2000,2000,1,0
Madurai,Madurai-Cityinventory,General Surgeon,1,8360,2090,2090,1,0
Madurai,Madurai-Cityinventory,General Surgeon,6,5000,2000,2000,1,1
Madurai,Madurai-Cityinventory,General Psychiatry,1,5450,2180,2180,1,0
Madurai,Madurai-Cityinventory,General Psychiatry,6,5450,2180,2180,1,0
Madurai,Madurai-Cityinventory,General Gynecology,1,20710,2180,2180,1,0
Madurai,Madurai-Cityinventory,General Gynecology,6,14630,2090,2090,1,1
Madurai,Madurai-Cityinventory,General Pediatrics,1,3270,2180,2180,1,0
Madurai,Madurai-Cityinventory,General Pediatrics,6,3135,2090,2090,1,1
Madurai,Madurai-Cityinventory,Orthopaedics,1,5450,2180,2180,1,0
Madurai,Madurai-Cityinventory,Orthopaedics,6,3135,2090,2090,1,1
Madurai,Madurai-Cityinventory,Homeopathy,1,3000,2000,2000,1,1
Madurai,Madurai-Cityinventory,Homeopathy,6,3000,2000,2000,1,1
Madurai,Madurai,General Dermatology,6,3000,2000,2000,1,1
Madurai,Madurai,General Physician,6,3135,2090,2090,1,1
Madurai,Madurai,General Dentistry,1,3135,2404,2404,1,1
Madurai,Madurai,General Dentistry,6,3000,2000,2000,1,1
Madurai,Madurai,General Gynecology,6,3000,2000,2000,1,1
Malappuram,Malappuram-Cityinventory,General Physician,1,3000,2000,2000,1,1
Malappuram,Malappuram-Cityinventory,General Physician,6,3000,2000,2000,1,1
Malda,Malda-Cityinventory,General Physician,1,3000,2000,2000,1,1
Malda,Malda-Cityinventory,General Physician,6,3000,2000,2000,1,1
Mangalore,Mangalore-Cityinventory,General Dermatology,1,3135,2299,2299,1,1
Mangalore,Mangalore-Cityinventory,General Dermatology,6,3135,2090,2090,1,1
Mangalore,Mangalore-Cityinventory,Neurologist,1,5225,4703,4703,2,2
Mangalore,Mangalore-Cityinventory,Neurologist,6,3135,2351,2351,2,2
Mangalore,Mangalore-Cityinventory,Sexologist,1,3135,2090,2090,1,1
Mangalore,Mangalore-Cityinventory,Sexologist,6,3135,2090,2090,1,1
Mangalore,Mangalore-Cityinventory,Hair Transplant,1,3000,2000,2000,1,1
Mangalore,Mangalore-Cityinventory,Hair Transplant,6,3000,2000,2000,1,1
Mangalore,Mangalore-Cityinventory,Gastroenterologist,1,8360,3971,3971,1,1
Mangalore,Mangalore-Cityinventory,Gastroenterologist,6,5225,2090,2090,1,1
Mangalore,Mangalore-Cityinventory,General Physician,1,3135,3135,3135,1,1
Mangalore,Mangalore-Cityinventory,General Physician,6,3135,2090,2090,1,1
Mangalore,Mangalore-Cityinventory,Urologist,1,5225,2090,2090,1,1
Mangalore,Mangalore-Cityinventory,Urologist,6,3135,2090,2090,1,1
Mangalore,Mangalore-Cityinventory,ENT,1,3135,2090,2090,1,1
Mangalore,Mangalore-Cityinventory,ENT,6,3135,2090,2090,1,1
Mangalore,Mangalore-Cityinventory,General Dentistry,1,8720,2180,2180,1,0
Mangalore,Mangalore-Cityinventory,General Dentistry,6,6270,2090,2090,1,1
Mangalore,Mangalore-Cityinventory,Cosmetic/Plastic Surgeon,1,5225,2090,2090,1,1
Mangalore,Mangalore-Cityinventory,Cosmetic/Plastic Surgeon,6,3135,2090,2090,1,1
Mangalore,Mangalore-Cityinventory,Pulmonologist,1,3135,3135,3135,3,3
Mangalore,Mangalore-Cityinventory,Pulmonologist,6,3135,2090,2090,3,3
Mangalore,Mangalore-Cityinventory,Cardiologist,1,3135,3135,3135,2,2
Mangalore,Mangalore-Cityinventory,Cardiologist,6,3135,2090,2090,2,2
Mangalore,Mangalore-Cityinventory,General Surgeon,1,5225,2090,2090,1,1
Mangalore,Mangalore-Cityinventory,General Surgeon,6,3135,2090,2090,1,1
Mangalore,Mangalore-Cityinventory,General Psychiatry,1,3135,3135,3135,4,4
Mangalore,Mangalore-Cityinventory,General Psychiatry,6,3135,2090,2090,4,4
Mangalore,Mangalore-Cityinventory,General Gynecology,1,14630,2090,2090,1,1
Mangalore,Mangalore-Cityinventory,General Gynecology,6,8360,2090,2090,1,1
Mangalore,Mangalore-Cityinventory,General Alt Medicine,1,3000,2000,2000,1,1
Mangalore,Mangalore-Cityinventory,General Alt Medicine,6,3000,2000,2000,1,1
Mangalore,Mangalore-Cityinventory,General Pediatrics,1,3135,2090,2090,1,1
Mangalore,Mangalore-Cityinventory,General Pediatrics,6,3135,2090,2090,1,1
Mangalore,Mangalore-Cityinventory,General Ophthalmology,1,3135,2090,2090,1,1
Mangalore,Mangalore-Cityinventory,General Ophthalmology,6,3135,2090,2090,1,1
Mangalore,Mangalore-Cityinventory,Orthopaedics,1,9405,2299,2299,1,1
Mangalore,Mangalore-Cityinventory,Orthopaedics,6,5225,2090,2090,1,1
Mangalore,Mangalore,General Dermatology,6,3135,2090,2090,1,1
Mangalore,Mangalore,Gastroenterologist,6,3000,2000,2000,1,1
Mangalore,Mangalore,General Physician,6,3135,2090,2090,1,1
Mangalore,Mangalore,ENT,6,3135,2090,2090,1,1
Mangalore,Mangalore,General Dentistry,1,5450,2180,2180,1,0
Mangalore,Mangalore,General Dentistry,6,3135,2090,2090,1,1
Mangalore,Mangalore,Cosmetic/Plastic Surgeon,1,3000,2000,2000,1,1
Mangalore,Mangalore,Cosmetic/Plastic Surgeon,6,3000,2000,2000,1,1
Mangalore,Mangalore,General Gynecology,1,6270,2090,2090,1,1
Mangalore,Mangalore,General Gynecology,6,3135,2090,2090,1,1
Mangalore,Mangalore,Orthopaedics,6,3000,2000,2000,1,1
Mathura,Mathura-Cityinventory,Sexologist,1,3000,2000,2000,1,1
Mathura,Mathura-Cityinventory,Sexologist,6,3000,2000,2000,1,1
Mathura,Mathura-Cityinventory,Gastroenterologist,1,3135,2090,2090,1,1
Mathura,Mathura-Cityinventory,Gastroenterologist,6,3135,2090,2090,1,1
Mathura,Mathura-Cityinventory,General Physician,1,3135,2090,2090,1,1
Mathura,Mathura-Cityinventory,General Physician,6,3135,2090,2090,1,1
Mathura,Mathura-Cityinventory,General Dentistry,1,3135,2090,2090,1,1
Mathura,Mathura-Cityinventory,General Dentistry,6,3135,2090,2090,1,1
Mathura,Mathura-Cityinventory,General Gynecology,1,3000,2000,2000,1,1
Mathura,Mathura-Cityinventory,General Gynecology,6,3000,2000,2000,1,1
Meerut,Meerut-Cityinventory,General Dermatology,1,5225,2508,2508,4,4
Meerut,Meerut-Cityinventory,General Dermatology,6,3135,2090,2090,1,1
Meerut,Meerut-Cityinventory,Neurologist,1,3135,3135,3135,2,2
Meerut,Meerut-Cityinventory,Neurologist,6,3135,2090,2090,2,2
Meerut,Meerut-Cityinventory,Sexologist,1,3135,2090,2090,1,1
Meerut,Meerut-Cityinventory,Sexologist,6,3135,2090,2090,1,1
Meerut,Meerut-Cityinventory,Physiotherapist,1,3270,2180,2180,1,1
Meerut,Meerut-Cityinventory,Physiotherapist,6,3135,2090,2090,1,1
Meerut,Meerut-Cityinventory,Hair Transplant,1,6000,2000,2000,1,1
Meerut,Meerut-Cityinventory,Hair Transplant,6,3000,2000,2000,1,1
Meerut,Meerut-Cityinventory,Endocrinologist,1,3135,2090,2090,1,1
Meerut,Meerut-Cityinventory,Endocrinologist,6,3135,2090,2090,1,1
Meerut,Meerut-Cityinventory,Gastroenterologist,1,9405,2090,2090,1,1
Meerut,Meerut-Cityinventory,Gastroenterologist,6,5225,2090,2090,1,1
Meerut,Meerut-Cityinventory,General Physician,1,3135,2090,2090,1,1
Meerut,Meerut-Cityinventory,General Physician,6,3135,2090,2090,1,1
Meerut,Meerut-Cityinventory,Urologist,1,3270,2180,2180,1,0
Meerut,Meerut-Cityinventory,Urologist,6,3135,2090,2090,1,1
Meerut,Meerut-Cityinventory,ENT,1,3135,2090,2090,1,1
Meerut,Meerut-Cityinventory,ENT,6,3135,2090,2090,1,1
Meerut,Meerut-Cityinventory,General Dentistry,1,8720,3379,3379,1,1
Meerut,Meerut-Cityinventory,General Dentistry,6,6270,2090,2090,1,0
Meerut,Meerut-Cityinventory,Oncologist,1,6000,2000,2000,1,1
Meerut,Meerut-Cityinventory,Oncologist,6,3000,2000,2000,1,1
Meerut,Meerut-Cityinventory,Cosmetic/Plastic Surgeon,1,9405,2090,2090,1,1
Meerut,Meerut-Cityinventory,Cosmetic/Plastic Surgeon,6,5225,2090,2090,1,1
Meerut,Meerut-Cityinventory,Pulmonologist,1,6540,2180,2180,1,1
Meerut,Meerut-Cityinventory,Pulmonologist,6,5225,2090,2090,1,1
Meerut,Meerut-Cityinventory,Cardiologist,1,3135,2090,2090,1,1
Meerut,Meerut-Cityinventory,Cardiologist,6,3135,2090,2090,1,1
Meerut,Meerut-Cityinventory,General Surgeon,1,6270,6270,6270,1,1
Meerut,Meerut-Cityinventory,General Surgeon,6,5225,3135,3135,1,1
Meerut,Meerut-Cityinventory,General Psychiatry,1,5450,2180,2180,2,2
Meerut,Meerut-Cityinventory,General Psychiatry,6,5225,2090,2090,1,1
Meerut,Meerut-Cityinventory,General Gynecology,1,13080,2180,2180,1,0
Meerut,Meerut-Cityinventory,General Gynecology,6,6270,2090,2090,1,1
Meerut,Meerut-Cityinventory,General Alt Medicine,1,3135,2090,2090,1,1
Meerut,Meerut-Cityinventory,General Alt Medicine,6,3135,2090,2090,1,1
Meerut,Meerut-Cityinventory,General Pediatrics,1,3135,2090,2090,1,1
Meerut,Meerut-Cityinventory,General Pediatrics,6,3135,2090,2090,1,1
Meerut,Meerut-Cityinventory,General Ophthalmology,1,8720,2180,2180,1,0
Meerut,Meerut-Cityinventory,General Ophthalmology,6,5225,2090,2090,1,0
Meerut,Meerut-Cityinventory,Orthopaedics,1,5450,2180,2180,1,0
Meerut,Meerut-Cityinventory,Orthopaedics,6,3135,2090,2090,1,1
Meerut,Meerut-Cityinventory,Homeopathy,1,3135,2090,2090,1,1
Meerut,Meerut-Cityinventory,Homeopathy,6,3135,2090,2090,1,1
Meerut,Sadar Bazaar,General Physician,1,3000,2000,2000,1,1
Meerut,Sadar Bazaar,General Physician,6,3000,2000,2000,1,1
Meerut,Sadar Bazaar,General Dentistry,1,3000,2000,2000,1,1
Meerut,Sadar Bazaar,General Dentistry,6,3000,2000,2000,1,1
Meerut,Sadar Bazaar,General Gynecology,1,3000,2000,2000,1,1
Meerut,Sadar Bazaar,General Gynecology,6,3000,2000,2000,1,1
Meerut,Saket Ganganagar,General Gynecology,1,3000,2000,2000,1,1
Meerut,Saket Ganganagar,General Gynecology,6,3000,2000,2000,1,1
Meerut,Shastri Nagar,General Physician,1,3000,3000,3000,1,1
Meerut,Shastri Nagar,General Physician,6,3000,2200,2200,1,1
Mohali,Mohali-Cityinventory,General Dermatology,1,5225,4703,4703,3,2
Mohali,Mohali-Cityinventory,General Dermatology,6,3135,2351,2351,3,3
Mohali,Mohali-Cityinventory,Neurologist,1,3135,3135,3135,3,3
Mohali,Mohali-Cityinventory,Neurologist,6,3135,2090,2090,3,3
Mohali,Mohali-Cityinventory,Sexologist,1,3135,2090,2090,1,1
Mohali,Mohali-Cityinventory,Sexologist,6,3135,2090,2090,1,1
Mohali,Mohali-Cityinventory,Physiotherapist,1,5225,2613,2613,1,1
Mohali,Mohali-Cityinventory,Physiotherapist,6,3135,2090,2090,1,1
Mohali,Mohali-Cityinventory,Endocrinologist,1,3135,3135,3135,1,1
Mohali,Mohali-Cityinventory,Endocrinologist,6,3135,2090,2090,1,1
Mohali,Mohali-Cityinventory,Gastroenterologist,1,8360,7838,7838,3,3
Mohali,Mohali-Cityinventory,Gastroenterologist,6,5225,3919,3919,3,3
Mohali,Mohali-Cityinventory,General Physician,1,3135,2090,2090,1,1
Mohali,Mohali-Cityinventory,General Physician,6,3135,2090,2090,1,1
Mohali,Mohali-Cityinventory,Urologist,1,5225,4703,4703,1,1
Mohali,Mohali-Cityinventory,Urologist,6,3135,2351,2351,1,1
Mohali,Mohali-Cityinventory,ENT,1,3135,3135,3135,1,1
Mohali,Mohali-Cityinventory,ENT,6,3135,2090,2090,1,1
Mohali,Mohali-Cityinventory,General Dentistry,1,6270,5121,5121,1,1
Mohali,Mohali-Cityinventory,General Dentistry,6,5225,2560,2560,1,1
Mohali,Mohali-Cityinventory,Oncologist,1,10000,2200,2200,1,1
Mohali,Mohali-Cityinventory,Oncologist,6,10000,2000,2000,1,1
Mohali,Mohali-Cityinventory,Cosmetic/Plastic Surgeon,1,3000,2000,2000,1,1
Mohali,Mohali-Cityinventory,Cosmetic/Plastic Surgeon,6,3000,2000,2000,1,1
Mohali,Mohali-Cityinventory,Pulmonologist,1,3135,2717,2717,1,1
Mohali,Mohali-Cityinventory,Pulmonologist,6,3135,2090,2090,1,1
Mohali,Mohali-Cityinventory,Cardiologist,1,3135,3135,3135,1,1
Mohali,Mohali-Cityinventory,Cardiologist,6,3135,2090,2090,1,1
Mohali,Mohali-Cityinventory,Nephrologist,1,0,3000,3000,2,2
Mohali,Mohali-Cityinventory,Nephrologist,6,0,2000,2000,2,2
Mohali,Mohali-Cityinventory,General Surgeon,1,10000,4100,4100,1,1
Mohali,Mohali-Cityinventory,General Surgeon,6,10000,2050,2050,1,1
Mohali,Mohali-Cityinventory,General Psychiatry,1,3135,2822,2822,1,1
Mohali,Mohali-Cityinventory,General Psychiatry,6,3135,2090,2090,1,1
Mohali,Mohali-Cityinventory,General Gynecology,1,8360,7838,7838,2,2
Mohali,Mohali-Cityinventory,General Gynecology,6,5225,3919,3919,2,2
Mohali,Mohali-Cityinventory,General Alt Medicine,1,5225,2090,2090,1,0
Mohali,Mohali-Cityinventory,General Alt Medicine,6,3000,2000,2000,1,1
Mohali,Mohali-Cityinventory,General Pediatrics,1,3270,2180,2180,1,1
Mohali,Mohali-Cityinventory,General Pediatrics,6,3135,2090,2090,1,1
Mohali,Mohali-Cityinventory,General Ophthalmology,1,5000,2000,2000,1,1
Mohali,Mohali-Cityinventory,General Ophthalmology,6,3000,2000,2000,1,1
Mohali,Mohali-Cityinventory,Orthopaedics,1,9405,3449,3449,1,1
Mohali,Mohali-Cityinventory,Orthopaedics,6,5225,2090,2090,1,1
Mohali,Mohali-Cityinventory,Homeopathy,1,3000,2000,2000,1,1
Mohali,Mohali-Cityinventory,Homeopathy,6,3000,2000,2000,1,1
Mohali,Mohali,General Dermatology,1,5225,3135,3135,4,4
Mohali,Mohali,General Dermatology,6,3135,2090,2090,4,4
Mohali,Mohali,Neurologist,1,3135,3135,3135,3,3
Mohali,Mohali,Neurologist,6,3135,2090,2090,3,3
Mohali,Mohali,Sexologist,1,3000,2000,2000,1,1
Mohali,Mohali,Sexologist,6,3000,2000,2000,1,1
Mohali,Mohali,Physiotherapist,1,5225,2613,2613,1,1
Mohali,Mohali,Physiotherapist,6,3135,2090,2090,1,1
Mohali,Mohali,Endocrinologist,6,3135,2090,2090,1,1
Mohali,Mohali,Gastroenterologist,1,6270,6270,6270,4,4
Mohali,Mohali,Gastroenterologist,6,3135,3135,3135,4,4
Mohali,Mohali,General Physician,1,3135,2090,2090,1,1
Mohali,Mohali,General Physician,6,3135,2090,2090,1,1
Mohali,Mohali,Urologist,6,3135,2090,2090,2,2
Mohali,Mohali,ENT,1,3135,3135,3135,1,1
Mohali,Mohali,ENT,6,3135,2090,2090,1,1
Mohali,Mohali,General Dentistry,1,9405,5121,5121,1,1
Mohali,Mohali,General Dentistry,6,8360,2560,2560,1,1
Mohali,Mohali,Oncologist,6,3000,2000,2000,1,1
Mohali,Mohali,Cosmetic/Plastic Surgeon,6,3000,2000,2000,1,1
Mohali,Mohali,Pulmonologist,1,3135,2717,2717,1,1
Mohali,Mohali,Pulmonologist,6,3135,2090,2090,1,1
Mohali,Mohali,Cardiologist,6,3135,2090,2090,1,1
Mohali,Mohali,Nephrologist,6,3000,2000,2000,2,2
Mohali,Mohali,General Surgeon,1,6270,4285,4285,1,1
Mohali,Mohali,General Surgeon,6,3135,2142,2142,1,1
Mohali,Mohali,General Psychiatry,1,3270,2943,2943,1,1
Mohali,Mohali,General Psychiatry,6,3135,2090,2090,1,1
Mohali,Mohali,General Gynecology,1,6270,6270,6270,2,2
Mohali,Mohali,General Gynecology,6,3135,3135,3135,2,2
Mohali,Mohali,General Alt Medicine,1,6000,2000,2000,1,1
Mohali,Mohali,General Alt Medicine,6,5000,2000,2000,1,1
Mohali,Mohali,General Pediatrics,1,3135,2090,2090,1,1
Mohali,Mohali,General Pediatrics,6,3135,2090,2090,1,1
Mohali,Mohali,General Ophthalmology,1,5000,2000,2000,1,1
Mohali,Mohali,General Ophthalmology,6,3000,2000,2000,1,1
Mohali,Mohali,Orthopaedics,1,6270,3449,3449,1,1
Mohali,Mohali,Orthopaedics,6,3135,2090,2090,1,1
Moradabad,Moradabad-Cityinventory,General Dermatology,1,3270,2180,2180,1,0
Moradabad,Moradabad-Cityinventory,General Dermatology,6,3135,2090,2090,1,1
Moradabad,Moradabad-Cityinventory,Sexologist,1,3135,2090,2090,1,1
Moradabad,Moradabad-Cityinventory,Sexologist,6,3135,2090,2090,1,1
Moradabad,Moradabad-Cityinventory,Hair Transplant,1,3000,2000,2000,1,1
Moradabad,Moradabad-Cityinventory,Hair Transplant,6,3000,2000,2000,1,1
Moradabad,Moradabad-Cityinventory,Gastroenterologist,1,5225,2090,2090,1,1
Moradabad,Moradabad-Cityinventory,Gastroenterologist,6,3135,2090,2090,1,1
Moradabad,Moradabad-Cityinventory,General Physician,1,3135,2090,2090,1,1
Moradabad,Moradabad-Cityinventory,General Physician,6,3135,2090,2090,1,1
Moradabad,Moradabad-Cityinventory,ENT,1,3135,2090,2090,1,1
Moradabad,Moradabad-Cityinventory,ENT,6,3135,2090,2090,1,1
Moradabad,Moradabad-Cityinventory,General Dentistry,1,3135,2090,2090,1,1
Moradabad,Moradabad-Cityinventory,General Dentistry,6,3135,2090,2090,1,1
Moradabad,Moradabad-Cityinventory,General Ophthalmology,1,3000,2000,2000,1,1
Moradabad,Moradabad-Cityinventory,General Ophthalmology,6,3000,2000,2000,1,1
Moradabad,Moradabad-Cityinventory,Orthopaedics,1,5225,2090,2090,1,1
Moradabad,Moradabad-Cityinventory,Orthopaedics,6,3135,2090,2090,1,1
Mumbai,Mumbai-Cityinventory,General Dermatology,1,36300,34650,34650,4,0
Mumbai,Mumbai-Cityinventory,General Dermatology,6,26250,16538,16538,6,1
Mumbai,Mumbai-Cityinventory,Neurologist,1,26250,25200,25200,6,6
Mumbai,Mumbai-Cityinventory,Neurologist,6,12600,12600,12600,6,6
Mumbai,Mumbai-Cityinventory,Sexologist,1,27500,20625,20625,4,0
Mumbai,Mumbai-Cityinventory,Sexologist,6,19950,9844,9844,2,2
Mumbai,Mumbai-Cityinventory,Physiotherapist,1,14700,14175,14175,6,5
Mumbai,Mumbai-Cityinventory,Physiotherapist,6,8400,7088,7088,6,6
Mumbai,Mumbai-Cityinventory,Hair Transplant,1,46200,2200,2200,4,0
Mumbai,Mumbai-Cityinventory,Hair Transplant,6,36300,2200,2200,2,0
Mumbai,Mumbai-Cityinventory,Dietitian,1,6600,6600,6600,3,1
Mumbai,Mumbai-Cityinventory,Dietitian,6,5250,3150,3150,3,2
Mumbai,Mumbai-Cityinventory,Endocrinologist,1,8800,8250,8250,2,1
Mumbai,Mumbai-Cityinventory,Endocrinologist,6,5250,3938,3938,2,2
Mumbai,Mumbai-Cityinventory,Gastroenterologist,1,51700,37840,37840,6,4
Mumbai,Mumbai-Cityinventory,Gastroenterologist,6,30000,18060,18060,6,6
Mumbai,Mumbai-Cityinventory,General Physician,1,6300,6300,6300,6,6
Mumbai,Mumbai-Cityinventory,General Physician,6,3150,3150,3150,6,6
Mumbai,Mumbai-Cityinventory,Urologist,1,17850,17325,17325,5,3
Mumbai,Mumbai-Cityinventory,Urologist,6,9450,8663,8663,5,5
Mumbai,Mumbai-Cityinventory,ENT,1,17850,17325,17325,6,6
Mumbai,Mumbai-Cityinventory,ENT,6,9450,8663,8663,6,6
Mumbai,Mumbai-Cityinventory,General Dentistry,1,46200,35896,35896,6,0
Mumbai,Mumbai-Cityinventory,General Dentistry,6,36300,17949,17949,6,1
Mumbai,Mumbai-Cityinventory,Oncologist,1,14700,14175,14175,4,4
Mumbai,Mumbai-Cityinventory,Oncologist,6,8400,7088,7088,3,3
Mumbai,Mumbai-Cityinventory,Cosmetic/Plastic Surgeon,1,27500,6490,6490,3,0
Mumbai,Mumbai-Cityinventory,Cosmetic/Plastic Surgeon,6,13200,3245,3245,1,0
Mumbai,Mumbai-Cityinventory,Pulmonologist,1,5250,4725,4725,6,4
Mumbai,Mumbai-Cityinventory,Pulmonologist,6,5250,2363,2363,6,6
Mumbai,Mumbai-Cityinventory,Cardiologist,1,12600,12600,12600,6,5
Mumbai,Mumbai-Cityinventory,Cardiologist,6,6300,6300,6300,6,6
Mumbai,Mumbai-Cityinventory,Nephrologist,1,5250,4725,4725,6,5
Mumbai,Mumbai-Cityinventory,Nephrologist,6,3150,2363,2363,6,6
Mumbai,Mumbai-Cityinventory,General Surgeon,1,15400,14850,14850,4,2
Mumbai,Mumbai-Cityinventory,General Surgeon,6,11550,7088,7088,6,6
Mumbai,Mumbai-Cityinventory,Veterinarian,1,3150,3150,3150,2,2
Mumbai,Mumbai-Cityinventory,Veterinarian,6,3150,2100,2100,2,2
Mumbai,Mumbai-Cityinventory,Radiology,1,3150,2100,2100,1,1
Mumbai,Mumbai-Cityinventory,Radiology,6,3150,2100,2100,1,1
Mumbai,Mumbai-Cityinventory,Geriatrician,1,3000,2000,2000,1,1
Mumbai,Mumbai-Cityinventory,Geriatrician,6,3000,2000,2000,1,1
Mumbai,Mumbai-Cityinventory,General Psychiatry,1,9900,9900,9900,6,0
Mumbai,Mumbai-Cityinventory,General Psychiatry,6,5500,4950,4950,6,0
Mumbai,Mumbai-Cityinventory,Vascular Surgeon,1,3300,2200,2200,1,1
Mumbai,Mumbai-Cityinventory,Vascular Surgeon,6,3150,2100,2100,1,1
Mumbai,Mumbai-Cityinventory,Occupational Therapist,1,3150,2100,2100,1,1
Mumbai,Mumbai-Cityinventory,Occupational Therapist,6,3150,2100,2100,1,1
Mumbai,Mumbai-Cityinventory,Speech Therapist,1,3300,3300,3300,2,2
Mumbai,Mumbai-Cityinventory,Speech Therapist,6,3150,2100,2100,2,2
Mumbai,Mumbai-Cityinventory,Allergist/Immunologist,1,5500,2200,2200,1,0
Mumbai,Mumbai-Cityinventory,Allergist/Immunologist,6,5250,2100,2100,1,1
Mumbai,Mumbai-Cityinventory,Hematologist,1,3300,2200,2200,1,1
Mumbai,Mumbai-Cityinventory,Hematologist,6,3150,2100,2100,1,1
Mumbai,Mumbai-Cityinventory,General Gynecology,1,20900,19800,19800,6,0
Mumbai,Mumbai-Cityinventory,General Gynecology,6,14700,9450,9450,4,3
Mumbai,Mumbai-Cityinventory,General Alt Medicine,1,5250,4725,4725,6,1
Mumbai,Mumbai-Cityinventory,General Alt Medicine,6,5250,2363,2363,6,5
Mumbai,Mumbai-Cityinventory,General Pediatrics,1,6300,6300,6300,4,4
Mumbai,Mumbai-Cityinventory,General Pediatrics,6,3150,3150,3150,2,2
Mumbai,Mumbai-Cityinventory,General Ophthalmology,1,9450,9450,9450,6,2
Mumbai,Mumbai-Cityinventory,General Ophthalmology,6,8400,4725,4725,6,6
Mumbai,Mumbai-Cityinventory,Orthopaedics,1,30000,29925,29925,6,6
Mumbai,Mumbai-Cityinventory,Orthopaedics,6,24150,14963,14963,6,6
Mumbai,Mumbai-Cityinventory,Homeopathy,1,8800,8250,8250,2,0
Mumbai,Mumbai-Cityinventory,Homeopathy,6,6300,3938,3938,2,2
Mumbai,Chembur,General Dermatology,1,20900,10560,10560,1,0
Mumbai,Chembur,General Dermatology,6,14700,5040,5040,1,1
Mumbai,Chembur,Neurologist,1,9450,9450,9450,4,4
Mumbai,Chembur,Neurologist,6,5250,4725,4725,4,4
Mumbai,Chembur,Sexologist,1,6600,2200,2200,1,0
Mumbai,Chembur,Sexologist,6,5500,2200,2200,1,0
Mumbai,Chembur,Physiotherapist,1,11550,8715,8715,1,0
Mumbai,Chembur,Physiotherapist,6,9450,4358,4358,1,1
Mumbai,Chembur,Hair Transplant,1,3000,2000,2000,1,0
Mumbai,Chembur,Hair Transplant,6,3000,2000,2000,1,1
Mumbai,Chembur,Dietitian,1,5250,2100,2100,1,1
Mumbai,Chembur,Dietitian,6,5000,2000,2000,1,1
Mumbai,Chembur,Endocrinologist,1,5500,4950,4950,2,1
Mumbai,Chembur,Endocrinologist,6,3150,2363,2363,2,2
Mumbai,Chembur,Gastroenterologist,1,20900,19580,19580,1,0
Mumbai,Chembur,Gastroenterologist,6,15400,9790,9790,1,0
Mumbai,Chembur,General Physician,1,8800,7480,7480,1,0
Mumbai,Chembur,General Physician,6,5500,3740,3740,1,1
Mumbai,Chembur,Urologist,1,12100,3300,3300,1,1
Mumbai,Chembur,Urologist,6,6300,2100,2100,1,1
Mumbai,Chembur,ENT,1,18700,18150,18150,2,2
Mumbai,Chembur,ENT,6,9450,8663,8663,2,2
Mumbai,Chembur,General Dentistry,1,20900,19800,19800,1,0
Mumbai,Chembur,General Dentistry,6,14700,9450,9450,1,0
Mumbai,Chembur,Oncologist,1,5000,4500,4500,1,0
Mumbai,Chembur,Oncologist,6,3000,2250,2250,1,1
Mumbai,Chembur,Pulmonologist,1,3150,3150,3150,3,3
Mumbai,Chembur,Pulmonologist,6,3150,2100,2100,3,3
Mumbai,Chembur,Cardiologist,1,12100,2200,2200,1,1
Mumbai,Chembur,Cardiologist,6,6300,2100,2100,1,1
Mumbai,Chembur,Nephrologist,1,3000,2000,2000,1,1
Mumbai,Chembur,Nephrologist,6,3000,2000,2000,1,1
Mumbai,Chembur,General Surgeon,1,8000,10000,10000,1,1
Mumbai,Chembur,General Surgeon,6,6000,5000,5000,1,1
Mumbai,Chembur,Veterinarian,1,3000,2000,2000,1,1
Mumbai,Chembur,Veterinarian,6,3000,2000,2000,1,1
Mumbai,Chembur,General Psychiatry,1,17850,17325,17325,1,0
Mumbai,Chembur,General Psychiatry,6,9450,8663,8663,1,0
Mumbai,Chembur,General Gynecology,1,34100,31240,31240,1,1
Mumbai,Chembur,General Gynecology,6,24150,14910,14910,1,1
Mumbai,Chembur,General Alt Medicine,1,5250,2100,2100,1,1
Mumbai,Chembur,General Alt Medicine,6,5250,2100,2100,1,0
Mumbai,Chembur,General Pediatrics,1,8800,2200,2200,1,1
Mumbai,Chembur,General Pediatrics,6,5250,2100,2100,1,1
Mumbai,Chembur,General Ophthalmology,1,8800,8250,8250,2,1
Mumbai,Chembur,General Ophthalmology,6,5250,3938,3938,2,2
Mumbai,Chembur,Orthopaedics,1,15400,14850,14850,4,2
Mumbai,Chembur,Orthopaedics,6,8400,7088,7088,4,4
Mumbai,Chembur,Homeopathy,1,6300,2100,2100,1,0
Mumbai,Chembur,Homeopathy,6,3150,2100,2100,1,1
Mumbai,Goregaon,General Dermatology,1,14700,9450,9450,1,0
Mumbai,Goregaon,General Dermatology,6,12100,4950,4950,1,0
Mumbai,Goregaon,Neurologist,1,8400,2100,2100,1,1
Mumbai,Goregaon,Neurologist,6,5250,2100,2100,1,1
Mumbai,Goregaon,Sexologist,1,12100,2200,2200,1,0
Mumbai,Goregaon,Sexologist,6,9450,2100,2100,1,1
Mumbai,Goregaon,Physiotherapist,1,6600,2200,2200,1,1
Mumbai,Goregaon,Physiotherapist,6,3150,2100,2100,1,1
Mumbai,Goregaon,Dietitian,1,5000,2000,2000,1,1
Mumbai,Goregaon,Dietitian,6,5000,2000,2000,1,1
Mumbai,Goregaon,Endocrinologist,1,6600,2200,2200,1,0
Mumbai,Goregaon,Endocrinologist,6,3150,2100,2100,1,1
Mumbai,Goregaon,Gastroenterologist,1,13200,2200,2200,1,0
Mumbai,Goregaon,Gastroenterologist,6,9450,2100,2100,1,1
Mumbai,Goregaon,General Physician,1,6600,2200,2200,1,0
Mumbai,Goregaon,General Physician,6,3300,2200,2200,1,1
Mumbai,Goregaon,Urologist,1,12100,7700,7700,1,0
Mumbai,Goregaon,Urologist,6,9450,3675,3675,1,1
Mumbai,Goregaon,ENT,1,16800,2100,2100,1,1
Mumbai,Goregaon,ENT,6,12600,2100,2100,1,1
Mumbai,Goregaon,General Dentistry,1,15400,13530,13530,1,0
Mumbai,Goregaon,General Dentistry,6,12100,6765,6765,1,0
Mumbai,Goregaon,Pulmonologist,1,3150,2100,2100,1,0
Mumbai,Goregaon,Pulmonologist,6,3000,2000,2000,1,1
Mumbai,Goregaon,Cardiologist,1,8800,8250,8250,1,1
Mumbai,Goregaon,Cardiologist,6,5250,3938,3938,1,1
Mumbai,Goregaon,General Psychiatry,1,13200,2200,2200,1,0
Mumbai,Goregaon,General Psychiatry,6,9450,2100,2100,1,1
Mumbai,Goregaon,General Gynecology,1,13200,11000,11000,1,0
Mumbai,Goregaon,General Gynecology,6,9450,5250,5250,1,1
Mumbai,Goregaon,General Alt Medicine,1,5500,2200,2200,1,1
Mumbai,Goregaon,General Alt Medicine,6,3150,2100,2100,1,1
Mumbai,Goregaon,General Pediatrics,1,6600,2200,2200,1,0
Mumbai,Goregaon,General Pediatrics,6,3150,2100,2100,1,1
Mumbai,Goregaon,General Ophthalmology,1,12100,4620,4620,1,0
Mumbai,Goregaon,General Ophthalmology,6,9450,2205,2205,1,1
Mumbai,Goregaon,Orthopaedics,1,20900,2200,2200,2,1
Mumbai,Goregaon,Orthopaedics,6,14700,2100,2100,1,1
Mumbai,Goregaon,Homeopathy,1,5000,2000,2000,1,1
Mumbai,Goregaon,Homeopathy,6,5000,2000,2000,1,1
Mumbai,Borivali,General Dermatology,1,12100,4840,4840,1,0
Mumbai,Borivali,General Dermatology,6,6300,2310,2310,1,1
Mumbai,Borivali,Neurologist,1,8400,2100,2100,1,1
Mumbai,Borivali,Neurologist,6,5250,2100,2100,1,1
Mumbai,Borivali,Sexologist,1,17600,2200,2200,1,0
Mumbai,Borivali,Sexologist,6,12600,2100,2100,1,1
Mumbai,Borivali,Physiotherapist,1,5500,3630,3630,1,0
Mumbai,Borivali,Physiotherapist,6,5250,2100,2100,1,1
Mumbai,Borivali,Hair Transplant,1,10000,2000,2000,1,0
Mumbai,Borivali,Hair Transplant,6,6000,2000,2000,1,1
Mumbai,Borivali,Dietitian,1,6000,2000,2000,1,1
Mumbai,Borivali,Dietitian,6,5000,2000,2000,1,1
Mumbai,Borivali,Endocrinologist,1,6300,2100,2100,1,1
Mumbai,Borivali,Endocrinologist,6,3150,2100,2100,1,1
Mumbai,Borivali,Gastroenterologist,1,20900,2200,2200,1,0
Mumbai,Borivali,Gastroenterologist,6,15400,2200,2200,1,0
Mumbai,Borivali,General Physician,1,5250,2100,2100,1,1
Mumbai,Borivali,General Physician,6,3150,2100,2100,1,1
Mumbai,Borivali,Urologist,1,6600,6600,6600,2,2
Mumbai,Borivali,Urologist,6,3150,3150,3150,2,2
Mumbai,Borivali,ENT,1,18700,2200,2200,1,1
Mumbai,Borivali,ENT,6,9450,2100,2100,1,1
Mumbai,Borivali,General Dentistry,1,22000,7920,7920,1,0
Mumbai,Borivali,General Dentistry,6,17600,3960,3960,1,1
Mumbai,Borivali,Oncologist,1,3000,2000,2000,1,1
Mumbai,Borivali,Oncologist,6,3000,2000,2000,1,1
Mumbai,Borivali,Cosmetic/Plastic Surgeon,1,8000,2000,2000,1,1
Mumbai,Borivali,Cosmetic/Plastic Surgeon,6,5000,2000,2000,1,1
Mumbai,Borivali,Pulmonologist,1,3150,2100,2100,1,1
Mumbai,Borivali,Pulmonologist,6,3150,2100,2100,1,1
Mumbai,Borivali,Cardiologist,1,8400,2100,2100,1,1
Mumbai,Borivali,Cardiologist,6,5250,2100,2100,1,1
Mumbai,Borivali,Nephrologist,1,5000,3300,3300,1,1
Mumbai,Borivali,Nephrologist,6,3000,2000,2000,1,1
Mumbai,Borivali,General Surgeon,1,5000,2000,2000,1,1
Mumbai,Borivali,General Surgeon,6,3000,2000,2000,1,1
Mumbai,Borivali,General Psychiatry,1,20900,19800,19800,2,0
Mumbai,Borivali,General Psychiatry,6,14700,9450,9450,2,1
Mumbai,Borivali,General Gynecology,1,12100,10560,10560,1,0
Mumbai,Borivali,General Gynecology,6,9450,5040,5040,1,1
Mumbai,Borivali,General Alt Medicine,1,5250,3885,3885,1,1
Mumbai,Borivali,General Alt Medicine,6,3150,2100,2100,1,1
Mumbai,Borivali,General Pediatrics,1,8400,2100,2100,1,1
Mumbai,Borivali,General Pediatrics,6,5250,2100,2100,1,1
Mumbai,Borivali,General Ophthalmology,1,8400,7875,7875,2,2
Mumbai,Borivali,General Ophthalmology,6,5250,3938,3938,2,2
Mumbai,Borivali,Orthopaedics,1,16800,15225,15225,1,1
Mumbai,Borivali,Orthopaedics,6,8400,7613,7613,1,1
Mumbai,Borivali,Homeopathy,1,3150,2520,2520,1,1
Mumbai,Borivali,Homeopathy,6,3000,2000,2000,1,1
Mumbai,Malad,General Dermatology,1,19950,14490,14490,1,0
Mumbai,Malad,General Dermatology,6,14700,7245,7245,1,1
Mumbai,Malad,Neurologist,1,9450,5880,5880,1,1
Mumbai,Malad,Neurologist,6,5250,2940,2940,1,1
Mumbai,Malad,Sexologist,1,8800,2200,2200,1,0
Mumbai,Malad,Sexologist,6,6300,2100,2100,1,1
Mumbai,Malad,Physiotherapist,1,8800,2200,2200,1,0
Mumbai,Malad,Physiotherapist,6,5500,2200,2200,1,1
Mumbai,Malad,Dietitian,1,3000,2000,2000,1,1
Mumbai,Malad,Dietitian,6,3000,2000,2000,1,1
Mumbai,Malad,Endocrinologist,1,6600,2200,2200,1,0
Mumbai,Malad,Endocrinologist,6,3150,2100,2100,1,1
Mumbai,Malad,Gastroenterologist,1,15400,2200,2200,1,0
Mumbai,Malad,Gastroenterologist,6,11550,2100,2100,1,1
Mumbai,Malad,General Physician,1,6600,2200,2200,1,0
Mumbai,Malad,General Physician,6,3150,2100,2100,1,0
Mumbai,Malad,Urologist,1,6600,2200,2200,1,1
Mumbai,Malad,Urologist,6,5250,2100,2100,1,1
Mumbai,Malad,ENT,1,13200,2200,2200,1,0
Mumbai,Malad,ENT,6,6300,2100,2100,1,1
Mumbai,Malad,General Dentistry,1,15400,5940,5940,1,0
Mumbai,Malad,General Dentistry,6,12100,2970,2970,1,1
Mumbai,Malad,Pulmonologist,1,3150,3150,3150,6,6
Mumbai,Malad,Pulmonologist,6,3150,2100,2100,6,6
Mumbai,Malad,Cardiologist,1,6600,2200,2200,1,0
Mumbai,Malad,Cardiologist,6,3150,2100,2100,1,1
Mumbai,Malad,General Psychiatry,1,17600,8250,8250,1,0
Mumbai,Malad,General Psychiatry,6,12600,3938,3938,1,1
Mumbai,Malad,General Gynecology,1,15400,14850,14850,3,0
Mumbai,Malad,General Gynecology,6,11550,7088,7088,3,3
Mumbai,Malad,General Alt Medicine,1,5500,2200,2200,1,0
Mumbai,Malad,General Alt Medicine,6,3150,2100,2100,1,1
Mumbai,Malad,General Pediatrics,1,8400,2100,2100,1,1
Mumbai,Malad,General Pediatrics,6,5250,2100,2100,1,1
Mumbai,Malad,General Ophthalmology,1,12100,2530,2530,1,1
Mumbai,Malad,General Ophthalmology,6,9450,2100,2100,1,1
Mumbai,Malad,Orthopaedics,1,14700,14175,14175,2,2
Mumbai,Malad,Orthopaedics,6,8400,7088,7088,2,2
Mumbai,Dahisar,General Dermatology,1,21000,2100,2100,1,1
Mumbai,Dahisar,General Dermatology,6,11550,2100,2100,1,1
Mumbai,Dahisar,Neurologist,1,14700,14175,14175,4,4
Mumbai,Dahisar,Neurologist,6,8400,7088,7088,4,4
Mumbai,Dahisar,Sexologist,1,15400,2200,2200,1,0
Mumbai,Dahisar,Sexologist,6,11550,2100,2100,1,1
Mumbai,Dahisar,Physiotherapist,1,6300,3255,3255,1,1
Mumbai,Dahisar,Physiotherapist,6,5500,2200,2200,1,1
Mumbai,Dahisar,Hair Transplant,1,12600,2100,2100,1,1
Mumbai,Dahisar,Hair Transplant,6,6300,2100,2100,1,1
Mumbai,Dahisar,Dietitian,1,5250,2100,2100,1,1
Mumbai,Dahisar,Dietitian,6,3150,2100,2100,1,1
Mumbai,Dahisar,Endocrinologist,1,9450,2100,2100,1,1
Mumbai,Dahisar,Endocrinologist,6,5250,2100,2100,1,1
Mumbai,Dahisar,Gastroenterologist,1,28600,19690,19690,1,1
Mumbai,Dahisar,Gastroenterologist,6,21000,9398,9398,1,1
Mumbai,Dahisar,General Physician,1,6300,2100,2100,1,1
Mumbai,Dahisar,General Physician,6,3150,2100,2100,1,1
Mumbai,Dahisar,Urologist,1,12600,12600,12600,2,2
Mumbai,Dahisar,Urologist,6,6300,6300,6300,2,2
Mumbai,Dahisar,ENT,1,14700,2835,2835,1,1
Mumbai,Dahisar,ENT,6,8400,2100,2100,1,1
Mumbai,Dahisar,General Dentistry,1,20900,7260,7260,3,1
Mumbai,Dahisar,General Dentistry,6,15400,3630,3630,2,1
Mumbai,Dahisar,Pulmonologist,1,3150,2100,2100,1,1
Mumbai,Dahisar,Pulmonologist,6,3150,2100,2100,1,1
Mumbai,Dahisar,Cardiologist,1,8400,7875,7875,2,2
Mumbai,Dahisar,Cardiologist,6,5250,3938,3938,2,2
Mumbai,Dahisar,General Surgeon,1,3150,2835,2835,1,0
Mumbai,Dahisar,General Surgeon,6,3000,2000,2000,1,1
Mumbai,Dahisar,Veterinarian,1,3000,2000,2000,1,1
Mumbai,Dahisar,Veterinarian,6,3000,2000,2000,1,1
Mumbai,Dahisar,General Psychiatry,1,15400,7810,7810,1,0
Mumbai,Dahisar,General Psychiatry,6,8800,3905,3905,1,0
Mumbai,Dahisar,Speech Therapist,1,3000,2000,2000,1,1
Mumbai,Dahisar,Speech Therapist,6,3000,2000,2000,1,1
Mumbai,Dahisar,General Gynecology,1,19950,6195,6195,1,1
Mumbai,Dahisar,General Gynecology,6,14700,3098,3098,1,1
Mumbai,Dahisar,General Alt Medicine,1,3150,2100,2100,1,1
Mumbai,Dahisar,General Alt Medicine,6,3150,2100,2100,1,1
Mumbai,Dahisar,General Pediatrics,1,9450,2100,2100,1,1
Mumbai,Dahisar,General Pediatrics,6,5250,2100,2100,1,1
Mumbai,Dahisar,General Ophthalmology,1,5250,2100,2100,1,1
Mumbai,Dahisar,General Ophthalmology,6,5250,2100,2100,1,1
Mumbai,Dahisar,Orthopaedics,1,17850,10080,10080,1,1
Mumbai,Dahisar,Orthopaedics,6,9450,5040,5040,1,1
Mumbai,Dahisar,Homeopathy,1,3150,2100,2100,1,1
Mumbai,Dahisar,Homeopathy,6,3150,2100,2100,1,1
Mumbai,Fort area,General Dermatology,1,13200,2420,2420,2,0
Mumbai,Fort area,General Dermatology,6,9900,2200,2200,1,0
Mumbai,Fort area,Neurologist,1,3000,3000,3000,5,5
Mumbai,Fort area,Neurologist,6,3000,2000,2000,5,5
Mumbai,Fort area,Sexologist,1,14700,2100,2100,1,0
Mumbai,Fort area,Sexologist,6,10000,2000,2000,1,1
Mumbai,Fort area,Physiotherapist,1,6000,2000,2000,1,1
Mumbai,Fort area,Physiotherapist,6,5000,2000,2000,1,1
Mumbai,Fort area,Gastroenterologist,1,3000,3000,3000,6,5
Mumbai,Fort area,Gastroenterologist,6,3000,2000,2000,6,6
Mumbai,Fort area,General Physician,1,3150,2100,2100,1,1
Mumbai,Fort area,General Physician,6,3150,2100,2100,1,1
Mumbai,Fort area,Urologist,1,6000,4000,4000,1,1
Mumbai,Fort area,ENT,1,8400,5880,5880,1,1
Mumbai,Fort area,ENT,6,5250,2940,2940,1,1
Mumbai,Fort area,General Dentistry,1,17600,6710,6710,1,0
Mumbai,Fort area,General Dentistry,6,13200,3355,3355,1,1
Mumbai,Fort area,General Psychiatry,1,12100,10450,10450,1,0
Mumbai,Fort area,General Psychiatry,6,9450,4988,4988,1,0
Mumbai,Fort area,General Gynecology,1,13200,13200,13200,1,0
Mumbai,Fort area,General Gynecology,6,9450,6300,6300,1,1
Mumbai,Fort area,General Alt Medicine,1,6000,2000,2000,1,0
Mumbai,Fort area,General Alt Medicine,6,5000,2000,2000,1,1
Mumbai,Fort area,General Ophthalmology,1,9450,2100,2100,1,0
Mumbai,Fort area,General Ophthalmology,6,5000,2000,2000,1,0
Mumbai,Fort area,Orthopaedics,1,9450,9450,9450,2,2
Mumbai,Fort area,Orthopaedics,6,5250,4725,4725,2,2
Mumbai,Mulund,General Dermatology,1,20900,5610,5610,1,0
Mumbai,Mulund,General Dermatology,6,14700,2678,2678,1,1
Mumbai,Mulund,Neurologist,1,13200,2200,2200,1,0
Mumbai,Mulund,Neurologist,6,6300,2100,2100,1,0
Mumbai,Mulund,Sexologist,1,12100,2200,2200,1,0
Mumbai,Mulund,Sexologist,6,9450,2100,2100,1,1
Mumbai,Mulund,Physiotherapist,1,12100,2200,2200,1,1
Mumbai,Mulund,Physiotherapist,6,9450,2100,2100,1,1
Mumbai,Mulund,Hair Transplant,1,10000,2000,2000,1,1
Mumbai,Mulund,Hair Transplant,6,9000,2000,2000,1,1
Mumbai,Mulund,Dietitian,1,8800,3080,3080,1,0
Mumbai,Mulund,Dietitian,6,6300,2100,2100,1,1
Mumbai,Mulund,Endocrinologist,1,3300,2200,2200,1,0
Mumbai,Mulund,Endocrinologist,6,3150,2100,2100,1,1
Mumbai,Mulund,Gastroenterologist,1,17600,2200,2200,1,0
Mumbai,Mulund,Gastroenterologist,6,13200,2200,2200,1,1
Mumbai,Mulund,General Physician,1,9450,2100,2100,1,1
Mumbai,Mulund,General Physician,6,5250,2100,2100,1,1
Mumbai,Mulund,Urologist,1,9450,2100,2100,1,1
Mumbai,Mulund,Urologist,6,5250,2100,2100,1,1
Mumbai,Mulund,ENT,1,14700,2100,2100,1,1
Mumbai,Mulund,ENT,6,8400,2100,2100,1,1
Mumbai,Mulund,General Dentistry,1,24200,8580,8580,1,0
Mumbai,Mulund,General Dentistry,6,18700,4290,4290,1,1
Mumbai,Mulund,Pulmonologist,1,3150,2100,2100,1,1
Mumbai,Mulund,Pulmonologist,6,3150,2100,2100,1,1
Mumbai,Mulund,Cardiologist,1,12100,11550,11550,2,1
Mumbai,Mulund,Cardiologist,6,9450,5513,5513,2,2
Mumbai,Mulund,General Surgeon,1,14700,2100,2100,1,1
Mumbai,Mulund,General Surgeon,6,10000,2000,2000,1,1
Mumbai,Mulund,General Psychiatry,1,14700,2100,2100,1,1
Mumbai,Mulund,General Psychiatry,6,8400,2100,2100,1,1
Mumbai,Mulund,General Gynecology,1,34100,3300,3300,1,1
Mumbai,Mulund,General Gynecology,6,24150,2100,2100,1,1
Mumbai,Mulund,General Alt Medicine,1,3150,2100,2100,1,1
Mumbai,Mulund,General Alt Medicine,6,3300,2200,2200,1,0
Mumbai,Mulund,General Pediatrics,1,9450,2100,2100,1,0
Mumbai,Mulund,General Pediatrics,6,5250,2100,2100,1,1
Mumbai,Mulund,General Ophthalmology,1,22000,2860,2860,1,0
Mumbai,Mulund,General Ophthalmology,6,16800,2100,2100,1,1
Mumbai,Mulund,Orthopaedics,1,11550,10185,10185,1,1
Mumbai,Mulund,Orthopaedics,6,6300,5093,5093,1,1
Mumbai,Mulund,Homeopathy,1,5250,2100,2100,1,0
Mumbai,Mulund,Homeopathy,6,5000,2000,2000,1,1
Mumbai,Powai,General Dermatology,1,19950,18900,18900,2,0
Mumbai,Powai,General Dermatology,6,14700,9450,9450,2,2
Mumbai,Powai,Neurologist,1,6600,6600,6600,1,0
Mumbai,Powai,Neurologist,6,3150,3150,3150,1,0
Mumbai,Powai,Sexologist,1,6300,2100,2100,1,0
Mumbai,Powai,Sexologist,6,5000,2000,2000,1,1
Mumbai,Powai,Physiotherapist,1,11550,8400,8400,1,1
Mumbai,Powai,Physiotherapist,6,9450,4200,4200,1,1
Mumbai,Powai,Dietitian,1,6300,2100,2100,1,0
Mumbai,Powai,Dietitian,6,5000,2000,2000,1,1
Mumbai,Powai,Endocrinologist,1,3000,2000,2000,1,1
Mumbai,Powai,Endocrinologist,6,3000,2000,2000,1,1
Mumbai,Powai,Gastroenterologist,1,12600,2100,2100,1,0
Mumbai,Powai,Gastroenterologist,6,9450,2100,2100,1,1
Mumbai,Powai,General Physician,1,8800,4070,4070,1,1
Mumbai,Powai,General Physician,6,5250,2100,2100,1,1
Mumbai,Powai,Urologist,1,8400,2100,2100,1,1
Mumbai,Powai,Urologist,6,5250,2100,2100,1,1
Mumbai,Powai,ENT,1,19950,2100,2100,1,1
Mumbai,Powai,ENT,6,9450,2100,2100,1,1
Mumbai,Powai,General Dentistry,1,27500,20240,20240,2,0
Mumbai,Powai,General Dentistry,6,20900,10120,10120,1,1
Mumbai,Powai,Cardiologist,1,8400,2100,2100,1,1
Mumbai,Powai,Cardiologist,6,5250,2100,2100,1,1
Mumbai,Powai,General Psychiatry,1,14700,4620,4620,1,0
Mumbai,Powai,General Psychiatry,6,8400,2310,2310,1,1
Mumbai,Powai,General Gynecology,1,14700,11655,11655,1,0
Mumbai,Powai,General Gynecology,6,8400,5828,5828,1,1
Mumbai,Powai,General Alt Medicine,1,3000,2000,2000,1,1
Mumbai,Powai,General Alt Medicine,6,3000,2000,2000,1,1
Mumbai,Powai,General Pediatrics,1,8400,2100,2100,1,1
Mumbai,Powai,General Pediatrics,6,6300,2100,2100,1,1
Mumbai,Powai,General Ophthalmology,1,8800,2200,2200,1,0
Mumbai,Powai,General Ophthalmology,6,5250,2100,2100,1,1
Mumbai,Powai,Orthopaedics,1,12600,2100,2100,1,1
Mumbai,Powai,Orthopaedics,6,6300,2100,2100,1,1
Mumbai,Powai,Homeopathy,1,6300,2100,2100,1,0
Mumbai,Powai,Homeopathy,6,5000,2000,2000,1,1
Mumbai,Parel,General Dermatology,1,13200,8030,8030,1,0
Mumbai,Parel,General Dermatology,6,9450,3833,3833,1,1
Mumbai,Parel,Sexologist,1,12600,2100,2100,1,0
Mumbai,Parel,Sexologist,6,9000,2000,2000,1,1
Mumbai,Parel,Physiotherapist,1,5250,2100,2100,1,1
Mumbai,Parel,Physiotherapist,6,3000,2000,2000,1,1
Mumbai,Parel,Hair Transplant,1,5000,2000,2000,1,0
Mumbai,Parel,Hair Transplant,6,5000,2000,2000,1,1
Mumbai,Parel,Gastroenterologist,1,5000,4500,4500,5,4
Mumbai,Parel,Gastroenterologist,6,3000,2250,2250,5,5
Mumbai,Parel,General Physician,1,5250,2205,2205,1,1
Mumbai,Parel,General Physician,6,5250,2100,2100,1,1
Mumbai,Parel,Urologist,1,3000,3000,3000,2,2
Mumbai,Parel,Urologist,6,3000,2000,2000,2,2
Mumbai,Parel,ENT,1,14700,2100,2100,1,1
Mumbai,Parel,ENT,6,8400,2100,2100,1,1
Mumbai,Parel,General Dentistry,1,15400,7700,7700,1,0
Mumbai,Parel,General Dentistry,6,12100,3850,3850,1,0
Mumbai,Parel,Oncologist,1,5000,3100,3100,1,1
Mumbai,Parel,Oncologist,6,3000,2000,2000,1,1
Mumbai,Parel,Cosmetic/Plastic Surgeon,1,8000,2000,2000,1,1
Mumbai,Parel,Cosmetic/Plastic Surgeon,6,5000,2000,2000,1,1
Mumbai,Parel,General Psychiatry,1,6600,6600,6600,3,2
Mumbai,Parel,General Psychiatry,6,3150,3150,3150,3,3
Mumbai,Parel,General Gynecology,1,15400,2200,2200,1,0
Mumbai,Parel,General Gynecology,6,11550,2100,2100,1,1
Mumbai,Parel,General Alt Medicine,1,6300,2100,2100,1,0
Mumbai,Parel,General Alt Medicine,6,5000,2000,2000,1,1
Mumbai,Parel,General Ophthalmology,1,5000,4400,4400,1,0
Mumbai,Parel,General Ophthalmology,6,3000,2200,2200,1,1
Mumbai,Parel,Orthopaedics,1,9450,9450,9450,3,2
Mumbai,Parel,Orthopaedics,6,5250,4725,4725,3,3
Mumbai,Bandra,General Dermatology,1,20900,17160,17160,1,0
Mumbai,Bandra,General Dermatology,6,15400,8580,8580,1,1
Mumbai,Bandra,Neurologist,1,3300,2200,2200,1,0
Mumbai,Bandra,Neurologist,6,3150,2100,2100,1,1
Mumbai,Bandra,Sexologist,1,8400,2100,2100,1,0
Mumbai,Bandra,Sexologist,6,6300,2100,2100,1,0
Mumbai,Bandra,Physiotherapist,1,8400,5880,5880,1,1
Mumbai,Bandra,Physiotherapist,6,6300,2940,2940,1,1
Mumbai,Bandra,Hair Transplant,1,6300,2100,2100,1,0
Mumbai,Bandra,Hair Transplant,6,5000,2000,2000,1,0
Mumbai,Bandra,Dietitian,1,5000,2000,2000,1,1
Mumbai,Bandra,Dietitian,6,3000,2000,2000,1,1
Mumbai,Bandra,Endocrinologist,1,6000,2000,2000,1,1
Mumbai,Bandra,Endocrinologist,6,5000,2000,2000,1,1
Mumbai,Bandra,Gastroenterologist,1,15400,2200,2200,1,0
Mumbai,Bandra,Gastroenterologist,6,11550,2100,2100,1,1
Mumbai,Bandra,General Physician,1,8400,2310,2310,1,1
Mumbai,Bandra,General Physician,6,5250,2100,2100,1,1
Mumbai,Bandra,Urologist,1,3000,2000,2000,1,1
Mumbai,Bandra,Urologist,6,3000,2000,2000,1,1
Mumbai,Bandra,ENT,1,16800,15750,15750,1,1
Mumbai,Bandra,ENT,6,12600,7875,7875,1,1
Mumbai,Bandra,General Dentistry,1,13200,11330,11330,2,0
Mumbai,Bandra,General Dentistry,6,9900,5665,5665,1,0
Mumbai,Bandra,Cosmetic/Plastic Surgeon,1,105000,2100,2100,1,1
Mumbai,Bandra,General Psychiatry,1,17600,15730,15730,1,0
Mumbai,Bandra,General Psychiatry,6,12600,7508,7508,1,1
Mumbai,Bandra,General Gynecology,1,12100,7260,7260,1,1
Mumbai,Bandra,General Gynecology,6,9900,3630,3630,1,1
Mumbai,Bandra,General Alt Medicine,1,6000,2000,2000,1,1
Mumbai,Bandra,General Alt Medicine,6,5000,2000,2000,1,1
Mumbai,Bandra,General Ophthalmology,1,6000,4600,4600,1,0
Mumbai,Bandra,General Ophthalmology,6,5000,2300,2300,1,0
Mumbai,Bandra,Orthopaedics,1,20900,18700,18700,1,1
Mumbai,Bandra,Orthopaedics,6,14700,8925,8925,1,1
Mumbai,Ghatkopar,General Dermatology,1,14700,2310,2310,1,0
Mumbai,Ghatkopar,General Dermatology,6,11550,2100,2100,1,1
Mumbai,Ghatkopar,Neurologist,1,9450,2100,2100,1,0
Mumbai,Ghatkopar,Neurologist,6,5250,2100,2100,1,1
Mumbai,Ghatkopar,Sexologist,1,8800,2200,2200,1,0
Mumbai,Ghatkopar,Sexologist,6,6300,2100,2100,1,1
Mumbai,Ghatkopar,Physiotherapist,1,6600,6600,6600,1,0
Mumbai,Ghatkopar,Physiotherapist,6,5250,3150,3150,1,1
Mumbai,Ghatkopar,Dietitian,1,3000,2000,2000,1,0
Mumbai,Ghatkopar,Dietitian,6,3000,2000,2000,1,1
Mumbai,Ghatkopar,Endocrinologist,1,6300,2100,2100,1,1
Mumbai,Ghatkopar,Endocrinologist,6,3150,2100,2100,1,1
Mumbai,Ghatkopar,Gastroenterologist,1,8800,2200,2200,1,0
Mumbai,Ghatkopar,Gastroenterologist,6,6600,2200,2200,1,0
Mumbai,Ghatkopar,General Physician,1,3150,2100,2100,1,1
Mumbai,Ghatkopar,General Physician,6,3150,2100,2100,1,1
Mumbai,Ghatkopar,Urologist,1,6300,2100,2100,1,1
Mumbai,Ghatkopar,Urologist,6,3150,2100,2100,1,1
Mumbai,Ghatkopar,ENT,1,11550,2100,2100,1,1
Mumbai,Ghatkopar,ENT,6,6300,2100,2100,1,1
Mumbai,Ghatkopar,General Dentistry,1,13200,13200,13200,1,0
Mumbai,Ghatkopar,General Dentistry,6,9900,6600,6600,1,0
Mumbai,Ghatkopar,Pulmonologist,1,3000,2000,2000,1,1
Mumbai,Ghatkopar,Pulmonologist,6,3000,2000,2000,1,1
Mumbai,Ghatkopar,Cardiologist,1,8400,7875,7875,3,3
Mumbai,Ghatkopar,Cardiologist,6,5250,3938,3938,3,3
Mumbai,Ghatkopar,General Surgeon,1,8000,2000,2000,1,1
Mumbai,Ghatkopar,General Surgeon,6,6000,2000,2000,1,1
Mumbai,Ghatkopar,General Psychiatry,1,12100,7040,7040,1,1
Mumbai,Ghatkopar,General Psychiatry,6,6300,3360,3360,1,1
Mumbai,Ghatkopar,General Gynecology,1,16800,10500,10500,1,0
Mumbai,Ghatkopar,General Gynecology,6,12600,5250,5250,1,1
Mumbai,Ghatkopar,General Alt Medicine,1,5000,2000,2000,1,1
Mumbai,Ghatkopar,General Alt Medicine,6,5000,2000,2000,1,1
Mumbai,Ghatkopar,General Pediatrics,1,11550,2100,2100,1,1
Mumbai,Ghatkopar,General Pediatrics,6,9450,2100,2100,1,1
Mumbai,Ghatkopar,General Ophthalmology,1,8000,7500,7500,2,1
Mumbai,Ghatkopar,General Ophthalmology,6,5000,3750,3750,2,2
Mumbai,Ghatkopar,Orthopaedics,1,14700,14175,14175,2,2
Mumbai,Ghatkopar,Orthopaedics,6,8400,7088,7088,2,2
Mumbai,Ghatkopar,Homeopathy,1,5000,2000,2000,1,0
Mumbai,Ghatkopar,Homeopathy,6,5000,2000,2000,1,1
Mumbai,Juhu,General Dermatology,1,15400,14850,14850,2,0
Mumbai,Juhu,General Dermatology,6,12100,7425,7425,2,0
Mumbai,Juhu,Sexologist,1,12600,2100,2100,1,0
Mumbai,Juhu,Sexologist,6,9000,2000,2000,1,1
Mumbai,Juhu,Physiotherapist,1,6300,2100,2100,1,1
Mumbai,Juhu,Physiotherapist,6,5000,2000,2000,1,1
Mumbai,Juhu,Hair Transplant,1,11550,7350,7350,1,0
Mumbai,Juhu,Hair Transplant,6,0,0,0,1,1
Mumbai,Juhu,Gastroenterologist,1,8400,2100,2100,1,0
Mumbai,Juhu,Gastroenterologist,6,6600,2200,2200,1,1
Mumbai,Juhu,General Physician,1,6300,2100,2100,1,1
Mumbai,Juhu,General Physician,6,3150,2100,2100,1,1
Mumbai,Juhu,Urologist,1,3000,2000,2000,1,1
Mumbai,Juhu,Urologist,6,3000,2000,2000,1,1
Mumbai,Juhu,ENT,1,15400,11880,11880,1,0
Mumbai,Juhu,ENT,6,11550,5670,5670,1,1
Mumbai,Juhu,General Dentistry,1,17600,7370,7370,2,0
Mumbai,Juhu,General Dentistry,6,13200,3685,3685,1,0
Mumbai,Juhu,Cosmetic/Plastic Surgeon,1,105000,2100,2100,1,0
Mumbai,Juhu,Cosmetic/Plastic Surgeon,6,10000,2000,2000,1,1
Mumbai,Juhu,General Psychiatry,1,6600,6600,6600,2,0
Mumbai,Juhu,General Psychiatry,6,5250,3150,3150,2,1
Mumbai,Juhu,General Gynecology,1,13200,11110,11110,1,0
Mumbai,Juhu,General Gynecology,6,9900,5555,5555,1,0
Mumbai,Juhu,General Pediatrics,1,105000,5250,5250,1,0
Mumbai,Juhu,General Ophthalmology,1,6300,3675,3675,1,1
Mumbai,Juhu,General Ophthalmology,6,5000,2000,2000,1,0
Mumbai,Juhu,Orthopaedics,1,12600,14175,14175,1,1
Mumbai,Juhu,Orthopaedics,6,9450,7088,7088,1,1
Mumbai,Juhu,Homeopathy,1,5000,2000,2000,1,1
Mumbai,Juhu,Homeopathy,6,5000,2000,2000,1,1
Mumbai,Dadar,General Dermatology,1,36300,30030,30030,1,1
Mumbai,Dadar,General Dermatology,6,27500,15015,15015,1,0
Mumbai,Dadar,Neurologist,1,6300,6300,6300,3,3
Mumbai,Dadar,Neurologist,6,3150,3150,3150,3,3
Mumbai,Dadar,Sexologist,1,8800,2200,2200,1,0
Mumbai,Dadar,Sexologist,6,6600,2200,2200,1,0
Mumbai,Dadar,Physiotherapist,1,8400,2100,2100,1,0
Mumbai,Dadar,Physiotherapist,6,6300,2100,2100,1,1
Mumbai,Dadar,Hair Transplant,1,10000,2000,2000,1,0
Mumbai,Dadar,Hair Transplant,6,10000,2000,2000,1,1
Mumbai,Dadar,Dietitian,1,3000,2000,2000,1,1
Mumbai,Dadar,Dietitian,6,3000,2000,2000,1,1
Mumbai,Dadar,Endocrinologist,1,6300,2100,2100,1,1
Mumbai,Dadar,Endocrinologist,6,3150,2100,2100,1,1
Mumbai,Dadar,Gastroenterologist,1,8800,11000,11000,4,2
Mumbai,Dadar,Gastroenterologist,6,6300,5250,5250,4,4
Mumbai,Dadar,General Physician,1,6300,4515,4515,1,1
Mumbai,Dadar,General Physician,6,5250,2258,2258,1,1
Mumbai,Dadar,Urologist,1,5250,3780,3780,1,1
Mumbai,Dadar,Urologist,6,3150,2100,2100,1,1
Mumbai,Dadar,ENT,1,15400,2200,2200,1,0
Mumbai,Dadar,ENT,6,8400,2100,2100,1,1
Mumbai,Dadar,General Dentistry,1,22000,14300,14300,1,0
Mumbai,Dadar,General Dentistry,6,17600,7150,7150,2,0
Mumbai,Dadar,Cosmetic/Plastic Surgeon,1,8000,2000,2000,1,0
Mumbai,Dadar,Cosmetic/Plastic Surgeon,6,5000,2000,2000,1,1
Mumbai,Dadar,Cardiologist,1,6300,6300,6300,3,2
Mumbai,Dadar,Cardiologist,6,5250,3150,3150,3,3
Mumbai,Dadar,General Surgeon,1,8400,7875,7875,2,2
Mumbai,Dadar,General Surgeon,6,6000,3750,3750,2,2
Mumbai,Dadar,General Psychiatry,1,17600,13090,13090,1,0
Mumbai,Dadar,General Psychiatry,6,13200,6545,6545,1,1
Mumbai,Dadar,General Gynecology,1,24200,23100,23100,2,1
Mumbai,Dadar,General Gynecology,6,17850,11025,11025,2,2
Mumbai,Dadar,General Alt Medicine,1,3150,3150,3150,4,4
Mumbai,Dadar,General Alt Medicine,6,3150,2100,2100,4,4
Mumbai,Dadar,General Pediatrics,1,6300,2100,2100,1,0
Mumbai,Dadar,General Pediatrics,6,3150,2100,2100,1,1
Mumbai,Dadar,General Ophthalmology,1,9450,9450,9450,2,1
Mumbai,Dadar,General Ophthalmology,6,5250,4725,4725,2,2
Mumbai,Dadar,Orthopaedics,1,12600,12600,12600,2,2
Mumbai,Dadar,Orthopaedics,6,6300,6300,6300,2,2
Mumbai,Dadar,Homeopathy,1,5250,2100,2100,1,0
Mumbai,Dadar,Homeopathy,6,5000,2000,2000,1,1
Mumbai,Tardeo,General Dermatology,1,6600,4290,4290,1,0
Mumbai,Tardeo,General Dermatology,6,5250,2100,2100,1,1
Mumbai,Tardeo,Neurologist,1,6300,6300,6300,1,1
Mumbai,Tardeo,Neurologist,6,3150,3150,3150,1,1
Mumbai,Tardeo,Sexologist,1,11550,2205,2205,1,0
Mumbai,Tardeo,Sexologist,6,9450,2100,2100,1,0
Mumbai,Tardeo,Physiotherapist,1,5000,2000,2000,1,1
Mumbai,Tardeo,Physiotherapist,6,3000,2000,2000,1,1
Mumbai,Tardeo,Gastroenterologist,1,5500,2200,2200,1,0
Mumbai,Tardeo,Gastroenterologist,6,3150,2100,2100,1,1
Mumbai,Tardeo,General Physician,1,3150,2205,2205,1,1
Mumbai,Tardeo,General Physician,6,3150,2100,2100,1,1
Mumbai,Tardeo,Urologist,1,6000,4000,4000,1,1
Mumbai,Tardeo,ENT,1,8400,7875,7875,2,2
Mumbai,Tardeo,ENT,6,5250,3938,3938,2,2
Mumbai,Tardeo,General Dentistry,1,17600,6600,6600,1,0
Mumbai,Tardeo,General Dentistry,6,13200,2530,2530,1,0
Mumbai,Tardeo,Cosmetic/Plastic Surgeon,1,8000,2000,2000,1,1
Mumbai,Tardeo,Cosmetic/Plastic Surgeon,6,5000,2000,2000,1,1
Mumbai,Tardeo,Cardiologist,1,6300,2940,2940,1,0
Mumbai,Tardeo,Cardiologist,6,3000,2000,2000,1,1
Mumbai,Tardeo,Nephrologist,1,0,0,0,1,1
Mumbai,Tardeo,General Psychiatry,1,6600,2530,2530,1,1
Mumbai,Tardeo,General Psychiatry,6,5250,2100,2100,1,1
Mumbai,Tardeo,General Gynecology,1,12100,2200,2200,1,0
Mumbai,Tardeo,General Gynecology,6,9450,2100,2100,1,1
Mumbai,Tardeo,General Alt Medicine,1,6000,2000,2000,1,0
Mumbai,Tardeo,General Alt Medicine,6,5000,2000,2000,1,1
Mumbai,Tardeo,General Pediatrics,1,8000,2000,2000,1,1
Mumbai,Tardeo,General Pediatrics,6,6000,2000,2000,1,1
Mumbai,Tardeo,General Ophthalmology,1,9450,2100,2100,1,0
Mumbai,Tardeo,General Ophthalmology,6,8000,2000,2000,1,1
Mumbai,Tardeo,Orthopaedics,1,8400,7875,7875,3,2
Mumbai,Tardeo,Orthopaedics,6,5250,3938,3938,3,3
Mumbai,Tardeo,Homeopathy,1,3000,2000,2000,1,1
Mumbai,Tardeo,Homeopathy,6,3000,2000,2000,1,1
Mumbai,Kandivali,General Dermatology,1,12600,7245,7245,1,1
Mumbai,Kandivali,General Dermatology,6,9900,3795,3795,1,0
Mumbai,Kandivali,Neurologist,1,8400,2100,2100,1,1
Mumbai,Kandivali,Neurologist,6,5250,2100,2100,1,1
Mumbai,Kandivali,Sexologist,1,12100,2200,2200,1,0
Mumbai,Kandivali,Sexologist,6,9450,2100,2100,1,1
Mumbai,Kandivali,Physiotherapist,1,6600,6600,6600,1,0
Mumbai,Kandivali,Physiotherapist,6,5500,3300,3300,1,0
Mumbai,Kandivali,Dietitian,1,3000,2600,2600,1,0
Mumbai,Kandivali,Dietitian,6,3000,2000,2000,1,1
Mumbai,Kandivali,Endocrinologist,1,6300,2100,2100,1,1
Mumbai,Kandivali,Endocrinologist,6,3150,2100,2100,1,1
Mumbai,Kandivali,Gastroenterologist,1,15400,14850,14850,2,0
Mumbai,Kandivali,Gastroenterologist,6,11550,7088,7088,2,2
Mumbai,Kandivali,General Physician,1,5250,2100,2100,1,0
Mumbai,Kandivali,General Physician,6,3150,2100,2100,1,1
Mumbai,Kandivali,Urologist,1,6300,6300,6300,4,4
Mumbai,Kandivali,Urologist,6,5250,3150,3150,4,4
Mumbai,Kandivali,ENT,1,16800,15750,15750,1,1
Mumbai,Kandivali,ENT,6,8400,7875,7875,1,1
Mumbai,Kandivali,General Dentistry,1,17600,8470,8470,1,0
Mumbai,Kandivali,General Dentistry,6,13200,4235,4235,1,0
Mumbai,Kandivali,Pulmonologist,1,3000,2000,2000,1,1
Mumbai,Kandivali,Pulmonologist,6,3000,2000,2000,1,1
Mumbai,Kandivali,Cardiologist,1,8400,2100,2100,1,1
Mumbai,Kandivali,Cardiologist,6,5250,2100,2100,1,1
Mumbai,Kandivali,General Surgeon,1,3000,2000,2000,1,1
Mumbai,Kandivali,General Surgeon,6,3000,2000,2000,1,1
Mumbai,Kandivali,General Psychiatry,1,18700,18040,18040,1,0
Mumbai,Kandivali,General Psychiatry,6,15400,9020,9020,1,0
Mumbai,Kandivali,General Gynecology,1,30800,5830,5830,1,0
Mumbai,Kandivali,General Gynecology,6,24200,2915,2915,1,0
Mumbai,Kandivali,General Alt Medicine,1,3000,2000,2000,1,1
Mumbai,Kandivali,General Alt Medicine,6,3000,2000,2000,1,1
Mumbai,Kandivali,General Pediatrics,1,8400,2100,2100,1,1
Mumbai,Kandivali,General Pediatrics,6,5250,2100,2100,1,1
Mumbai,Kandivali,General Ophthalmology,1,8800,8250,8250,1,0
Mumbai,Kandivali,General Ophthalmology,6,6300,3938,3938,1,1
Mumbai,Kandivali,Orthopaedics,1,9900,2200,2200,1,1
Mumbai,Kandivali,Orthopaedics,6,5500,2200,2200,1,0
Mumbai,Kurla,General Dermatology,1,20900,11550,11550,1,0
Mumbai,Kurla,General Dermatology,6,14700,5513,5513,1,1
Mumbai,Kurla,Neurologist,1,11550,2100,2100,1,0
Mumbai,Kurla,Neurologist,6,6300,2100,2100,1,1
Mumbai,Kurla,Sexologist,1,8400,2100,2100,1,0
Mumbai,Kurla,Sexologist,6,6000,2000,2000,1,1
Mumbai,Kurla,Physiotherapist,1,3150,2100,2100,1,1
Mumbai,Kurla,Physiotherapist,6,3150,2100,2100,1,1
Mumbai,Kurla,Endocrinologist,1,5250,2100,2100,1,0
Mumbai,Kurla,Endocrinologist,6,3000,2000,2000,1,1
Mumbai,Kurla,Gastroenterologist,1,8800,2200,2200,1,0
Mumbai,Kurla,Gastroenterologist,6,6300,2100,2100,1,1
Mumbai,Kurla,General Physician,1,8800,2200,2200,1,1
Mumbai,Kurla,General Physician,6,5250,2100,2100,1,1
Mumbai,Kurla,Urologist,1,6300,2100,2100,1,1
Mumbai,Kurla,Urologist,6,3150,2100,2100,1,1
Mumbai,Kurla,ENT,1,14700,2100,2100,1,0
Mumbai,Kurla,ENT,6,11550,2100,2100,1,1
Mumbai,Kurla,General Dentistry,1,16800,2100,2100,1,0
Mumbai,Kurla,General Dentistry,6,13200,2200,2200,1,0
Mumbai,Kurla,Cardiologist,1,5250,2100,2100,1,0
Mumbai,Kurla,Cardiologist,6,3150,2100,2100,1,1
Mumbai,Kurla,General Psychiatry,1,9450,9450,9450,3,3
Mumbai,Kurla,General Psychiatry,6,5250,4725,4725,3,3
Mumbai,Kurla,General Gynecology,1,11550,8505,8505,1,0
Mumbai,Kurla,General Gynecology,6,6300,4253,4253,1,1
Mumbai,Kurla,General Alt Medicine,1,3000,2000,2000,1,1
Mumbai,Kurla,General Alt Medicine,6,3000,2000,2000,1,1
Mumbai,Kurla,General Pediatrics,1,8400,2100,2100,1,1
Mumbai,Kurla,General Pediatrics,6,5250,2100,2100,1,1
Mumbai,Kurla,General Ophthalmology,1,9000,2000,2000,1,0
Mumbai,Kurla,General Ophthalmology,6,5000,2000,2000,1,1
Mumbai,Kurla,Orthopaedics,1,13200,2200,2200,1,1
Mumbai,Kurla,Orthopaedics,6,9450,2100,2100,1,1
Mumbai,Kurla,Homeopathy,1,3150,2100,2100,1,0
Mumbai,Kurla,Homeopathy,6,3150,2100,2100,1,0
Mumbai,Andheri west,General Dermatology,1,28600,37400,37400,1,0
Mumbai,Andheri west,General Dermatology,6,21000,17850,17850,1,0
Mumbai,Andheri west,Neurologist,1,9450,2100,2100,1,1
Mumbai,Andheri west,Neurologist,6,5250,2100,2100,1,1
Mumbai,Andheri west,Sexologist,1,13200,13200,13200,3,0
Mumbai,Andheri west,Sexologist,6,9450,6300,6300,3,3
Mumbai,Andheri west,Physiotherapist,1,8800,8250,8250,3,2
Mumbai,Andheri west,Physiotherapist,6,5250,3938,3938,3,3
Mumbai,Andheri west,Hair Transplant,1,21000,2100,2100,1,0
Mumbai,Andheri west,Hair Transplant,6,16800,2100,2100,1,0
Mumbai,Andheri west,Dietitian,1,6300,4095,4095,1,0
Mumbai,Andheri west,Dietitian,6,5000,2000,2000,1,1
Mumbai,Andheri west,Endocrinologist,1,3150,2100,2100,1,1
Mumbai,Andheri west,Endocrinologist,6,3150,2100,2100,1,1
Mumbai,Andheri west,Gastroenterologist,1,20900,19800,19800,3,0
Mumbai,Andheri west,Gastroenterologist,6,14700,9450,9450,3,3
Mumbai,Andheri west,General Physician,1,9450,9450,9450,1,1
Mumbai,Andheri west,General Physician,6,8400,4725,4725,1,1
Mumbai,Andheri west,Urologist,1,6600,2200,2200,1,0
Mumbai,Andheri west,Urologist,6,3150,2100,2100,1,1
Mumbai,Andheri west,ENT,1,27500,30030,30030,2,2
Mumbai,Andheri west,ENT,6,19950,14333,14333,2,2
Mumbai,Andheri west,General Dentistry,1,22000,21450,21450,1,0
Mumbai,Andheri west,General Dentistry,6,17600,10725,10725,1,0
Mumbai,Andheri west,Cosmetic/Plastic Surgeon,1,11550,2100,2100,1,0
Mumbai,Andheri west,Cosmetic/Plastic Surgeon,6,6300,2100,2100,1,0
Mumbai,Andheri west,Pulmonologist,1,3150,2100,2100,1,1
Mumbai,Andheri west,Pulmonologist,6,3150,2100,2100,1,1
Mumbai,Andheri west,Cardiologist,1,6300,2100,2100,1,1
Mumbai,Andheri west,Cardiologist,6,3150,2100,2100,1,1
Mumbai,Andheri west,General Surgeon,1,10000,10000,10000,1,1
Mumbai,Andheri west,General Surgeon,6,10000,6000,6000,1,1
Mumbai,Andheri west,General Psychiatry,1,36300,32120,32120,1,0
Mumbai,Andheri west,General Psychiatry,6,27500,16060,16060,1,0
Mumbai,Andheri west,General Gynecology,1,28600,30965,30965,2,1
Mumbai,Andheri west,General Gynecology,6,21000,14779,14779,2,0
Mumbai,Andheri west,General Alt Medicine,1,6600,2200,2200,1,1
Mumbai,Andheri west,General Alt Medicine,6,5250,2100,2100,1,1
Mumbai,Andheri west,General Pediatrics,1,5500,2970,2970,1,0
Mumbai,Andheri west,General Pediatrics,6,3150,2100,2100,1,1
Mumbai,Andheri west,General Ophthalmology,1,20900,23980,23980,1,0
Mumbai,Andheri west,General Ophthalmology,6,14700,11445,11445,1,1
Mumbai,Andheri west,Orthopaedics,1,24150,23625,23625,1,0
Mumbai,Andheri west,Orthopaedics,6,12600,11813,11813,1,1
Mumbai,Andheri west,Homeopathy,1,3000,2000,2000,1,0
Mumbai,Andheri west,Homeopathy,6,3000,2000,2000,1,1
Mumbai,Andheri east,General Dermatology,1,26250,15540,15540,1,0
Mumbai,Andheri east,General Dermatology,6,19950,7770,7770,1,1
Mumbai,Andheri east,Neurologist,1,8400,2100,2100,1,1
Mumbai,Andheri east,Neurologist,6,5250,2100,2100,1,1
Mumbai,Andheri east,Sexologist,1,12100,2200,2200,1,0
Mumbai,Andheri east,Sexologist,6,9450,2100,2100,1,1
Mumbai,Andheri east,Physiotherapist,1,13200,10230,10230,1,1
Mumbai,Andheri east,Physiotherapist,6,9450,4883,4883,1,1
Mumbai,Andheri east,Hair Transplant,1,5250,2100,2100,1,1
Mumbai,Andheri east,Hair Transplant,6,5000,2000,2000,1,1
Mumbai,Andheri east,Dietitian,1,3150,2100,2100,1,1
Mumbai,Andheri east,Dietitian,6,3000,2000,2000,1,1
Mumbai,Andheri east,Endocrinologist,1,6300,2100,2100,1,1
Mumbai,Andheri east,Endocrinologist,6,3150,2100,2100,1,1
Mumbai,Andheri east,Gastroenterologist,1,20900,2200,2200,1,0
Mumbai,Andheri east,Gastroenterologist,6,14700,2100,2100,1,1
Mumbai,Andheri east,General Physician,1,8800,7370,7370,1,0
Mumbai,Andheri east,General Physician,6,5250,3518,3518,1,1
Mumbai,Andheri east,Urologist,1,8400,2100,2100,1,1
Mumbai,Andheri east,Urologist,6,5250,2100,2100,1,1
Mumbai,Andheri east,ENT,1,17850,2100,2100,1,0
Mumbai,Andheri east,ENT,6,14700,2100,2100,1,1
Mumbai,Andheri east,General Dentistry,1,24200,0,0,1,0
Mumbai,Andheri east,General Dentistry,6,0,8360,8360,1,0
Mumbai,Andheri east,Pulmonologist,1,3000,2000,2000,1,1
Mumbai,Andheri east,Pulmonologist,6,3000,2000,2000,1,1
Mumbai,Andheri east,Cardiologist,1,6600,2200,2200,1,0
Mumbai,Andheri east,Cardiologist,6,3150,2100,2100,1,1
Mumbai,Andheri east,General Surgeon,1,8400,2100,2100,1,1
Mumbai,Andheri east,General Surgeon,6,6000,2000,2000,1,1
Mumbai,Andheri east,General Psychiatry,1,16800,10500,10500,1,0
Mumbai,Andheri east,General Psychiatry,6,13200,5500,5500,1,0
Mumbai,Andheri east,General Gynecology,1,12600,12600,12600,1,0
Mumbai,Andheri east,General Gynecology,6,9450,6300,6300,1,1
Mumbai,Andheri east,General Alt Medicine,1,3000,2000,2000,1,1
Mumbai,Andheri east,General Alt Medicine,6,3000,2000,2000,1,1
Mumbai,Andheri east,General Pediatrics,1,3300,2200,2200,1,0
Mumbai,Andheri east,General Pediatrics,6,3150,2100,2100,1,1
Mumbai,Andheri east,General Ophthalmology,1,24200,10560,10560,1,0
Mumbai,Andheri east,General Ophthalmology,6,17850,5040,5040,1,1
Mumbai,Andheri east,Orthopaedics,1,14700,9450,9450,1,1
Mumbai,Andheri east,Orthopaedics,6,8400,4725,4725,1,1
Mumbai,Andheri east,Homeopathy,1,10000,2000,2000,1,0
Mumbai,Andheri east,Homeopathy,6,9000,2000,2000,1,1
Murshidabad,Murshidabad-Cityinventory,General Physician,1,3000,2000,2000,1,1
Murshidabad,Murshidabad-Cityinventory,General Physician,6,3000,2000,2000,1,1
Muzaffarnagar,Muzaffarnagar-Cityinventory,General Physician,1,3135,2090,2090,1,1
Muzaffarnagar,Muzaffarnagar-Cityinventory,General Physician,6,3135,2090,2090,1,1
Muzaffarnagar,Muzaffarnagar-Cityinventory,ENT,1,3000,2000,2000,1,1
Muzaffarnagar,Muzaffarnagar-Cityinventory,ENT,6,3000,2000,2000,1,1
Muzaffarpur,Muzaffarpur-Cityinventory,General Physician,1,3135,2090,2090,1,1
Muzaffarpur,Muzaffarpur-Cityinventory,General Physician,6,3135,2090,2090,1,1
Muzaffarpur,Muzaffarpur-Cityinventory,General Dentistry,1,3000,2000,2000,1,1
Muzaffarpur,Muzaffarpur-Cityinventory,General Dentistry,6,3000,2000,2000,1,1
Muzaffarpur,Muzaffarpur-Cityinventory,General Gynecology,1,3135,2090,2090,1,1
Muzaffarpur,Muzaffarpur-Cityinventory,General Gynecology,6,3135,2090,2090,1,1
Mysore,Mysore-Cityinventory,General Dermatology,1,5225,3344,3344,1,1
Mysore,Mysore-Cityinventory,General Dermatology,6,3135,2090,2090,1,1
Mysore,Mysore-Cityinventory,Neurologist,1,8360,7838,7838,5,5
Mysore,Mysore-Cityinventory,Neurologist,6,5225,3919,3919,5,5
Mysore,Mysore-Cityinventory,Sexologist,1,3270,2180,2180,1,0
Mysore,Mysore-Cityinventory,Sexologist,6,3135,2090,2090,1,1
Mysore,Mysore-Cityinventory,Physiotherapist,1,3135,2090,2090,1,1
Mysore,Mysore-Cityinventory,Physiotherapist,6,3135,2090,2090,1,1
Mysore,Mysore-Cityinventory,Hair Transplant,1,3135,2090,2090,1,1
Mysore,Mysore-Cityinventory,Hair Transplant,6,3135,2090,2090,1,1
Mysore,Mysore-Cityinventory,Dietitian,1,3000,2000,2000,1,1
Mysore,Mysore-Cityinventory,Dietitian,6,3000,2000,2000,1,1
Mysore,Mysore-Cityinventory,Endocrinologist,1,3135,2090,2090,1,1
Mysore,Mysore-Cityinventory,Endocrinologist,6,3135,2090,2090,1,1
Mysore,Mysore-Cityinventory,Gastroenterologist,1,5225,6270,6270,3,3
Mysore,Mysore-Cityinventory,Gastroenterologist,6,3135,3135,3135,3,3
Mysore,Mysore-Cityinventory,General Physician,1,3135,3135,3135,2,2
Mysore,Mysore-Cityinventory,General Physician,6,3135,2090,2090,2,2
Mysore,Mysore-Cityinventory,Urologist,1,5225,4703,4703,3,3
Mysore,Mysore-Cityinventory,Urologist,6,3135,2351,2351,3,3
Mysore,Mysore-Cityinventory,ENT,1,3135,3135,3135,2,2
Mysore,Mysore-Cityinventory,ENT,6,3135,2090,2090,2,2
Mysore,Mysore-Cityinventory,General Dentistry,1,3270,2180,2180,1,1
Mysore,Mysore-Cityinventory,General Dentistry,6,3135,2090,2090,1,1
Mysore,Mysore-Cityinventory,Oncologist,1,3135,3135,3135,1,1
Mysore,Mysore-Cityinventory,Oncologist,6,3135,2090,2090,1,1
Mysore,Mysore-Cityinventory,Cosmetic/Plastic Surgeon,1,23980,2180,2180,1,0
Mysore,Mysore-Cityinventory,Cosmetic/Plastic Surgeon,6,11495,2090,2090,1,1
Mysore,Mysore-Cityinventory,Pulmonologist,1,3135,3135,3135,4,4
Mysore,Mysore-Cityinventory,Pulmonologist,6,3135,2090,2090,4,4
Mysore,Mysore-Cityinventory,Cardiologist,1,6270,6270,6270,1,1
Mysore,Mysore-Cityinventory,Cardiologist,6,3135,3135,3135,1,1
Mysore,Mysore-Cityinventory,General Surgeon,1,5225,4703,4703,3,3
Mysore,Mysore-Cityinventory,General Surgeon,6,3135,2351,2351,3,3
Mysore,Mysore-Cityinventory,General Psychiatry,1,3135,3135,3135,3,3
Mysore,Mysore-Cityinventory,General Psychiatry,6,3135,2090,2090,3,3
Mysore,Mysore-Cityinventory,General Gynecology,1,8360,7838,7838,3,3
Mysore,Mysore-Cityinventory,General Gynecology,6,5225,3919,3919,3,3
Mysore,Mysore-Cityinventory,General Alt Medicine,1,5225,2090,2090,1,1
Mysore,Mysore-Cityinventory,General Alt Medicine,6,3135,2090,2090,1,1
Mysore,Mysore-Cityinventory,General Pediatrics,1,3135,2717,2717,1,1
Mysore,Mysore-Cityinventory,General Pediatrics,6,3135,2090,2090,1,1
Mysore,Mysore-Cityinventory,General Ophthalmology,1,5225,2090,2090,1,1
Mysore,Mysore-Cityinventory,General Ophthalmology,6,3135,2090,2090,1,1
Mysore,Mysore-Cityinventory,Orthopaedics,1,6270,3031,3031,1,1
Mysore,Mysore-Cityinventory,Orthopaedics,6,3135,2090,2090,1,1
Mysore,Mysore,General Dermatology,1,5225,3344,3344,1,1
Mysore,Mysore,General Dermatology,6,3135,2090,2090,1,1
Mysore,Mysore,Neurologist,1,3135,3135,3135,6,6
Mysore,Mysore,Neurologist,6,3135,2090,2090,6,6
Mysore,Mysore,Sexologist,1,3000,2000,2000,1,1
Mysore,Mysore,Sexologist,6,3000,2000,2000,1,1
Mysore,Mysore,Gastroenterologist,1,5225,4703,4703,4,4
Mysore,Mysore,Gastroenterologist,6,3135,2351,2351,4,4
Mysore,Mysore,General Physician,6,3135,2090,2090,2,2
Mysore,Mysore,ENT,1,3135,3135,3135,2,2
Mysore,Mysore,ENT,6,3135,2090,2090,2,2
Mysore,Mysore,General Dentistry,1,3000,2000,2000,1,1
Mysore,Mysore,General Dentistry,6,3000,2000,2000,1,1
Mysore,Mysore,General Gynecology,1,9405,9405,9405,2,2
Mysore,Mysore,General Gynecology,6,5225,4703,4703,2,2
Mysore,Mysore,General Pediatrics,1,3135,2717,2717,1,1
Mysore,Mysore,General Pediatrics,6,3135,2090,2090,1,1
Mysore,Mysore,Orthopaedics,1,6270,3031,3031,1,1
Mysore,Mysore,Orthopaedics,6,3135,2090,2090,1,1
Nagpur,Nagpur-Cityinventory,General Dermatology,1,5450,4905,4905,2,1
Nagpur,Nagpur-Cityinventory,General Dermatology,6,5225,2351,2351,2,2
Nagpur,Nagpur-Cityinventory,Neurologist,1,5450,2180,2180,1,0
Nagpur,Nagpur-Cityinventory,Neurologist,6,3135,2090,2090,1,0
Nagpur,Nagpur-Cityinventory,Sexologist,1,11990,2180,2180,2,0
Nagpur,Nagpur-Cityinventory,Sexologist,6,9810,2180,2180,1,0
Nagpur,Nagpur-Cityinventory,Physiotherapist,1,3135,3135,3135,4,4
Nagpur,Nagpur-Cityinventory,Physiotherapist,6,3135,2090,2090,4,4
Nagpur,Nagpur-Cityinventory,Hair Transplant,1,11495,2090,2090,1,1
Nagpur,Nagpur-Cityinventory,Hair Transplant,6,6270,2090,2090,1,1
Nagpur,Nagpur-Cityinventory,Dietitian,1,3135,2090,2090,1,1
Nagpur,Nagpur-Cityinventory,Dietitian,6,3135,2090,2090,1,1
Nagpur,Nagpur-Cityinventory,Endocrinologist,1,3135,2090,2090,1,1
Nagpur,Nagpur-Cityinventory,Endocrinologist,6,3135,2090,2090,1,1
Nagpur,Nagpur-Cityinventory,Gastroenterologist,1,22990,7629,7629,4,4
Nagpur,Nagpur-Cityinventory,Gastroenterologist,6,11495,3814,3814,1,1
Nagpur,Nagpur-Cityinventory,General Physician,1,3135,3135,3135,2,2
Nagpur,Nagpur-Cityinventory,General Physician,6,3135,2090,2090,2,2
Nagpur,Nagpur-Cityinventory,Urologist,1,8720,2180,2180,1,1
Nagpur,Nagpur-Cityinventory,Urologist,6,5225,2090,2090,1,1
Nagpur,Nagpur-Cityinventory,ENT,1,6270,6270,6270,2,2
Nagpur,Nagpur-Cityinventory,ENT,6,3135,3135,3135,2,2
Nagpur,Nagpur-Cityinventory,General Dentistry,1,20710,19075,19075,4,2
Nagpur,Nagpur-Cityinventory,General Dentistry,6,14630,9144,9144,1,1
Nagpur,Nagpur-Cityinventory,Oncologist,1,11495,2090,2090,1,1
Nagpur,Nagpur-Cityinventory,Oncologist,6,6270,2090,2090,1,1
Nagpur,Nagpur-Cityinventory,Cosmetic/Plastic Surgeon,1,23980,2180,2180,1,0
Nagpur,Nagpur-Cityinventory,Cosmetic/Plastic Surgeon,6,11495,2090,2090,1,1
Nagpur,Nagpur-Cityinventory,Pulmonologist,1,9810,2180,2180,1,1
Nagpur,Nagpur-Cityinventory,Pulmonologist,6,5225,2090,2090,1,1
Nagpur,Nagpur-Cityinventory,Cardiologist,1,8360,7838,7838,3,2
Nagpur,Nagpur-Cityinventory,Cardiologist,6,5225,3919,3919,3,3
Nagpur,Nagpur-Cityinventory,Nephrologist,1,5225,3135,3135,2,2
Nagpur,Nagpur-Cityinventory,Nephrologist,6,3135,2090,2090,2,2
Nagpur,Nagpur-Cityinventory,General Surgeon,1,8360,7838,7838,3,3
Nagpur,Nagpur-Cityinventory,General Surgeon,6,5225,3919,3919,3,3
Nagpur,Nagpur-Cityinventory,General Psychiatry,1,11990,11445,11445,5,1
Nagpur,Nagpur-Cityinventory,General Psychiatry,6,9405,5486,5486,5,4
Nagpur,Nagpur-Cityinventory,Hematologist,1,3135,2090,2090,1,1
Nagpur,Nagpur-Cityinventory,Hematologist,6,3135,2090,2090,1,1
Nagpur,Nagpur-Cityinventory,General Gynecology,1,15260,14715,14715,2,0
Nagpur,Nagpur-Cityinventory,General Gynecology,6,8360,7054,7054,2,0
Nagpur,Nagpur-Cityinventory,General Alt Medicine,1,3135,2090,2090,1,1
Nagpur,Nagpur-Cityinventory,General Alt Medicine,6,3135,2090,2090,1,1
Nagpur,Nagpur-Cityinventory,General Pediatrics,1,3270,2180,2180,1,0
Nagpur,Nagpur-Cityinventory,General Pediatrics,6,3135,2090,2090,1,1
Nagpur,Nagpur-Cityinventory,General Ophthalmology,1,5450,4796,4796,1,0
Nagpur,Nagpur-Cityinventory,General Ophthalmology,6,5225,2299,2299,1,1
Nagpur,Nagpur-Cityinventory,Orthopaedics,1,6270,6270,6270,6,5
Nagpur,Nagpur-Cityinventory,Orthopaedics,6,5225,3135,3135,6,6
Nagpur,Nagpur-Cityinventory,Homeopathy,1,3135,2195,2195,1,1
Nagpur,Nagpur-Cityinventory,Homeopathy,6,3135,2090,2090,1,1
Nagpur,Sadar,General Dermatology,1,3000,2000,2000,1,1
Nagpur,Sadar,General Dermatology,6,3000,2000,2000,1,1
Nagpur,Sadar,General Dentistry,1,6270,2090,2090,1,0
Nagpur,Sadar,General Dentistry,6,5000,2000,2000,1,1
Nagpur,Sadar,General Ophthalmology,1,6000,2000,2000,1,1
Nagpur,Sadar,General Ophthalmology,6,5000,2000,2000,1,1
Nagpur,Dhantoli,General Dermatology,1,3000,2000,2000,1,1
Nagpur,Dhantoli,General Dermatology,6,3000,2000,2000,1,1
Nagpur,Dhantoli,General Physician,1,3000,2000,2000,1,1
Nagpur,Dhantoli,General Physician,6,3000,2000,2000,1,1
Nagpur,Dhantoli,ENT,1,3135,2090,2090,1,1
Nagpur,Dhantoli,ENT,6,3135,2090,2090,1,1
Nagpur,Dhantoli,General Dentistry,1,6270,6270,6270,1,0
Nagpur,Dhantoli,General Dentistry,6,5000,3000,3000,1,1
Nagpur,Dhantoli,General Psychiatry,1,5225,4703,4703,6,5
Nagpur,Dhantoli,General Psychiatry,6,5225,2351,2351,6,6
Nagpur,Dhantoli,General Gynecology,1,3000,2400,2400,1,1
Nagpur,Dhantoli,General Gynecology,6,3000,2000,2000,1,1
Nagpur,Dhantoli,Orthopaedics,1,3135,2090,2090,1,0
Nagpur,Dhantoli,Orthopaedics,6,3135,2090,2090,1,1
Nagpur,Ramdaspeth,General Dermatology,1,3270,2180,2180,1,1
Nagpur,Ramdaspeth,General Dermatology,6,3135,2090,2090,1,1
Nagpur,Ramdaspeth,Physiotherapist,1,5000,2000,2000,1,1
Nagpur,Ramdaspeth,Physiotherapist,6,5000,2000,2000,1,1
Nagpur,Ramdaspeth,General Physician,1,3135,3135,3135,1,1
Nagpur,Ramdaspeth,General Physician,6,3135,2090,2090,1,1
Nagpur,Ramdaspeth,ENT,1,3135,3135,3135,4,3
Nagpur,Ramdaspeth,ENT,6,3135,2090,2090,4,4
Nagpur,Ramdaspeth,General Dentistry,1,5225,4703,4703,2,1
Nagpur,Ramdaspeth,General Dentistry,6,5000,2250,2250,2,2
Nagpur,Ramdaspeth,General Psychiatry,1,6270,6061,6061,1,0
Nagpur,Ramdaspeth,General Psychiatry,6,5000,2900,2900,1,1
Nagpur,Ramdaspeth,General Gynecology,1,5225,4703,4703,2,0
Nagpur,Ramdaspeth,General Gynecology,6,5225,2351,2351,2,2
Nagpur,Ramdaspeth,Orthopaedics,1,5000,4500,4500,6,6
Nagpur,Ramdaspeth,Orthopaedics,6,3000,2250,2250,6,6
Nagpur,Wardhaman Nagar,ENT,1,5000,2000,2000,1,1
Nagpur,Wardhaman Nagar,ENT,6,5000,2000,2000,1,1
Nagpur,Wardhaman Nagar,General Dentistry,1,5000,2000,2000,1,1
Nagpur,Wardhaman Nagar,General Dentistry,6,5000,2000,2000,1,1
Nagpur,Wardhaman Nagar,General Psychiatry,1,3000,2000,2000,1,1
Nagpur,Wardhaman Nagar,General Psychiatry,6,3000,2000,2000,1,1
Nanded,Nanded-Cityinventory,General Physician,1,3000,2000,2000,1,1
Nanded,Nanded-Cityinventory,General Physician,6,3000,2000,2000,1,1
Nashik,Nashik-Cityinventory,General Dermatology,1,5225,2090,2090,1,1
Nashik,Nashik-Cityinventory,General Dermatology,6,3135,2090,2090,1,1
Nashik,Nashik-Cityinventory,Neurologist,1,6270,2090,2090,1,1
Nashik,Nashik-Cityinventory,Neurologist,6,3135,2090,2090,1,1
Nashik,Nashik-Cityinventory,Sexologist,1,3270,2180,2180,1,1
Nashik,Nashik-Cityinventory,Sexologist,6,3135,2090,2090,1,1
Nashik,Nashik-Cityinventory,Physiotherapist,1,3135,2090,2090,1,1
Nashik,Nashik-Cityinventory,Physiotherapist,6,3135,2090,2090,1,1
Nashik,Nashik-Cityinventory,Hair Transplant,1,8360,2090,2090,1,1
Nashik,Nashik-Cityinventory,Hair Transplant,6,5225,2090,2090,1,1
Nashik,Nashik-Cityinventory,Endocrinologist,1,3135,2090,2090,1,1
Nashik,Nashik-Cityinventory,Endocrinologist,6,3135,2090,2090,1,1
Nashik,Nashik-Cityinventory,Gastroenterologist,1,6270,2090,2090,1,1
Nashik,Nashik-Cityinventory,Gastroenterologist,6,3135,2090,2090,1,1
Nashik,Nashik-Cityinventory,General Physician,1,3135,2090,2090,1,1
Nashik,Nashik-Cityinventory,General Physician,6,3135,2090,2090,1,1
Nashik,Nashik-Cityinventory,Urologist,1,5450,2180,2180,1,0
Nashik,Nashik-Cityinventory,Urologist,6,3135,2090,2090,1,1
Nashik,Nashik-Cityinventory,ENT,1,3270,2180,2180,1,1
Nashik,Nashik-Cityinventory,ENT,6,3270,2180,2180,1,1
Nashik,Nashik-Cityinventory,General Dentistry,1,5450,3815,3815,2,1
Nashik,Nashik-Cityinventory,General Dentistry,6,5225,2090,2090,1,1
Nashik,Nashik-Cityinventory,Cosmetic/Plastic Surgeon,1,12540,2090,2090,1,1
Nashik,Nashik-Cityinventory,Cosmetic/Plastic Surgeon,6,6270,2090,2090,1,1
Nashik,Nashik-Cityinventory,Pulmonologist,1,3135,2090,2090,1,1
Nashik,Nashik-Cityinventory,Pulmonologist,6,3135,2090,2090,1,1
Nashik,Nashik-Cityinventory,Cardiologist,1,6270,4285,4285,4,4
Nashik,Nashik-Cityinventory,Cardiologist,6,3135,2142,2142,1,1
Nashik,Nashik-Cityinventory,General Surgeon,1,8720,2180,2180,3,1
Nashik,Nashik-Cityinventory,General Surgeon,6,5225,2090,2090,1,1
Nashik,Nashik-Cityinventory,General Psychiatry,1,3270,2180,2180,1,0
Nashik,Nashik-Cityinventory,General Psychiatry,6,3270,2180,2180,1,0
Nashik,Nashik-Cityinventory,General Gynecology,1,12540,3135,3135,1,1
Nashik,Nashik-Cityinventory,General Gynecology,6,6270,2090,2090,1,1
Nashik,Nashik-Cityinventory,General Alt Medicine,1,3270,2180,2180,1,0
Nashik,Nashik-Cityinventory,General Alt Medicine,6,3270,2180,2180,1,0
Nashik,Nashik-Cityinventory,General Pediatrics,1,11495,2090,2090,4,3
Nashik,Nashik-Cityinventory,General Pediatrics,6,9810,2180,2180,1,0
Nashik,Nashik-Cityinventory,General Ophthalmology,1,6270,2090,2090,1,1
Nashik,Nashik-Cityinventory,General Ophthalmology,6,3135,2090,2090,1,1
Nashik,Nashik-Cityinventory,Orthopaedics,1,8360,2404,2404,1,1
Nashik,Nashik-Cityinventory,Orthopaedics,6,5225,2090,2090,1,1
Nashik,Nashik-Cityinventory,Homeopathy,1,5450,2180,2180,1,0
Nashik,Nashik-Cityinventory,Homeopathy,6,5450,2180,2180,1,0
Nashik,Gangapur Road,General Gynecology,1,3000,2000,2000,1,1
Nashik,Gangapur Road,General Gynecology,6,3000,2000,2000,1,1
Nashik,Gangapur Road,General Pediatrics,1,3000,2000,2000,1,1
Nashik,Gangapur Road,General Pediatrics,6,3000,2000,2000,1,1
Nashik,Mumbai Naka,Homeopathy,1,3135,2090,2090,1,0
Nashik,Mumbai Naka,Homeopathy,6,3000,2000,2000,1,1
Navi Mumbai,Vashi,General Dermatology,1,17600,9350,9350,1,0
Navi Mumbai,Vashi,General Dermatology,6,12600,4463,4463,1,1
Navi Mumbai,Vashi,Neurologist,1,9450,2100,2100,1,1
Navi Mumbai,Vashi,Neurologist,6,5250,2100,2100,1,1
Navi Mumbai,Vashi,Sexologist,1,17600,2200,2200,2,0
Navi Mumbai,Vashi,Sexologist,6,12600,2100,2100,1,0
Navi Mumbai,Vashi,Physiotherapist,1,5500,3300,3300,1,1
Navi Mumbai,Vashi,Physiotherapist,6,3150,2100,2100,1,1
Navi Mumbai,Vashi,Hair Transplant,1,10000,2000,2000,1,1
Navi Mumbai,Vashi,Hair Transplant,6,6000,2000,2000,1,1
Navi Mumbai,Vashi,Dietitian,1,5000,2000,2000,1,1
Navi Mumbai,Vashi,Dietitian,6,3000,2000,2000,1,1
Navi Mumbai,Vashi,Endocrinologist,1,5250,2100,2100,1,1
Navi Mumbai,Vashi,Endocrinologist,6,3150,2100,2100,1,1
Navi Mumbai,Vashi,Gastroenterologist,1,3300,2200,2200,1,0
Navi Mumbai,Vashi,Gastroenterologist,6,3300,2200,2200,1,0
Navi Mumbai,Vashi,General Physician,1,5250,3360,3360,1,1
Navi Mumbai,Vashi,General Physician,6,3150,2100,2100,1,1
Navi Mumbai,Vashi,Urologist,1,5250,2100,2100,1,1
Navi Mumbai,Vashi,Urologist,6,3150,2100,2100,1,1
Navi Mumbai,Vashi,ENT,1,5250,4725,4725,5,5
Navi Mumbai,Vashi,ENT,6,3150,2363,2363,5,5
Navi Mumbai,Vashi,General Dentistry,1,36300,20130,20130,2,1
Navi Mumbai,Vashi,General Dentistry,6,27500,10065,10065,1,1
Navi Mumbai,Vashi,Cosmetic/Plastic Surgeon,1,10000,2000,2000,1,1
Navi Mumbai,Vashi,Cosmetic/Plastic Surgeon,6,9000,2000,2000,1,1
Navi Mumbai,Vashi,Pulmonologist,1,5250,2100,2100,1,1
Navi Mumbai,Vashi,Pulmonologist,6,3150,2100,2100,1,1
Navi Mumbai,Vashi,Cardiologist,1,5250,2100,2100,1,1
Navi Mumbai,Vashi,Cardiologist,6,3150,2100,2100,1,1
Navi Mumbai,Vashi,General Surgeon,1,3000,2000,2000,1,1
Navi Mumbai,Vashi,General Surgeon,6,3000,2000,2000,1,1
Navi Mumbai,Vashi,Veterinarian,1,3000,2000,2000,1,1
Navi Mumbai,Vashi,Veterinarian,6,3000,2000,2000,1,1
Navi Mumbai,Vashi,General Psychiatry,1,13200,13200,13200,2,0
Navi Mumbai,Vashi,General Psychiatry,6,6300,6300,6300,1,1
Navi Mumbai,Vashi,General Gynecology,1,37400,19360,19360,1,1
Navi Mumbai,Vashi,General Gynecology,6,27300,9240,9240,1,1
Navi Mumbai,Vashi,General Alt Medicine,1,8800,2970,2970,1,0
Navi Mumbai,Vashi,General Alt Medicine,6,6300,2100,2100,1,1
Navi Mumbai,Vashi,General Pediatrics,1,5250,2100,2100,1,1
Navi Mumbai,Vashi,General Pediatrics,6,3150,2100,2100,1,1
Navi Mumbai,Vashi,General Ophthalmology,1,22000,18700,18700,1,0
Navi Mumbai,Vashi,General Ophthalmology,6,16800,8925,8925,1,1
Navi Mumbai,Vashi,Orthopaedics,1,8800,8250,8250,2,1
Navi Mumbai,Vashi,Orthopaedics,6,5250,3938,3938,5,5
Navi Mumbai,Vashi,Homeopathy,1,5250,4200,4200,1,0
Navi Mumbai,Vashi,Homeopathy,6,5250,2100,2100,1,1
Navi Mumbai,Nerul,General Dermatology,1,30800,39490,39490,1,0
Navi Mumbai,Nerul,General Dermatology,6,23100,18848,18848,1,1
Navi Mumbai,Nerul,Neurologist,1,9450,9450,9450,6,6
Navi Mumbai,Nerul,Neurologist,6,5250,4725,4725,6,6
Navi Mumbai,Nerul,Sexologist,1,9900,2200,2200,1,0
Navi Mumbai,Nerul,Sexologist,6,5500,2200,2200,1,1
Navi Mumbai,Nerul,Physiotherapist,1,5500,4950,4950,2,0
Navi Mumbai,Nerul,Physiotherapist,6,3150,2363,2363,2,2
Navi Mumbai,Nerul,Hair Transplant,1,17850,2100,2100,1,1
Navi Mumbai,Nerul,Hair Transplant,6,9450,2100,2100,1,1
Navi Mumbai,Nerul,Dietitian,1,3150,2100,2100,1,1
Navi Mumbai,Nerul,Dietitian,6,3150,2100,2100,1,1
Navi Mumbai,Nerul,Endocrinologist,1,5250,4725,4725,4,4
Navi Mumbai,Nerul,Endocrinologist,6,3150,2363,2363,4,4
Navi Mumbai,Nerul,Gastroenterologist,1,36300,19690,19690,1,0
Navi Mumbai,Nerul,Gastroenterologist,6,26250,9398,9398,1,1
Navi Mumbai,Nerul,General Physician,1,5250,4725,4725,3,2
Navi Mumbai,Nerul,General Physician,6,3150,2363,2363,3,3
Navi Mumbai,Nerul,Urologist,1,16800,15750,15750,2,2
Navi Mumbai,Nerul,Urologist,6,12600,7875,7875,2,2
Navi Mumbai,Nerul,ENT,1,5250,4725,4725,6,5
Navi Mumbai,Nerul,ENT,6,3150,2363,2363,6,5
Navi Mumbai,Nerul,General Dentistry,1,30000,24885,24885,2,1
Navi Mumbai,Nerul,General Dentistry,6,31900,13035,13035,2,0
Navi Mumbai,Nerul,Oncologist,1,3000,3000,3000,6,6
Navi Mumbai,Nerul,Oncologist,6,3000,2000,2000,6,6
Navi Mumbai,Nerul,Cosmetic/Plastic Surgeon,1,17850,2100,2100,1,1
Navi Mumbai,Nerul,Cosmetic/Plastic Surgeon,6,9450,2100,2100,1,1
Navi Mumbai,Nerul,Pulmonologist,1,5250,4725,4725,6,6
Navi Mumbai,Nerul,Pulmonologist,6,3150,2363,2363,6,6
Navi Mumbai,Nerul,Cardiologist,1,36300,21175,21175,2,2
Navi Mumbai,Nerul,Cardiologist,6,26250,10106,10106,2,2
Navi Mumbai,Nerul,Nephrologist,1,3150,2100,2100,1,1
Navi Mumbai,Nerul,Nephrologist,6,3150,2100,2100,1,1
Navi Mumbai,Nerul,General Surgeon,1,5250,4725,4725,6,6
Navi Mumbai,Nerul,General Surgeon,6,3150,2363,2363,6,6
Navi Mumbai,Nerul,Veterinarian,1,3000,2000,2000,1,1
Navi Mumbai,Nerul,Veterinarian,6,3000,2000,2000,1,1
Navi Mumbai,Nerul,General Psychiatry,1,12600,12600,12600,4,3
Navi Mumbai,Nerul,General Psychiatry,6,6300,6300,6300,4,4
Navi Mumbai,Nerul,Speech Therapist,1,3000,2000,2000,1,1
Navi Mumbai,Nerul,Speech Therapist,6,3000,2000,2000,1,1
Navi Mumbai,Nerul,General Gynecology,1,42900,33385,33385,2,0
Navi Mumbai,Nerul,General Gynecology,6,31900,16693,16693,2,1
Navi Mumbai,Nerul,General Alt Medicine,1,12100,2420,2420,2,0
Navi Mumbai,Nerul,General Alt Medicine,6,9450,2100,2100,1,1
Navi Mumbai,Nerul,General Pediatrics,1,5250,4725,4725,1,1
Navi Mumbai,Nerul,General Pediatrics,6,3150,2363,2363,1,1
Navi Mumbai,Nerul,General Ophthalmology,1,5500,4950,4950,2,1
Navi Mumbai,Nerul,General Ophthalmology,6,3150,2363,2363,2,2
Navi Mumbai,Nerul,Orthopaedics,1,24200,30800,30800,3,2
Navi Mumbai,Nerul,Orthopaedics,6,17850,14700,14700,3,3
Navi Mumbai,Nerul,Homeopathy,1,5250,4095,4095,1,0
Navi Mumbai,Nerul,Homeopathy,6,3150,2100,2100,1,1
Navi Mumbai,Navi Mumbai-Cityinventory,General Dermatology,1,19950,18900,18900,3,2
Navi Mumbai,Navi Mumbai-Cityinventory,General Dermatology,6,14700,9450,9450,2,2
Navi Mumbai,Navi Mumbai-Cityinventory,Neurologist,1,5250,4725,4725,6,6
Navi Mumbai,Navi Mumbai-Cityinventory,Neurologist,6,3150,2363,2363,6,6
Navi Mumbai,Navi Mumbai-Cityinventory,Sexologist,1,5500,2200,2200,4,0
Navi Mumbai,Navi Mumbai-Cityinventory,Sexologist,6,3150,2100,2100,1,0
Navi Mumbai,Navi Mumbai-Cityinventory,Physiotherapist,1,3300,3300,3300,4,1
Navi Mumbai,Navi Mumbai-Cityinventory,Physiotherapist,6,3150,2100,2100,4,4
Navi Mumbai,Navi Mumbai-Cityinventory,Hair Transplant,1,37400,2200,2200,2,0
Navi Mumbai,Navi Mumbai-Cityinventory,Hair Transplant,6,27300,2100,2100,1,1
Navi Mumbai,Navi Mumbai-Cityinventory,Dietitian,1,3150,2100,2100,1,1
Navi Mumbai,Navi Mumbai-Cityinventory,Dietitian,6,3150,2100,2100,1,1
Navi Mumbai,Navi Mumbai-Cityinventory,Endocrinologist,1,3150,3150,3150,6,6
Navi Mumbai,Navi Mumbai-Cityinventory,Endocrinologist,6,3150,2100,2100,6,6
Navi Mumbai,Navi Mumbai-Cityinventory,Gastroenterologist,1,6300,6300,6300,4,3
Navi Mumbai,Navi Mumbai-Cityinventory,Gastroenterologist,6,5250,3150,3150,3,3
Navi Mumbai,Navi Mumbai-Cityinventory,General Physician,1,3150,3150,3150,5,4
Navi Mumbai,Navi Mumbai-Cityinventory,General Physician,6,3150,2100,2100,5,5
Navi Mumbai,Navi Mumbai-Cityinventory,Urologist,1,5250,4725,4725,6,6
Navi Mumbai,Navi Mumbai-Cityinventory,Urologist,6,3150,2363,2363,6,6
Navi Mumbai,Navi Mumbai-Cityinventory,ENT,1,9450,9450,9450,5,5
Navi Mumbai,Navi Mumbai-Cityinventory,ENT,6,5250,4725,4725,5,5
Navi Mumbai,Navi Mumbai-Cityinventory,General Dentistry,1,15400,14850,14850,5,1
Navi Mumbai,Navi Mumbai-Cityinventory,General Dentistry,6,11550,7088,7088,5,4
Navi Mumbai,Navi Mumbai-Cityinventory,Oncologist,1,3150,3150,3150,6,6
Navi Mumbai,Navi Mumbai-Cityinventory,Oncologist,6,3150,2100,2100,6,6
Navi Mumbai,Navi Mumbai-Cityinventory,Cosmetic/Plastic Surgeon,1,5500,2200,2200,4,4
Navi Mumbai,Navi Mumbai-Cityinventory,Cosmetic/Plastic Surgeon,6,3150,2100,2100,1,1
Navi Mumbai,Navi Mumbai-Cityinventory,Pulmonologist,1,3150,3150,3150,6,6
Navi Mumbai,Navi Mumbai-Cityinventory,Pulmonologist,6,3150,2100,2100,6,6
Navi Mumbai,Navi Mumbai-Cityinventory,Cardiologist,1,5500,4950,4950,6,4
Navi Mumbai,Navi Mumbai-Cityinventory,Cardiologist,6,5250,2363,2363,6,6
Navi Mumbai,Navi Mumbai-Cityinventory,Nephrologist,1,3150,2100,2100,1,1
Navi Mumbai,Navi Mumbai-Cityinventory,Nephrologist,6,3150,2100,2100,1,1
Navi Mumbai,Navi Mumbai-Cityinventory,General Surgeon,1,3150,3150,3150,6,6
Navi Mumbai,Navi Mumbai-Cityinventory,General Surgeon,6,3150,2100,2100,6,6
Navi Mumbai,Navi Mumbai-Cityinventory,General Psychiatry,1,9900,9900,9900,4,0
Navi Mumbai,Navi Mumbai-Cityinventory,General Psychiatry,6,8400,4725,4725,6,6
Navi Mumbai,Navi Mumbai-Cityinventory,Speech Therapist,1,3150,2100,2100,1,1
Navi Mumbai,Navi Mumbai-Cityinventory,Speech Therapist,6,3150,2100,2100,1,1
Navi Mumbai,Navi Mumbai-Cityinventory,Hematologist,1,3000,2000,2000,1,1
Navi Mumbai,Navi Mumbai-Cityinventory,Hematologist,6,3000,2000,2000,1,1
Navi Mumbai,Navi Mumbai-Cityinventory,General Gynecology,1,8400,7875,7875,6,6
Navi Mumbai,Navi Mumbai-Cityinventory,General Gynecology,6,6300,3938,3938,6,6
Navi Mumbai,Navi Mumbai-Cityinventory,General Alt Medicine,1,12100,5280,5280,4,0
Navi Mumbai,Navi Mumbai-Cityinventory,General Alt Medicine,6,9450,2520,2520,1,1
Navi Mumbai,Navi Mumbai-Cityinventory,General Pediatrics,1,3150,3150,3150,2,2
Navi Mumbai,Navi Mumbai-Cityinventory,General Pediatrics,6,3150,2100,2100,2,2
Navi Mumbai,Navi Mumbai-Cityinventory,General Ophthalmology,1,3300,3300,3300,6,3
Navi Mumbai,Navi Mumbai-Cityinventory,General Ophthalmology,6,3150,2100,2100,6,6
Navi Mumbai,Navi Mumbai-Cityinventory,Orthopaedics,1,8800,8250,8250,6,4
Navi Mumbai,Navi Mumbai-Cityinventory,Orthopaedics,6,5250,3938,3938,6,6
Navi Mumbai,Navi Mumbai-Cityinventory,Homeopathy,1,3150,3150,3150,3,3
Navi Mumbai,Navi Mumbai-Cityinventory,Homeopathy,6,3150,2100,2100,3,3
Navsari,Navsari-Cityinventory,General Physician,1,3000,2000,2000,1,1
Navsari,Navsari-Cityinventory,General Physician,6,3000,2000,2000,1,1
Nellore,Nellore-Cityinventory,General Dermatology,1,3135,2090,2090,1,1
Nellore,Nellore-Cityinventory,General Dermatology,6,3135,2090,2090,1,1
Nellore,Nellore-Cityinventory,Gastroenterologist,1,3135,2090,2090,1,1
Nellore,Nellore-Cityinventory,Gastroenterologist,6,3135,2090,2090,1,1
Nellore,Nellore-Cityinventory,General Physician,1,3135,2090,2090,1,1
Nellore,Nellore-Cityinventory,General Physician,6,3135,2090,2090,1,1
Nellore,Nellore-Cityinventory,ENT,1,3135,2090,2090,1,1
Nellore,Nellore-Cityinventory,ENT,6,3135,2090,2090,1,1
Nellore,Nellore-Cityinventory,General Dentistry,1,3270,2180,2180,1,0
Nellore,Nellore-Cityinventory,General Dentistry,6,3135,2090,2090,1,1
Nellore,Nellore-Cityinventory,Cosmetic/Plastic Surgeon,1,3000,2000,2000,1,1
Nellore,Nellore-Cityinventory,Cosmetic/Plastic Surgeon,6,3000,2000,2000,1,1
Nellore,Nellore-Cityinventory,General Gynecology,1,3135,2090,2090,1,1
Nellore,Nellore-Cityinventory,General Gynecology,6,3135,2090,2090,1,1
Nellore,Nellore-Cityinventory,Orthopaedics,1,3135,2090,2090,1,1
Nellore,Nellore-Cityinventory,Orthopaedics,6,3135,2090,2090,1,1
Nellore,Nellore,General Physician,6,3135,2090,2090,1,1
Nizamabad,Nizamabad-Cityinventory,General Dermatology,1,3000,2000,2000,1,1
Nizamabad,Nizamabad-Cityinventory,General Dermatology,6,3000,2000,2000,1,1
Nizamabad,Nizamabad-Cityinventory,General Physician,1,3000,2000,2000,1,1
Nizamabad,Nizamabad-Cityinventory,General Physician,6,3000,2000,2000,1,1
Noida,Sector 18,General Dermatology,1,12100,11550,11550,2,1
Noida,Sector 18,General Dermatology,6,9450,5513,5513,2,2
Noida,Sector 18,Neurologist,1,5000,4500,4500,6,6
Noida,Sector 18,Neurologist,6,3000,2250,2250,6,6
Noida,Sector 18,Sexologist,1,11550,2100,2100,1,0
Noida,Sector 18,Sexologist,6,9450,2100,2100,1,0
Noida,Sector 18,Gastroenterologist,1,3000,3000,3000,4,4
Noida,Sector 18,Gastroenterologist,6,3000,2000,2000,4,4
Noida,Sector 18,General Physician,1,5250,4725,4725,2,2
Noida,Sector 18,General Physician,6,3150,2363,2363,2,2
Noida,Sector 18,Urologist,1,6000,6000,6000,3,3
Noida,Sector 18,Urologist,6,3000,3000,3000,3,3
Noida,Sector 18,ENT,1,8400,2100,2100,1,1
Noida,Sector 18,ENT,6,6300,2100,2100,1,1
Noida,Sector 18,General Dentistry,1,17600,16500,16500,1,1
Noida,Sector 18,General Dentistry,6,13200,8250,8250,1,1
Noida,Sector 18,General Psychiatry,1,9000,9000,9000,6,5
Noida,Sector 18,General Psychiatry,6,8000,4500,4500,6,6
Noida,Sector 18,General Gynecology,1,9450,9450,9450,3,3
Noida,Sector 18,General Gynecology,6,8400,4725,4725,3,3
Noida,Sector 18,General Ophthalmology,1,8400,7875,7875,1,1
Noida,Sector 18,General Ophthalmology,6,6000,3750,3750,1,1
Noida,Sector 18,Orthopaedics,1,5000,4500,4500,6,6
Noida,Sector 18,Orthopaedics,6,3000,2250,2250,6,6
Noida,Sector 18,Homeopathy,1,3000,3000,3000,2,2
Noida,Sector 18,Homeopathy,6,3000,2000,2000,2,2
Noida,Gejha,General Dermatology,1,13200,13200,13200,1,0
Noida,Gejha,General Dermatology,6,9900,6600,6600,1,0
Noida,Gejha,Physiotherapist,1,5250,2100,2100,1,1
Noida,Gejha,Physiotherapist,6,3150,2100,2100,1,0
Noida,Gejha,Dietitian,1,8000,2000,2000,1,1
Noida,Gejha,Dietitian,6,6000,2000,2000,1,1
Noida,Gejha,Gastroenterologist,1,3000,2000,2000,1,1
Noida,Gejha,Gastroenterologist,6,3000,2000,2000,1,1
Noida,Gejha,General Physician,1,5250,2100,2100,1,0
Noida,Gejha,General Physician,6,3150,2100,2100,1,1
Noida,Gejha,ENT,1,8400,2100,2100,1,1
Noida,Gejha,ENT,6,5250,2100,2100,1,1
Noida,Gejha,General Dentistry,1,13200,17600,17600,1,0
Noida,Gejha,General Dentistry,6,9450,8400,8400,1,0
Noida,Gejha,Nephrologist,1,3000,2000,2000,1,1
Noida,Gejha,Nephrologist,6,3000,2000,2000,1,1
Noida,Gejha,General Psychiatry,1,6300,2100,2100,1,0
Noida,Gejha,General Psychiatry,6,5250,2100,2100,1,1
Noida,Gejha,General Gynecology,1,13200,13200,13200,1,0
Noida,Gejha,General Gynecology,6,9450,6300,6300,1,1
Noida,Gejha,General Pediatrics,1,5250,2100,2100,1,0
Noida,Gejha,General Pediatrics,6,3000,2000,2000,1,1
Noida,Gejha,General Ophthalmology,1,6000,2000,2000,1,0
Noida,Gejha,General Ophthalmology,6,5000,2000,2000,1,1
Noida,Gejha,Orthopaedics,1,5000,4500,4500,4,4
Noida,Gejha,Orthopaedics,6,5000,2250,2250,4,4
Noida,Sector 15,General Ophthalmology,1,3000,2000,2000,1,1
Noida,Sector 15,General Ophthalmology,6,3000,2000,2000,1,1
Noida,Sector 25,Neurologist,1,6000,2000,2000,1,1
Noida,Sector 25,Neurologist,6,3000,2000,2000,1,1
Noida,Sector 25,General Physician,1,5250,2520,2520,1,1
Noida,Sector 25,General Physician,6,3000,2000,2000,1,1
Noida,Sector 25,General Dentistry,1,21000,5565,5565,1,0
Noida,Sector 25,General Dentistry,6,16800,2783,2783,1,0
Noida,Sector 25,General Gynecology,1,6300,2100,2100,1,0
Noida,Sector 25,General Gynecology,6,5000,2000,2000,1,1
Noida,Sector 25,Orthopaedics,1,3000,2000,2000,1,1
Noida,Sector 25,Orthopaedics,6,3000,2000,2000,1,1
Noida,Sector 25,Homeopathy,1,6000,2000,2000,1,1
Noida,Sector 25,Homeopathy,6,5000,2000,2000,1,1
Noida,Sector 50,General Dermatology,1,17600,22000,22000,2,0
Noida,Sector 50,General Dermatology,6,12600,10500,10500,2,1
Noida,Sector 50,Neurologist,1,6000,2000,2000,1,0
Noida,Sector 50,Neurologist,6,3000,2000,2000,1,0
Noida,Sector 50,Sexologist,1,6300,2100,2100,1,0
Noida,Sector 50,Sexologist,6,5250,2100,2100,1,0
Noida,Sector 50,Physiotherapist,1,12600,16800,16800,3,2
Noida,Sector 50,Physiotherapist,6,9450,8400,8400,3,2
Noida,Sector 50,Endocrinologist,1,5000,2000,2000,1,1
Noida,Sector 50,Endocrinologist,6,3000,2000,2000,1,1
Noida,Sector 50,Gastroenterologist,1,9450,2100,2100,1,1
Noida,Sector 50,Gastroenterologist,6,5000,2000,2000,1,1
Noida,Sector 50,General Physician,1,12100,11550,11550,1,0
Noida,Sector 50,General Physician,6,9450,5513,5513,3,3
Noida,Sector 50,Urologist,1,11550,2100,2100,1,0
Noida,Sector 50,Urologist,6,6300,2100,2100,1,1
Noida,Sector 50,ENT,1,9450,9450,9450,3,3
Noida,Sector 50,ENT,6,5250,4725,4725,3,2
Noida,Sector 50,General Dentistry,1,30800,27940,27940,2,0
Noida,Sector 50,General Dentistry,6,24200,13970,13970,2,1
Noida,Sector 50,Pulmonologist,1,6000,2000,2000,1,1
Noida,Sector 50,Pulmonologist,6,5000,2000,2000,1,1
Noida,Sector 50,Cardiologist,1,5000,4500,4500,6,6
Noida,Sector 50,Cardiologist,6,3000,2250,2250,6,5
Noida,Sector 50,General Psychiatry,1,12100,11550,11550,2,0
Noida,Sector 50,General Psychiatry,6,9900,5775,5775,2,1
Noida,Sector 50,General Gynecology,1,27500,35200,35200,3,0
Noida,Sector 50,General Gynecology,6,19950,16800,16800,3,2
Noida,Sector 50,General Pediatrics,1,5500,4950,4950,5,3
Noida,Sector 50,General Pediatrics,6,5250,2363,2363,5,4
Noida,Sector 50,General Ophthalmology,1,20000,20000,20000,1,1
Noida,Sector 50,General Ophthalmology,6,17850,14700,14700,1,1
Noida,Sector 50,Orthopaedics,1,14700,18900,18900,6,4
Noida,Sector 50,Orthopaedics,6,11550,9450,9450,6,6
Noida,Sector 50,Homeopathy,1,3150,3150,3150,3,2
Noida,Sector 50,Homeopathy,6,3000,2000,2000,3,3
Noida,Sector 57,General Dermatology,1,11550,11025,11025,2,2
Noida,Sector 57,General Dermatology,6,9450,5513,5513,2,2
Noida,Sector 57,General Physician,1,3300,2200,2200,1,1
Noida,Sector 57,General Physician,6,3150,2100,2100,1,1
Noida,Sector 57,ENT,1,5250,2100,2100,1,1
Noida,Sector 57,ENT,6,3150,2100,2100,1,1
Noida,Sector 57,General Dentistry,1,8000,6000,6000,1,0
Noida,Sector 57,General Dentistry,6,6300,3150,3150,1,1
Noida,Sector 57,General Gynecology,1,6300,5565,5565,1,0
Noida,Sector 57,General Gynecology,6,3150,2783,2783,1,1
Noida,Sector 57,General Ophthalmology,1,5000,2000,2000,1,1
Noida,Sector 57,General Ophthalmology,6,3000,2000,2000,1,1
Noida,Sector 57,Orthopaedics,1,3000,2000,2000,1,1
Noida,Sector 57,Orthopaedics,6,3000,2000,2000,1,1
Noida,Sector 62,General Dermatology,1,5500,2200,2200,1,0
Noida,Sector 62,General Dermatology,6,5500,2200,2200,1,0
Noida,Sector 62,Neurologist,1,6000,2000,2000,1,1
Noida,Sector 62,Neurologist,6,3000,2000,2000,1,1
Noida,Sector 62,Physiotherapist,1,3000,2000,2000,1,1
Noida,Sector 62,Physiotherapist,6,3000,2000,2000,1,1
Noida,Sector 62,Gastroenterologist,1,6000,2000,2000,1,1
Noida,Sector 62,Gastroenterologist,6,5000,2000,2000,1,1
Noida,Sector 62,General Physician,1,3150,3150,3150,3,3
Noida,Sector 62,General Physician,6,3150,2100,2100,3,3
Noida,Sector 62,Urologist,1,3150,2100,2100,1,0
Noida,Sector 62,Urologist,6,3000,2000,2000,1,1
Noida,Sector 62,ENT,1,10000,2000,2000,1,1
Noida,Sector 62,ENT,6,10000,2000,2000,1,1
Noida,Sector 62,General Dentistry,1,12100,15400,15400,1,1
Noida,Sector 62,General Dentistry,6,9900,7700,7700,1,1
Noida,Sector 62,Cardiologist,1,5000,2000,2000,1,1
Noida,Sector 62,Cardiologist,6,3000,2000,2000,1,1
Noida,Sector 62,General Psychiatry,1,5250,4725,4725,2,1
Noida,Sector 62,General Psychiatry,6,5250,2363,2363,2,2
Noida,Sector 62,General Gynecology,1,9450,9450,9450,2,2
Noida,Sector 62,General Gynecology,6,5250,4725,4725,2,2
Noida,Sector 62,General Pediatrics,1,5000,2000,2000,1,1
Noida,Sector 62,General Pediatrics,6,3000,2000,2000,1,1
Noida,Sector 62,General Ophthalmology,1,10000,2000,2000,1,1
Noida,Sector 62,General Ophthalmology,6,9000,2000,2000,1,1
Noida,Sector 62,Orthopaedics,1,6000,2000,2000,1,1
Noida,Sector 62,Orthopaedics,6,5000,2000,2000,1,1
Noida,Sector 62,Homeopathy,1,6300,2100,2100,1,0
Noida,Sector 62,Homeopathy,6,5000,2000,2000,1,1
Noida,Sector 71,General Dermatology,1,15400,2200,2200,1,0
Noida,Sector 71,General Dermatology,6,12100,2200,2200,1,0
Noida,Sector 71,Neurologist,1,3000,3000,3000,5,5
Noida,Sector 71,Neurologist,6,3000,2000,2000,5,5
Noida,Sector 71,Sexologist,1,11550,2100,2100,1,0
Noida,Sector 71,Sexologist,6,9000,2000,2000,1,0
Noida,Sector 71,Physiotherapist,1,6300,6300,6300,3,3
Noida,Sector 71,Physiotherapist,6,5250,3150,3150,3,3
Noida,Sector 71,Dietitian,1,5250,2100,2100,1,1
Noida,Sector 71,Dietitian,6,5000,2000,2000,1,1
Noida,Sector 71,Endocrinologist,1,12600,7665,7665,1,0
Noida,Sector 71,Endocrinologist,6,9450,3833,3833,1,0
Noida,Sector 71,Gastroenterologist,1,8400,2100,2100,1,1
Noida,Sector 71,Gastroenterologist,6,6300,2100,2100,1,1
Noida,Sector 71,General Physician,1,14700,14175,14175,2,0
Noida,Sector 71,General Physician,6,11550,7088,7088,2,2
Noida,Sector 71,Urologist,1,3150,3150,3150,1,0
Noida,Sector 71,Urologist,6,3000,2000,2000,1,1
Noida,Sector 71,ENT,1,11550,11025,11025,4,3
Noida,Sector 71,ENT,6,9450,5513,5513,4,4
Noida,Sector 71,General Dentistry,1,15400,14850,14850,2,0
Noida,Sector 71,General Dentistry,6,12100,7425,7425,1,0
Noida,Sector 71,General Psychiatry,1,6300,6300,6300,2,2
Noida,Sector 71,General Psychiatry,6,5250,3150,3150,2,2
Noida,Sector 71,General Gynecology,1,20900,26400,26400,2,1
Noida,Sector 71,General Gynecology,6,14700,12600,12600,2,1
Noida,Sector 71,General Alt Medicine,1,5000,3400,3400,1,0
Noida,Sector 71,General Alt Medicine,6,5000,2000,2000,1,0
Noida,Sector 71,General Pediatrics,1,6600,6600,6600,1,1
Noida,Sector 71,General Pediatrics,6,5250,3150,3150,1,1
Noida,Sector 71,General Ophthalmology,1,11550,11025,11025,6,6
Noida,Sector 71,General Ophthalmology,6,9450,5513,5513,6,6
Noida,Sector 71,Orthopaedics,1,11550,14700,14700,3,2
Noida,Sector 71,Orthopaedics,6,9450,7350,7350,3,3
Noida,Sector 71,Homeopathy,1,6300,2100,2100,1,0
Noida,Sector 71,Homeopathy,6,5000,2000,2000,1,1
Noida,Noida-Cityinventory,General Dermatology,1,6600,6600,6600,6,1
Noida,Noida-Cityinventory,General Dermatology,6,5500,3300,3300,6,2
Noida,Noida-Cityinventory,Neurologist,1,23100,22050,22050,5,5
Noida,Noida-Cityinventory,Neurologist,6,17850,11025,11025,5,5
Noida,Noida-Cityinventory,Sexologist,1,13200,2200,2200,6,0
Noida,Noida-Cityinventory,Sexologist,6,9900,2200,2200,6,2
Noida,Noida-Cityinventory,Physiotherapist,1,30000,30000,30000,2,0
Noida,Noida-Cityinventory,Physiotherapist,6,30000,17850,17850,2,2
Noida,Noida-Cityinventory,Hair Transplant,1,30800,2200,2200,1,0
Noida,Noida-Cityinventory,Hair Transplant,6,14700,2100,2100,1,1
Noida,Noida-Cityinventory,Dietitian,1,8800,4070,4070,4,1
Noida,Noida-Cityinventory,Dietitian,6,6600,2200,2200,1,0
Noida,Noida-Cityinventory,Endocrinologist,1,12600,12600,12600,4,3
Noida,Noida-Cityinventory,Endocrinologist,6,9450,6300,6300,4,4
Noida,Noida-Cityinventory,Gastroenterologist,1,11550,12600,12600,6,6
Noida,Noida-Cityinventory,Gastroenterologist,6,6300,6300,6300,6,6
Noida,Noida-Cityinventory,General Physician,1,11550,11025,11025,6,5
Noida,Noida-Cityinventory,General Physician,6,9450,5513,5513,6,5
Noida,Noida-Cityinventory,Urologist,1,3300,3300,3300,6,5
Noida,Noida-Cityinventory,Urologist,6,3150,2100,2100,6,6
Noida,Noida-Cityinventory,ENT,1,11550,11025,11025,6,3
Noida,Noida-Cityinventory,ENT,6,6300,5513,5513,6,6
Noida,Noida-Cityinventory,General Dentistry,1,36300,34650,34650,4,0
Noida,Noida-Cityinventory,General Dentistry,6,27500,17325,17325,4,2
Noida,Noida-Cityinventory,Oncologist,1,11550,11025,11025,1,0
Noida,Noida-Cityinventory,Oncologist,6,9450,5513,5513,1,1
Noida,Noida-Cityinventory,Cosmetic/Plastic Surgeon,1,30000,2100,2100,1,1
Noida,Noida-Cityinventory,Cosmetic/Plastic Surgeon,6,24150,2100,2100,1,1
Noida,Noida-Cityinventory,Pulmonologist,1,9450,9450,9450,4,2
Noida,Noida-Cityinventory,Pulmonologist,6,8400,4725,4725,4,4
Noida,Noida-Cityinventory,Cardiologist,1,5500,4950,4950,6,3
Noida,Noida-Cityinventory,Cardiologist,6,3150,2363,2363,6,6
Noida,Noida-Cityinventory,Nephrologist,1,3150,2100,2100,1,1
Noida,Noida-Cityinventory,Nephrologist,6,3150,2100,2100,1,1
Noida,Noida-Cityinventory,General Surgeon,1,3150,3150,3150,6,6
Noida,Noida-Cityinventory,General Surgeon,6,3150,2100,2100,6,6
Noida,Noida-Cityinventory,Veterinarian,1,3150,2100,2100,1,1
Noida,Noida-Cityinventory,Veterinarian,6,3150,2100,2100,1,1
Noida,Noida-Cityinventory,General Psychiatry,1,6600,6600,6600,4,0
Noida,Noida-Cityinventory,General Psychiatry,6,5250,3150,3150,6,6
Noida,Noida-Cityinventory,Audiologist,1,3150,2100,2100,1,1
Noida,Noida-Cityinventory,Audiologist,6,3150,2100,2100,1,1
Noida,Noida-Cityinventory,Occupational Therapist,1,3000,2000,2000,1,1
Noida,Noida-Cityinventory,Occupational Therapist,6,3000,2000,2000,1,1
Noida,Noida-Cityinventory,Speech Therapist,1,3150,3150,3150,3,2
Noida,Noida-Cityinventory,Speech Therapist,6,3150,2100,2100,3,3
Noida,Noida-Cityinventory,Hematologist,1,3000,2000,2000,1,1
Noida,Noida-Cityinventory,Hematologist,6,3000,2000,2000,1,1
Noida,Noida-Cityinventory,General Gynecology,1,17600,22000,22000,6,3
Noida,Noida-Cityinventory,General Gynecology,6,12600,10500,10500,6,6
Noida,Noida-Cityinventory,General Alt Medicine,1,6600,6600,6600,2,0
Noida,Noida-Cityinventory,General Alt Medicine,6,3300,3300,3300,1,0
Noida,Noida-Cityinventory,General Pediatrics,1,6300,6300,6300,6,4
Noida,Noida-Cityinventory,General Pediatrics,6,3150,3150,3150,6,6
Noida,Noida-Cityinventory,General Ophthalmology,1,6600,6600,6600,6,2
Noida,Noida-Cityinventory,General Ophthalmology,6,5250,3150,3150,6,6
Noida,Noida-Cityinventory,Orthopaedics,1,12100,15400,15400,6,4
Noida,Noida-Cityinventory,Orthopaedics,6,9450,7350,7350,6,6
Noida,Noida-Cityinventory,Homeopathy,1,3300,3300,3300,6,4
Noida,Noida-Cityinventory,Homeopathy,6,3150,2100,2100,6,6
North 24 Parganas,North 24 Parganas-Cityinventory,General Physician,1,0,2000,2000,1,1
North 24 Parganas,North 24 Parganas-Cityinventory,General Physician,6,0,2000,2000,1,1
North 24 Parganas,North 24 Parganas,General Physician,6,3135,2090,2090,1,1
North Goa,North Goa-Cityinventory,General Dermatology,1,3135,2090,2090,1,1
North Goa,North Goa-Cityinventory,General Dermatology,6,3135,2090,2090,1,1
North Goa,North Goa-Cityinventory,Sexologist,1,3135,2090,2090,1,0
North Goa,North Goa-Cityinventory,Sexologist,6,3135,2090,2090,1,1
North Goa,North Goa-Cityinventory,Gastroenterologist,1,3135,3135,3135,2,2
North Goa,North Goa-Cityinventory,Gastroenterologist,6,3135,2090,2090,2,2
North Goa,North Goa-Cityinventory,General Physician,1,3135,2090,2090,1,1
North Goa,North Goa-Cityinventory,General Physician,6,3135,2090,2090,1,1
North Goa,North Goa-Cityinventory,Urologist,1,3000,2000,2000,1,1
North Goa,North Goa-Cityinventory,Urologist,6,3000,2000,2000,1,1
North Goa,North Goa-Cityinventory,ENT,1,3000,2000,2000,1,1
North Goa,North Goa-Cityinventory,ENT,6,3000,2000,2000,1,1
North Goa,North Goa-Cityinventory,General Dentistry,1,3135,2090,2090,1,1
North Goa,North Goa-Cityinventory,General Dentistry,6,3000,2000,2000,1,1
North Goa,North Goa-Cityinventory,General Psychiatry,1,3135,2090,2090,1,1
North Goa,North Goa-Cityinventory,General Psychiatry,6,3135,2090,2090,1,1
North Goa,North Goa-Cityinventory,General Gynecology,1,6540,2180,2180,1,0
North Goa,North Goa-Cityinventory,General Gynecology,6,3135,2090,2090,1,1
North Goa,North Goa,General Physician,6,3135,2090,2090,1,1
North Goa,North Goa,ENT,6,3135,2090,2090,1,1
North Goa,North Goa,General Dentistry,6,3135,2090,2090,1,1
North Goa,North Goa,General Gynecology,6,3135,2090,2090,1,1
Palakkad,Palakkad-Cityinventory,General Dermatology,1,3270,2180,2180,1,1
Palakkad,Palakkad-Cityinventory,General Dermatology,6,3135,2090,2090,1,1
Palakkad,Palakkad-Cityinventory,Hair Transplant,1,3000,2000,2000,1,1
Palakkad,Palakkad-Cityinventory,Hair Transplant,6,3000,2000,2000,1,1
Palakkad,Palakkad-Cityinventory,General Physician,1,3135,2090,2090,1,1
Palakkad,Palakkad-Cityinventory,General Physician,6,3135,2090,2090,1,1
Panchkula,Panchkula-Cityinventory,General Dermatology,1,3135,2090,2090,1,1
Panchkula,Panchkula-Cityinventory,General Dermatology,6,3135,2090,2090,1,1
Panchkula,Panchkula-Cityinventory,Neurologist,1,0,2000,2000,1,1
Panchkula,Panchkula-Cityinventory,Sexologist,1,3135,2090,2090,1,1
Panchkula,Panchkula-Cityinventory,Sexologist,6,3135,2090,2090,1,1
Panchkula,Panchkula-Cityinventory,Physiotherapist,1,3135,2090,2090,1,1
Panchkula,Panchkula-Cityinventory,Physiotherapist,6,3135,2090,2090,1,1
Panchkula,Panchkula-Cityinventory,Gastroenterologist,1,5225,2090,2090,1,1
Panchkula,Panchkula-Cityinventory,Gastroenterologist,6,3135,2090,2090,1,1
Panchkula,Panchkula-Cityinventory,General Physician,1,3135,2090,2090,1,1
Panchkula,Panchkula-Cityinventory,General Physician,6,3135,2090,2090,1,1
Panchkula,Panchkula-Cityinventory,ENT,1,3135,2090,2090,1,1
Panchkula,Panchkula-Cityinventory,ENT,6,3135,2090,2090,1,1
Panchkula,Panchkula-Cityinventory,General Dentistry,1,6540,5559,5559,1,0
Panchkula,Panchkula-Cityinventory,General Dentistry,6,5225,2665,2665,1,1
Panchkula,Panchkula-Cityinventory,General Psychiatry,1,8720,2180,2180,1,0
Panchkula,Panchkula-Cityinventory,General Psychiatry,6,6270,2090,2090,1,1
Panchkula,Panchkula-Cityinventory,General Gynecology,1,13080,3924,3924,1,1
Panchkula,Panchkula-Cityinventory,General Gynecology,6,9405,2090,2090,1,1
Panchkula,Panchkula-Cityinventory,General Alt Medicine,1,6000,2000,2000,1,1
Panchkula,Panchkula-Cityinventory,General Alt Medicine,6,3000,2000,2000,1,1
Panchkula,Panchkula-Cityinventory,General Pediatrics,1,3135,2090,2090,1,1
Panchkula,Panchkula-Cityinventory,General Pediatrics,6,3135,2090,2090,1,1
Panchkula,Panchkula-Cityinventory,General Ophthalmology,1,3000,2000,2000,1,1
Panchkula,Panchkula-Cityinventory,General Ophthalmology,6,3000,2000,2000,1,1
Panchkula,Panchkula-Cityinventory,Orthopaedics,1,5225,2090,2090,1,1
Panchkula,Panchkula-Cityinventory,Orthopaedics,6,3135,2090,2090,1,1
Panchkula,Panchkula,General Dermatology,1,3135,2090,2090,1,1
Panchkula,Panchkula,General Dermatology,6,3135,2090,2090,1,1
Panchkula,Panchkula,Physiotherapist,6,3000,2000,2000,1,1
Panchkula,Panchkula,Gastroenterologist,1,3000,2000,2000,1,1
Panchkula,Panchkula,Gastroenterologist,6,3000,2000,2000,1,1
Panchkula,Panchkula,General Physician,1,3135,2090,2090,1,1
Panchkula,Panchkula,General Physician,6,3135,2090,2090,1,1
Panchkula,Panchkula,ENT,1,3135,2090,2090,1,1
Panchkula,Panchkula,ENT,6,3135,2090,2090,1,1
Panchkula,Panchkula,General Dentistry,1,6540,5559,5559,1,0
Panchkula,Panchkula,General Dentistry,6,5225,2665,2665,1,1
Panchkula,Panchkula,General Psychiatry,1,3000,2000,2000,1,1
Panchkula,Panchkula,General Psychiatry,6,3000,2000,2000,1,1
Panchkula,Panchkula,General Gynecology,1,6270,3762,3762,1,1
Panchkula,Panchkula,General Gynecology,6,3135,2090,2090,1,1
Panchkula,Panchkula,General Alt Medicine,1,3000,2000,2000,1,1
Panchkula,Panchkula,General Alt Medicine,6,3000,2000,2000,1,1
Panchkula,Panchkula,General Pediatrics,1,3000,2000,2000,1,1
Panchkula,Panchkula,General Pediatrics,6,3000,2000,2000,1,1
Panchkula,Panchkula,General Ophthalmology,1,3000,2000,2000,1,1
Panchkula,Panchkula,General Ophthalmology,6,3000,2000,2000,1,1
Panchkula,Panchkula,Orthopaedics,1,5225,2090,2090,1,1
Panchkula,Panchkula,Orthopaedics,6,3135,2090,2090,1,1
Panipat,Panipat-Cityinventory,General Physician,1,3000,2000,2000,1,1
Panipat,Panipat-Cityinventory,General Physician,6,3000,2000,2000,1,1
Panipat,Panipat-Cityinventory,General Dentistry,1,3000,2000,2000,1,1
Panipat,Panipat-Cityinventory,General Dentistry,6,3000,2000,2000,1,1
Patan,Patan-Cityinventory,General Physician,1,3000,2000,2000,1,1
Patan,Patan-Cityinventory,General Physician,6,3000,2000,2000,1,1
Pathanamthitta,Pathanamthitta-Cityinventory,General Physician,1,3000,2000,2000,1,1
Pathanamthitta,Pathanamthitta-Cityinventory,General Physician,6,3000,2000,2000,1,1
Pathankot,Pathankot-Cityinventory,General Physician,1,3000,2000,2000,1,1
Pathankot,Pathankot-Cityinventory,General Physician,6,3000,2000,2000,1,1
Pathankot,Pathankot-Cityinventory,ENT,1,3000,2000,2000,1,1
Pathankot,Pathankot-Cityinventory,ENT,6,3000,2000,2000,1,1
Patiala,Patiala-Cityinventory,General Dermatology,1,3135,2090,2090,1,1
Patiala,Patiala-Cityinventory,General Dermatology,6,3135,2090,2090,1,1
Patiala,Patiala-Cityinventory,Sexologist,1,3270,2180,2180,1,1
Patiala,Patiala-Cityinventory,Sexologist,6,3135,2090,2090,1,1
Patiala,Patiala-Cityinventory,General Physician,1,3135,2090,2090,1,1
Patiala,Patiala-Cityinventory,General Physician,6,3135,2090,2090,1,1
Patiala,Patiala-Cityinventory,ENT,1,3000,2000,2000,1,1
Patiala,Patiala-Cityinventory,ENT,6,3000,2000,2000,1,1
Patiala,Patiala-Cityinventory,General Gynecology,1,3000,2000,2000,1,1
Patiala,Patiala-Cityinventory,General Gynecology,6,3000,2000,2000,1,1
Patna,Patna-Cityinventory,General Dermatology,1,5450,4905,4905,3,2
Patna,Patna-Cityinventory,General Dermatology,6,5225,2351,2351,3,3
Patna,Patna-Cityinventory,Neurologist,1,9810,2180,2180,1,0
Patna,Patna-Cityinventory,Neurologist,6,8360,2090,2090,1,1
Patna,Patna-Cityinventory,Sexologist,1,11990,2180,2180,3,0
Patna,Patna-Cityinventory,Sexologist,6,9810,2180,2180,1,0
Patna,Patna-Cityinventory,Physiotherapist,1,3135,3135,3135,1,1
Patna,Patna-Cityinventory,Physiotherapist,6,3135,2090,2090,1,1
Patna,Patna-Cityinventory,Hair Transplant,1,3270,2180,2180,4,1
Patna,Patna-Cityinventory,Hair Transplant,6,3135,2090,2090,1,1
Patna,Patna-Cityinventory,Dietitian,1,3135,2090,2090,1,1
Patna,Patna-Cityinventory,Dietitian,6,3135,2090,2090,1,1
Patna,Patna-Cityinventory,Endocrinologist,1,5225,2090,2090,1,1
Patna,Patna-Cityinventory,Endocrinologist,6,3135,2090,2090,1,1
Patna,Patna-Cityinventory,Gastroenterologist,1,23980,2180,2180,1,1
Patna,Patna-Cityinventory,Gastroenterologist,6,17765,2090,2090,1,1
Patna,Patna-Cityinventory,General Physician,1,5225,4703,4703,2,2
Patna,Patna-Cityinventory,General Physician,6,3135,2351,2351,2,2
Patna,Patna-Cityinventory,Urologist,1,6540,6540,6540,4,1
Patna,Patna-Cityinventory,Urologist,6,5450,3270,3270,2,1
Patna,Patna-Cityinventory,ENT,1,9810,2180,2180,1,0
Patna,Patna-Cityinventory,ENT,6,5450,2180,2180,1,1
Patna,Patna-Cityinventory,General Dentistry,1,5450,4905,4905,3,2
Patna,Patna-Cityinventory,General Dentistry,6,5225,2351,2351,3,2
Patna,Patna-Cityinventory,Oncologist,1,3135,2299,2299,1,1
Patna,Patna-Cityinventory,Oncologist,6,3135,2090,2090,1,1
Patna,Patna-Cityinventory,Cosmetic/Plastic Surgeon,1,17765,2090,2090,1,1
Patna,Patna-Cityinventory,Cosmetic/Plastic Surgeon,6,14630,2090,2090,1,1
Patna,Patna-Cityinventory,Pulmonologist,1,8360,6166,6166,1,1
Patna,Patna-Cityinventory,Pulmonologist,6,5225,3083,3083,1,1
Patna,Patna-Cityinventory,Cardiologist,1,5225,2090,2090,1,1
Patna,Patna-Cityinventory,Cardiologist,6,3135,2090,2090,1,1
Patna,Patna-Cityinventory,Nephrologist,1,3135,2090,2090,1,1
Patna,Patna-Cityinventory,Nephrologist,6,3135,2090,2090,1,1
Patna,Patna-Cityinventory,General Surgeon,1,8720,8175,8175,2,1
Patna,Patna-Cityinventory,General Surgeon,6,5225,3919,3919,2,2
Patna,Patna-Cityinventory,General Psychiatry,1,8720,8175,8175,6,0
Patna,Patna-Cityinventory,General Psychiatry,6,6270,3919,3919,6,6
Patna,Patna-Cityinventory,Speech Therapist,1,3000,2000,2000,1,1
Patna,Patna-Cityinventory,Speech Therapist,6,3000,2000,2000,1,1
Patna,Patna-Cityinventory,General Gynecology,1,27250,9156,9156,4,2
Patna,Patna-Cityinventory,General Gynecology,6,19855,4389,4389,1,1
Patna,Patna-Cityinventory,General Alt Medicine,1,3270,2180,2180,1,1
Patna,Patna-Cityinventory,General Alt Medicine,6,3270,2180,2180,1,0
Patna,Patna-Cityinventory,General Pediatrics,1,6540,2180,2180,1,1
Patna,Patna-Cityinventory,General Pediatrics,6,5225,2090,2090,1,1
Patna,Patna-Cityinventory,General Ophthalmology,1,11495,9405,9405,1,1
Patna,Patna-Cityinventory,General Ophthalmology,6,6270,4703,4703,1,1
Patna,Patna-Cityinventory,Orthopaedics,1,6270,6270,6270,2,2
Patna,Patna-Cityinventory,Orthopaedics,6,3135,3135,3135,2,2
Patna,Patna-Cityinventory,Homeopathy,1,3135,3031,3031,1,1
Patna,Patna-Cityinventory,Homeopathy,6,3135,2090,2090,1,1
Patna,Kankarbagh,General Dermatology,1,3135,3135,3135,3,1
Patna,Kankarbagh,General Dermatology,6,3000,2000,2000,3,3
Patna,Kankarbagh,Neurologist,1,3135,2090,2090,1,1
Patna,Kankarbagh,Neurologist,6,3000,2000,2000,1,1
Patna,Kankarbagh,Sexologist,1,8360,2090,2090,1,0
Patna,Kankarbagh,Sexologist,6,6000,2000,2000,1,1
Patna,Kankarbagh,Gastroenterologist,1,5225,2090,2090,1,1
Patna,Kankarbagh,Gastroenterologist,6,3135,2090,2090,1,1
Patna,Kankarbagh,General Physician,1,3135,2090,2090,1,0
Patna,Kankarbagh,General Physician,6,3135,2090,2090,1,1
Patna,Kankarbagh,Urologist,1,5225,2090,2090,1,1
Patna,Kankarbagh,Urologist,6,3135,2090,2090,1,1
Patna,Kankarbagh,ENT,1,3135,2090,2090,1,1
Patna,Kankarbagh,ENT,6,3135,2090,2090,1,1
Patna,Kankarbagh,General Dentistry,1,3135,3135,3135,2,2
Patna,Kankarbagh,General Dentistry,6,3135,2090,2090,2,2
Patna,Kankarbagh,General Psychiatry,1,5225,4703,4703,6,5
Patna,Kankarbagh,General Psychiatry,6,5225,2351,2351,6,6
Patna,Kankarbagh,General Gynecology,1,9405,2090,2090,1,1
Patna,Kankarbagh,General Gynecology,6,5225,2090,2090,1,1
Patna,Kankarbagh,General Alt Medicine,1,3000,2000,2000,1,0
Patna,Kankarbagh,General Alt Medicine,6,3000,2000,2000,1,1
Patna,Kankarbagh,General Ophthalmology,1,6000,6000,6000,2,2
Patna,Kankarbagh,General Ophthalmology,6,3000,3000,3000,2,2
Patna,Kankarbagh,Orthopaedics,1,8360,2090,2090,1,1
Patna,Kankarbagh,Orthopaedics,6,5225,2090,2090,1,1
Patna,Raja Bazar,General Dermatology,1,6540,2180,2180,1,0
Patna,Raja Bazar,General Dermatology,6,5225,2090,2090,1,0
Patna,Raja Bazar,Neurologist,1,3135,2090,2090,1,1
Patna,Raja Bazar,Neurologist,6,3135,2090,2090,1,1
Patna,Raja Bazar,Hair Transplant,1,5000,2000,2000,1,1
Patna,Raja Bazar,Hair Transplant,6,5000,2000,2000,1,1
Patna,Raja Bazar,Gastroenterologist,1,6000,2000,2000,1,1
Patna,Raja Bazar,Gastroenterologist,6,5000,2000,2000,1,1
Patna,Raja Bazar,General Physician,1,3135,3135,3135,1,0
Patna,Raja Bazar,General Physician,6,3135,2090,2090,1,1
Patna,Raja Bazar,Urologist,1,3135,2090,2090,1,1
Patna,Raja Bazar,Urologist,6,3135,2090,2090,1,1
Patna,Raja Bazar,ENT,1,3135,2090,2090,1,1
Patna,Raja Bazar,ENT,6,3135,2090,2090,1,1
Patna,Raja Bazar,General Dentistry,1,5450,4905,4905,1,0
Patna,Raja Bazar,General Dentistry,6,5225,2351,2351,1,1
Patna,Raja Bazar,General Surgeon,1,9000,2000,2000,1,1
Patna,Raja Bazar,General Surgeon,6,8000,2000,2000,1,1
Patna,Raja Bazar,General Psychiatry,1,6270,2090,2090,1,0
Patna,Raja Bazar,General Psychiatry,6,5000,2000,2000,1,1
Patna,Raja Bazar,General Gynecology,1,3135,3135,3135,2,2
Patna,Raja Bazar,General Gynecology,6,3135,2090,2090,2,2
Patna,Raja Bazar,General Alt Medicine,1,3000,2000,2000,1,0
Patna,Raja Bazar,General Alt Medicine,6,3000,2000,2000,1,1
Patna,Raja Bazar,General Pediatrics,1,3135,2090,2090,1,1
Patna,Raja Bazar,General Pediatrics,6,3135,2090,2090,1,1
Patna,Raja Bazar,General Ophthalmology,1,8000,2000,2000,1,1
Patna,Raja Bazar,General Ophthalmology,6,5000,2000,2000,1,1
Patna,Raja Bazar,Orthopaedics,1,6540,2180,2180,1,0
Patna,Raja Bazar,Orthopaedics,6,3135,2090,2090,1,1
Patna,Rajendra Nagar,General Dermatology,1,8720,21800,21800,1,0
Patna,Rajendra Nagar,General Dermatology,6,6270,2090,2090,1,1
Patna,Rajendra Nagar,Neurologist,1,6270,2090,2090,1,1
Patna,Rajendra Nagar,Neurologist,6,3135,2090,2090,1,1
Patna,Rajendra Nagar,Sexologist,1,6540,21800,21800,1,0
Patna,Rajendra Nagar,Sexologist,6,5225,2090,2090,1,1
Patna,Rajendra Nagar,Gastroenterologist,1,3135,2090,2090,1,1
Patna,Rajendra Nagar,Gastroenterologist,6,3135,2090,2090,1,1
Patna,Rajendra Nagar,General Physician,1,3135,2090,2090,1,1
Patna,Rajendra Nagar,General Physician,6,3135,2090,2090,1,1
Patna,Rajendra Nagar,Urologist,1,3135,2090,2090,1,1
Patna,Rajendra Nagar,Urologist,6,3135,2090,2090,1,1
Patna,Rajendra Nagar,ENT,1,6270,2090,2090,1,1
Patna,Rajendra Nagar,ENT,6,3135,2090,2090,1,1
Patna,Rajendra Nagar,General Dentistry,6,3000,2000,2000,1,1
Patna,Rajendra Nagar,Cosmetic/Plastic Surgeon,1,3000,2000,2000,1,1
Patna,Rajendra Nagar,Cosmetic/Plastic Surgeon,6,3000,2000,2000,1,1
Patna,Rajendra Nagar,Pulmonologist,1,3000,2000,2000,1,1
Patna,Rajendra Nagar,Pulmonologist,6,3000,2000,2000,1,1
Patna,Rajendra Nagar,Cardiologist,1,3135,2090,2090,1,1
Patna,Rajendra Nagar,Cardiologist,6,3135,2090,2090,1,1
Patna,Rajendra Nagar,Nephrologist,1,3000,2000,2000,1,1
Patna,Rajendra Nagar,Nephrologist,6,3000,2000,2000,1,1
Patna,Rajendra Nagar,General Surgeon,1,5000,2000,2000,1,1
Patna,Rajendra Nagar,General Surgeon,6,5000,2000,2000,1,1
Patna,Rajendra Nagar,General Psychiatry,1,6540,6540,6540,2,1
Patna,Rajendra Nagar,General Psychiatry,6,5225,3135,3135,2,2
Patna,Rajendra Nagar,General Gynecology,1,6270,2090,2090,1,1
Patna,Rajendra Nagar,General Gynecology,6,3135,2090,2090,1,1
Patna,Rajendra Nagar,General Alt Medicine,1,3000,2000,2000,1,0
Patna,Rajendra Nagar,General Alt Medicine,6,3000,2000,2000,1,1
Patna,Rajendra Nagar,General Pediatrics,1,5000,2000,2000,1,1
Patna,Rajendra Nagar,General Pediatrics,6,3000,2000,2000,1,1
Patna,Rajendra Nagar,General Ophthalmology,1,6000,2000,2000,1,1
Patna,Rajendra Nagar,General Ophthalmology,6,3000,2000,2000,1,1
Patna,Rajendra Nagar,Orthopaedics,6,3135,2090,2090,1,1
Puducherry,Puducherry-Cityinventory,General Dermatology,1,3135,2090,2090,1,1
Puducherry,Puducherry-Cityinventory,General Dermatology,6,3135,2090,2090,1,1
Puducherry,Puducherry-Cityinventory,Sexologist,1,3135,2090,2090,1,1
Puducherry,Puducherry-Cityinventory,Sexologist,6,3135,2090,2090,1,1
Puducherry,Puducherry-Cityinventory,Gastroenterologist,1,3135,2090,2090,1,1
Puducherry,Puducherry-Cityinventory,Gastroenterologist,6,3135,2090,2090,1,1
Puducherry,Puducherry-Cityinventory,General Physician,1,3135,2090,2090,1,1
Puducherry,Puducherry-Cityinventory,General Physician,6,3135,2090,2090,1,1
Puducherry,Puducherry-Cityinventory,Urologist,1,3000,2000,2000,1,1
Puducherry,Puducherry-Cityinventory,Urologist,6,3000,2000,2000,1,1
Puducherry,Puducherry-Cityinventory,ENT,1,3135,2090,2090,1,1
Puducherry,Puducherry-Cityinventory,ENT,6,3135,2090,2090,1,1
Puducherry,Puducherry-Cityinventory,General Dentistry,1,3135,2090,2090,1,1
Puducherry,Puducherry-Cityinventory,General Dentistry,6,3135,2090,2090,1,1
Puducherry,Puducherry-Cityinventory,General Surgeon,1,6000,2000,2000,1,1
Puducherry,Puducherry-Cityinventory,General Surgeon,6,3000,2000,2000,1,1
Puducherry,Puducherry-Cityinventory,General Psychiatry,1,3135,2090,2090,1,1
Puducherry,Puducherry-Cityinventory,General Psychiatry,6,3135,2090,2090,1,1
Puducherry,Puducherry-Cityinventory,General Gynecology,1,5225,2090,2090,1,1
Puducherry,Puducherry-Cityinventory,General Gynecology,6,3135,2090,2090,1,1
Puducherry,Puducherry-Cityinventory,General Pediatrics,1,3135,2090,2090,1,1
Puducherry,Puducherry-Cityinventory,General Pediatrics,6,3135,2090,2090,1,1
Puducherry,Puducherry-Cityinventory,Orthopaedics,1,3135,2090,2090,1,1
Puducherry,Puducherry-Cityinventory,Orthopaedics,6,3135,2090,2090,1,1
Puducherry,Puducherry,General Physician,6,3000,2000,2000,1,1
Pune,Pune-Cityinventory,General Dermatology,1,44000,35222,35222,4,0
Pune,Pune-Cityinventory,General Dermatology,6,30000,16811,16811,6,5
Pune,Pune-Cityinventory,Neurologist,1,23100,22050,22050,6,5
Pune,Pune-Cityinventory,Neurologist,6,11550,11025,11025,6,6
Pune,Pune-Cityinventory,Sexologist,1,42900,19800,19800,4,0
Pune,Pune-Cityinventory,Sexologist,6,31900,2200,2200,4,1
Pune,Pune-Cityinventory,Physiotherapist,1,12600,12600,12600,6,6
Pune,Pune-Cityinventory,Physiotherapist,6,6300,6300,6300,6,6
Pune,Pune-Cityinventory,Hair Transplant,1,56100,2200,2200,4,1
Pune,Pune-Cityinventory,Hair Transplant,6,30000,2100,2100,1,1
Pune,Pune-Cityinventory,Dietitian,1,11550,11025,11025,1,1
Pune,Pune-Cityinventory,Dietitian,6,6300,5513,5513,1,1
Pune,Pune-Cityinventory,Endocrinologist,1,8400,7875,7875,1,1
Pune,Pune-Cityinventory,Endocrinologist,6,5250,3938,3938,1,1
Pune,Pune-Cityinventory,Gastroenterologist,1,30800,29700,29700,6,4
Pune,Pune-Cityinventory,Gastroenterologist,6,14700,14175,14175,6,6
Pune,Pune-Cityinventory,General Physician,1,14700,14175,14175,6,5
Pune,Pune-Cityinventory,General Physician,6,8400,7088,7088,6,6
Pune,Pune-Cityinventory,Urologist,1,30000,30000,30000,6,4
Pune,Pune-Cityinventory,Urologist,6,27300,16507,16507,6,6
Pune,Pune-Cityinventory,ENT,1,22000,21450,21450,4,3
Pune,Pune-Cityinventory,ENT,6,11550,10238,10238,6,6
Pune,Pune-Cityinventory,General Dentistry,1,56100,36520,36520,6,0
Pune,Pune-Cityinventory,General Dentistry,6,42900,18260,18260,6,0
Pune,Pune-Cityinventory,Oncologist,1,9450,9450,9450,3,1
Pune,Pune-Cityinventory,Oncologist,6,5250,4725,4725,3,3
Pune,Pune-Cityinventory,Cosmetic/Plastic Surgeon,1,30000,7770,7770,1,0
Pune,Pune-Cityinventory,Cosmetic/Plastic Surgeon,6,16800,3885,3885,1,1
Pune,Pune-Cityinventory,Pulmonologist,1,9450,9450,9450,6,6
Pune,Pune-Cityinventory,Pulmonologist,6,5250,4725,4725,6,6
Pune,Pune-Cityinventory,Cardiologist,1,28600,28050,28050,6,3
Pune,Pune-Cityinventory,Cardiologist,6,21000,13388,13388,6,6
Pune,Pune-Cityinventory,Nephrologist,1,3150,3150,3150,4,2
Pune,Pune-Cityinventory,Nephrologist,6,3150,2100,2100,6,6
Pune,Pune-Cityinventory,General Surgeon,1,19950,18900,18900,6,4
Pune,Pune-Cityinventory,General Surgeon,6,14700,9450,9450,6,6
Pune,Pune-Cityinventory,Veterinarian,1,3150,3150,3150,1,1
Pune,Pune-Cityinventory,Veterinarian,6,3150,2100,2100,1,1
Pune,Pune-Cityinventory,Radiology,1,3300,3300,3300,1,1
Pune,Pune-Cityinventory,Radiology,6,3150,2100,2100,1,1
Pune,Pune-Cityinventory,General Psychiatry,1,39600,37950,37950,6,1
Pune,Pune-Cityinventory,General Psychiatry,6,29400,18113,18113,6,5
Pune,Pune-Cityinventory,Vascular Surgeon,1,3300,2200,2200,1,0
Pune,Pune-Cityinventory,Vascular Surgeon,6,3150,2100,2100,1,1
Pune,Pune-Cityinventory,Occupational Therapist,1,3150,2100,2100,1,0
Pune,Pune-Cityinventory,Occupational Therapist,6,3000,2000,2000,1,1
Pune,Pune-Cityinventory,Speech Therapist,1,5500,2200,2200,1,0
Pune,Pune-Cityinventory,Speech Therapist,6,3150,2100,2100,1,1
Pune,Pune-Cityinventory,Allergist/Immunologist,1,3150,2100,2100,1,1
Pune,Pune-Cityinventory,Allergist/Immunologist,6,3150,2100,2100,1,1
Pune,Pune-Cityinventory,Hematologist,1,3300,2200,2200,1,0
Pune,Pune-Cityinventory,Hematologist,6,3300,2200,2200,1,1
Pune,Pune-Cityinventory,General Gynecology,1,64900,51920,51920,6,1
Pune,Pune-Cityinventory,General Gynecology,6,49500,25960,25960,6,0
Pune,Pune-Cityinventory,General Alt Medicine,1,12600,12285,12285,4,1
Pune,Pune-Cityinventory,General Alt Medicine,6,9450,6143,6143,1,1
Pune,Pune-Cityinventory,General Pediatrics,1,16800,15750,15750,3,1
Pune,Pune-Cityinventory,General Pediatrics,6,12600,7875,7875,3,3
Pune,Pune-Cityinventory,General Ophthalmology,1,30800,29700,29700,6,2
Pune,Pune-Cityinventory,General Ophthalmology,6,23100,14175,14175,6,6
Pune,Pune-Cityinventory,Orthopaedics,1,51700,37525,37525,6,5
Pune,Pune-Cityinventory,Orthopaedics,6,30000,17910,17910,6,6
Pune,Pune-Cityinventory,Homeopathy,1,8400,7875,7875,6,5
Pune,Pune-Cityinventory,Homeopathy,6,6300,3938,3938,6,6
Pune,Kothrud,General Dermatology,1,39600,27280,27280,1,0
Pune,Kothrud,General Dermatology,6,30800,13640,13640,1,0
Pune,Kothrud,Neurologist,1,12600,12600,12600,2,2
Pune,Kothrud,Neurologist,6,9450,6300,6300,2,2
Pune,Kothrud,Sexologist,1,13200,16500,16500,1,0
Pune,Kothrud,Sexologist,6,9900,2200,2200,1,0
Pune,Kothrud,Physiotherapist,1,9900,2200,2200,1,0
Pune,Kothrud,Physiotherapist,6,5250,2100,2100,1,1
Pune,Kothrud,Hair Transplant,1,5250,2100,2100,1,0
Pune,Kothrud,Hair Transplant,6,5250,2100,2100,1,0
Pune,Kothrud,Dietitian,1,5000,2000,2000,1,1
Pune,Kothrud,Dietitian,6,3000,2000,2000,1,1
Pune,Kothrud,Endocrinologist,1,6000,2000,2000,1,1
Pune,Kothrud,Endocrinologist,6,3000,2000,2000,1,1
Pune,Kothrud,Gastroenterologist,1,15400,14850,14850,2,0
Pune,Kothrud,Gastroenterologist,6,11550,7088,7088,6,6
Pune,Kothrud,General Physician,1,9900,4730,4730,1,0
Pune,Kothrud,General Physician,6,5500,2365,2365,1,0
Pune,Kothrud,Urologist,1,20900,26400,26400,2,1
Pune,Kothrud,Urologist,6,14700,12600,12600,2,2
Pune,Kothrud,ENT,1,11550,11025,11025,5,4
Pune,Kothrud,ENT,6,6300,5513,5513,5,5
Pune,Kothrud,General Dentistry,1,34100,30030,30030,1,0
Pune,Kothrud,General Dentistry,6,25300,15015,15015,1,0
Pune,Kothrud,Oncologist,1,8000,6100,6100,1,0
Pune,Kothrud,Oncologist,6,5000,3050,3050,1,1
Pune,Kothrud,Cosmetic/Plastic Surgeon,1,105000,3150,3150,1,1
Pune,Kothrud,Pulmonologist,1,6000,6000,6000,2,2
Pune,Kothrud,Pulmonologist,6,5000,3000,3000,2,2
Pune,Kothrud,Cardiologist,1,10000,10000,10000,4,3
Pune,Kothrud,Cardiologist,6,9000,7000,7000,4,4
Pune,Kothrud,General Psychiatry,1,23100,19950,19950,1,0
Pune,Kothrud,General Psychiatry,6,18700,10450,10450,2,1
Pune,Kothrud,General Gynecology,1,42900,44440,44440,2,0
Pune,Kothrud,General Gynecology,6,31900,22220,22220,1,0
Pune,Kothrud,General Alt Medicine,1,8800,2200,2200,1,0
Pune,Kothrud,General Alt Medicine,6,6600,2200,2200,1,0
Pune,Kothrud,General Pediatrics,1,9450,3255,3255,1,1
Pune,Kothrud,General Pediatrics,6,5250,2100,2100,1,1
Pune,Kothrud,General Ophthalmology,1,20900,19800,19800,1,0
Pune,Kothrud,General Ophthalmology,6,14700,9450,9450,2,2
Pune,Kothrud,Orthopaedics,1,17850,17325,17325,3,2
Pune,Kothrud,Orthopaedics,6,9450,8663,8663,3,3
Pune,Kothrud,Homeopathy,1,8400,10500,10500,2,1
Pune,Kothrud,Homeopathy,6,6000,5000,5000,2,2
Pune,Pimpri chinchwad,General Dermatology,1,37400,42845,42845,3,0
Pune,Pimpri chinchwad,General Dermatology,6,28600,21423,21423,2,0
Pune,Pimpri chinchwad,Neurologist,1,21000,18690,18690,2,1
Pune,Pimpri chinchwad,Neurologist,6,16800,9345,9345,2,2
Pune,Pimpri chinchwad,Sexologist,1,110000,2200,2200,1,0
Pune,Pimpri chinchwad,Sexologist,6,110000,2200,2200,1,0
Pune,Pimpri chinchwad,Physiotherapist,1,20900,19800,19800,1,0
Pune,Pimpri chinchwad,Physiotherapist,6,14700,9450,9450,1,0
Pune,Pimpri chinchwad,Hair Transplant,1,15400,2200,2200,1,0
Pune,Pimpri chinchwad,Hair Transplant,6,12100,2200,2200,1,0
Pune,Pimpri chinchwad,Dietitian,1,23100,7140,7140,1,1
Pune,Pimpri chinchwad,Dietitian,6,18700,3740,3740,1,1
Pune,Pimpri chinchwad,Endocrinologist,1,8400,5460,5460,1,1
Pune,Pimpri chinchwad,Endocrinologist,6,5250,2730,2730,1,1
Pune,Pimpri chinchwad,Gastroenterologist,1,30800,4620,4620,1,0
Pune,Pimpri chinchwad,Gastroenterologist,6,23100,2205,2205,1,1
Pune,Pimpri chinchwad,General Physician,1,26250,25200,25200,1,1
Pune,Pimpri chinchwad,General Physician,6,19950,12600,12600,1,1
Pune,Pimpri chinchwad,Urologist,1,27500,17600,17600,1,0
Pune,Pimpri chinchwad,Urologist,6,19950,8400,8400,1,1
Pune,Pimpri chinchwad,ENT,1,15400,13420,13420,2,0
Pune,Pimpri chinchwad,ENT,6,8400,6405,6405,1,1
Pune,Pimpri chinchwad,General Dentistry,1,34100,33000,33000,2,0
Pune,Pimpri chinchwad,General Dentistry,6,25300,16500,16500,2,0
Pune,Pimpri chinchwad,Oncologist,1,5500,4950,4950,1,0
Pune,Pimpri chinchwad,Oncologist,6,3150,2363,2363,1,1
Pune,Pimpri chinchwad,Cosmetic/Plastic Surgeon,1,28600,2200,2200,1,0
Pune,Pimpri chinchwad,Cosmetic/Plastic Surgeon,6,20000,2100,2100,1,0
Pune,Pimpri chinchwad,Pulmonologist,1,11550,11025,11025,3,3
Pune,Pimpri chinchwad,Pulmonologist,6,9450,5513,5513,3,3
Pune,Pimpri chinchwad,Cardiologist,1,37400,48400,48400,1,0
Pune,Pimpri chinchwad,Cardiologist,6,28600,24200,24200,1,0
Pune,Pimpri chinchwad,Nephrologist,1,5250,4725,4725,2,2
Pune,Pimpri chinchwad,Nephrologist,6,3150,2363,2363,2,2
Pune,Pimpri chinchwad,General Surgeon,1,20900,19800,19800,4,3
Pune,Pimpri chinchwad,General Surgeon,6,14700,9450,9450,4,4
Pune,Pimpri chinchwad,Veterinarian,1,3150,2100,2100,1,1
Pune,Pimpri chinchwad,Veterinarian,6,3150,2100,2100,1,1
Pune,Pimpri chinchwad,General Psychiatry,1,42900,32120,32120,1,0
Pune,Pimpri chinchwad,General Psychiatry,6,21000,15330,15330,1,1
Pune,Pimpri chinchwad,Occupational Therapist,1,3000,2000,2000,1,1
Pune,Pimpri chinchwad,Occupational Therapist,6,3000,2000,2000,1,1
Pune,Pimpri chinchwad,Speech Therapist,1,3150,2100,2100,1,1
Pune,Pimpri chinchwad,Speech Therapist,6,3150,2100,2100,1,1
Pune,Pimpri chinchwad,General Gynecology,1,30000,30000,30000,4,0
Pune,Pimpri chinchwad,General Gynecology,6,31900,20433,20433,2,0
Pune,Pimpri chinchwad,General Alt Medicine,1,20900,4180,4180,1,0
Pune,Pimpri chinchwad,General Alt Medicine,6,15400,2200,2200,1,0
Pune,Pimpri chinchwad,General Pediatrics,1,8800,6160,6160,1,0
Pune,Pimpri chinchwad,General Pediatrics,6,5500,3080,3080,1,1
Pune,Pimpri chinchwad,General Ophthalmology,1,42900,31075,31075,1,0
Pune,Pimpri chinchwad,General Ophthalmology,6,30000,14831,14831,2,2
Pune,Pimpri chinchwad,Orthopaedics,1,22000,21450,21450,6,3
Pune,Pimpri chinchwad,Orthopaedics,6,16800,10238,10238,6,5
Pune,Pimpri chinchwad,Homeopathy,1,12100,11550,11550,1,0
Pune,Pimpri chinchwad,Homeopathy,6,9900,5775,5775,1,1
Pune,Hadapsar,General Dermatology,1,15400,13970,13970,1,0
Pune,Hadapsar,General Dermatology,6,11550,6668,6668,1,0
Pune,Hadapsar,Neurologist,1,9450,9450,9450,3,3
Pune,Hadapsar,Neurologist,6,5250,4725,4725,3,3
Pune,Hadapsar,Sexologist,1,15400,7920,7920,1,0
Pune,Hadapsar,Sexologist,6,12100,2200,2200,1,0
Pune,Hadapsar,Physiotherapist,1,16800,4095,4095,1,1
Pune,Hadapsar,Physiotherapist,6,12600,2100,2100,1,1
Pune,Hadapsar,Hair Transplant,1,3000,2000,2000,1,0
Pune,Hadapsar,Hair Transplant,6,3150,2100,2100,1,0
Pune,Hadapsar,Dietitian,1,3000,2000,2000,1,0
Pune,Hadapsar,Dietitian,6,3000,2000,2000,1,1
Pune,Hadapsar,Endocrinologist,1,3150,2100,2100,1,1
Pune,Hadapsar,Endocrinologist,6,3150,2100,2100,1,1
Pune,Hadapsar,Gastroenterologist,1,13200,13200,13200,1,0
Pune,Hadapsar,Gastroenterologist,6,9900,6600,6600,1,1
Pune,Hadapsar,General Physician,1,8400,7140,7140,1,1
Pune,Hadapsar,General Physician,6,5250,3570,3570,1,1
Pune,Hadapsar,Urologist,1,13200,13200,13200,1,1
Pune,Hadapsar,Urologist,6,9450,6300,6300,1,1
Pune,Hadapsar,ENT,1,17600,2200,2200,1,0
Pune,Hadapsar,ENT,6,8400,2100,2100,1,1
Pune,Hadapsar,General Dentistry,1,34100,24200,24200,1,0
Pune,Hadapsar,General Dentistry,6,25300,12100,12100,1,0
Pune,Hadapsar,Pulmonologist,1,6300,6300,6300,1,0
Pune,Hadapsar,Pulmonologist,6,5000,3000,3000,1,0
Pune,Hadapsar,Cardiologist,1,11550,11025,11025,2,1
Pune,Hadapsar,Cardiologist,6,9450,5513,5513,2,2
Pune,Hadapsar,General Surgeon,1,12600,16800,16800,1,0
Pune,Hadapsar,General Surgeon,6,9000,8000,8000,1,1
Pune,Hadapsar,General Psychiatry,1,9450,9450,9450,1,0
Pune,Hadapsar,General Psychiatry,6,5250,4725,4725,1,1
Pune,Hadapsar,General Gynecology,1,42900,22110,22110,1,0
Pune,Hadapsar,General Gynecology,6,31900,11055,11055,1,0
Pune,Hadapsar,General Alt Medicine,1,3300,2200,2200,1,0
Pune,Hadapsar,General Alt Medicine,6,3150,2100,2100,1,0
Pune,Hadapsar,General Pediatrics,1,8800,4840,4840,1,0
Pune,Hadapsar,General Pediatrics,6,6300,2310,2310,1,1
Pune,Hadapsar,General Ophthalmology,1,17600,16500,16500,1,0
Pune,Hadapsar,General Ophthalmology,6,12600,7875,7875,1,1
Pune,Hadapsar,Orthopaedics,1,17600,22000,22000,1,0
Pune,Hadapsar,Orthopaedics,6,12600,10500,10500,1,1
Pune,Hadapsar,Homeopathy,1,8000,5700,5700,1,0
Pune,Hadapsar,Homeopathy,6,6000,2850,2850,1,0
Pune,Vishrantwadi,General Dermatology,1,22000,28600,28600,4,0
Pune,Vishrantwadi,General Dermatology,6,17600,14300,14300,4,2
Pune,Vishrantwadi,Neurologist,1,11550,11025,11025,2,2
Pune,Vishrantwadi,Neurologist,6,6300,5513,5513,2,2
Pune,Vishrantwadi,Sexologist,1,27500,13200,13200,2,0
Pune,Vishrantwadi,Sexologist,6,20900,2200,2200,1,0
Pune,Vishrantwadi,Physiotherapist,1,27500,35200,35200,2,2
Pune,Vishrantwadi,Physiotherapist,6,20900,17600,17600,1,1
Pune,Vishrantwadi,Hair Transplant,1,10000,2000,2000,1,0
Pune,Vishrantwadi,Hair Transplant,6,11550,2100,2100,1,0
Pune,Vishrantwadi,Dietitian,1,12100,4510,4510,1,0
Pune,Vishrantwadi,Dietitian,6,9450,2153,2153,1,1
Pune,Vishrantwadi,Endocrinologist,1,8400,3360,3360,1,1
Pune,Vishrantwadi,Endocrinologist,6,5250,2100,2100,1,1
Pune,Vishrantwadi,Gastroenterologist,1,17600,16500,16500,1,0
Pune,Vishrantwadi,Gastroenterologist,6,12600,7875,7875,3,3
Pune,Vishrantwadi,General Physician,1,14700,14175,14175,4,2
Pune,Vishrantwadi,General Physician,6,11550,7088,7088,4,4
Pune,Vishrantwadi,Urologist,1,13200,13200,13200,1,0
Pune,Vishrantwadi,Urologist,6,9450,6300,6300,5,5
Pune,Vishrantwadi,ENT,1,26250,23940,23940,2,2
Pune,Vishrantwadi,ENT,6,19950,11970,11970,2,2
Pune,Vishrantwadi,General Dentistry,1,42900,30176,30176,3,0
Pune,Vishrantwadi,General Dentistry,6,31900,15089,15089,3,0
Pune,Vishrantwadi,Cosmetic/Plastic Surgeon,1,3000,2000,2000,1,1
Pune,Vishrantwadi,Cosmetic/Plastic Surgeon,6,3000,2000,2000,1,1
Pune,Vishrantwadi,Pulmonologist,1,12100,11550,11550,2,1
Pune,Vishrantwadi,Pulmonologist,6,9450,5513,5513,2,2
Pune,Vishrantwadi,Cardiologist,1,15400,14850,14850,2,0
Pune,Vishrantwadi,Cardiologist,6,11550,7088,7088,4,4
Pune,Vishrantwadi,General Surgeon,1,12600,12600,12600,3,2
Pune,Vishrantwadi,General Surgeon,6,9450,6300,6300,3,3
Pune,Vishrantwadi,Veterinarian,1,3000,2000,2000,1,1
Pune,Vishrantwadi,Veterinarian,6,3000,2000,2000,1,1
Pune,Vishrantwadi,General Psychiatry,1,21000,19110,19110,2,1
Pune,Vishrantwadi,General Psychiatry,6,16800,9555,9555,1,1
Pune,Vishrantwadi,Speech Therapist,1,3000,2000,2000,1,1
Pune,Vishrantwadi,Speech Therapist,6,3000,2000,2000,1,1
Pune,Vishrantwadi,General Gynecology,1,30800,37364,37364,3,0
Pune,Vishrantwadi,General Gynecology,6,23100,17832,17832,3,1
Pune,Vishrantwadi,General Alt Medicine,1,8400,2100,2100,1,0
Pune,Vishrantwadi,General Alt Medicine,6,6600,2200,2200,1,1
Pune,Vishrantwadi,General Pediatrics,1,9900,9900,9900,3,3
Pune,Vishrantwadi,General Pediatrics,6,5250,4725,4725,3,3
Pune,Vishrantwadi,General Ophthalmology,1,24200,30800,30800,3,2
Pune,Vishrantwadi,General Ophthalmology,6,17850,14700,14700,3,3
Pune,Vishrantwadi,Orthopaedics,1,42900,50344,50344,3,1
Pune,Vishrantwadi,Orthopaedics,6,30000,24027,24027,3,3
Pune,Vishrantwadi,Homeopathy,1,8800,4070,4070,1,0
Pune,Vishrantwadi,Homeopathy,6,6300,2100,2100,1,1
Pune,Bibvewadi,General Dermatology,1,23100,5040,5040,1,0
Pune,Bibvewadi,General Dermatology,6,18700,2640,2640,1,1
Pune,Bibvewadi,Neurologist,1,11550,11025,11025,3,3
Pune,Bibvewadi,Neurologist,6,6300,5513,5513,3,3
Pune,Bibvewadi,Sexologist,1,12100,2200,2200,1,0
Pune,Bibvewadi,Sexologist,6,9900,2200,2200,1,0
Pune,Bibvewadi,Physiotherapist,1,6300,4410,4410,1,1
Pune,Bibvewadi,Physiotherapist,6,5250,2205,2205,1,1
Pune,Bibvewadi,Hair Transplant,1,8000,2000,2000,1,0
Pune,Bibvewadi,Hair Transplant,6,6300,2100,2100,1,0
Pune,Bibvewadi,Endocrinologist,1,3000,2000,2000,1,1
Pune,Bibvewadi,Endocrinologist,6,3000,2000,2000,1,1
Pune,Bibvewadi,Gastroenterologist,1,13200,2200,2200,1,0
Pune,Bibvewadi,Gastroenterologist,6,9900,2200,2200,1,0
Pune,Bibvewadi,General Physician,1,9900,9900,9900,1,0
Pune,Bibvewadi,General Physician,6,8400,4725,4725,1,1
Pune,Bibvewadi,Urologist,1,13200,13200,13200,1,0
Pune,Bibvewadi,Urologist,6,9450,6300,6300,1,1
Pune,Bibvewadi,ENT,1,9900,9900,9900,2,1
Pune,Bibvewadi,ENT,6,5250,4725,4725,2,2
Pune,Bibvewadi,General Dentistry,1,34100,10450,10450,1,0
Pune,Bibvewadi,General Dentistry,6,25300,5225,5225,1,0
Pune,Bibvewadi,Pulmonologist,1,5000,4500,4500,5,5
Pune,Bibvewadi,Pulmonologist,6,5000,2250,2250,5,5
Pune,Bibvewadi,Cardiologist,1,10000,5200,5200,1,0
Pune,Bibvewadi,Cardiologist,6,9000,2600,2600,1,1
Pune,Bibvewadi,General Psychiatry,1,19950,18900,18900,1,0
Pune,Bibvewadi,General Psychiatry,6,14700,9450,9450,1,1
Pune,Bibvewadi,General Gynecology,1,30000,30000,30000,1,0
Pune,Bibvewadi,General Gynecology,6,26250,15225,15225,1,0
Pune,Bibvewadi,General Alt Medicine,1,6000,2000,2000,1,1
Pune,Bibvewadi,General Alt Medicine,6,5000,2000,2000,1,1
Pune,Bibvewadi,General Pediatrics,1,9450,2100,2100,1,1
Pune,Bibvewadi,General Pediatrics,6,8400,2100,2100,1,1
Pune,Bibvewadi,General Ophthalmology,1,17600,11000,11000,1,0
Pune,Bibvewadi,General Ophthalmology,6,12600,5250,5250,1,1
Pune,Bibvewadi,Orthopaedics,1,21000,17535,17535,1,0
Pune,Bibvewadi,Orthopaedics,6,11550,8768,8768,1,1
Pune,Bibvewadi,Homeopathy,1,3000,2000,2000,1,1
Pune,Bibvewadi,Homeopathy,6,3150,2100,2100,1,1
Pune,Karve nagar,General Dermatology,1,17600,2200,2200,1,0
Pune,Karve nagar,General Dermatology,6,12600,2100,2100,1,0
Pune,Karve nagar,Neurologist,1,8400,2100,2100,1,1
Pune,Karve nagar,Neurologist,6,6300,2100,2100,1,1
Pune,Karve nagar,Sexologist,1,8400,2100,2100,1,0
Pune,Karve nagar,Sexologist,6,6300,2100,2100,1,0
Pune,Karve nagar,Physiotherapist,1,5250,3360,3360,1,1
Pune,Karve nagar,Physiotherapist,6,3150,2100,2100,1,1
Pune,Karve nagar,Dietitian,1,5000,2000,2000,1,1
Pune,Karve nagar,Dietitian,6,3000,2000,2000,1,1
Pune,Karve nagar,Endocrinologist,1,3000,2000,2000,1,1
Pune,Karve nagar,Endocrinologist,6,3000,2000,2000,1,1
Pune,Karve nagar,Gastroenterologist,1,15400,2200,2200,1,0
Pune,Karve nagar,Gastroenterologist,6,11550,2100,2100,1,1
Pune,Karve nagar,General Physician,1,6300,2100,2100,1,1
Pune,Karve nagar,General Physician,6,3150,2100,2100,1,1
Pune,Karve nagar,Urologist,1,11550,6983,6983,1,0
Pune,Karve nagar,Urologist,6,9000,2000,2000,1,1
Pune,Karve nagar,ENT,1,9900,2200,2200,1,0
Pune,Karve nagar,ENT,6,5250,2100,2100,1,1
Pune,Karve nagar,General Dentistry,1,30800,9240,9240,3,0
Pune,Karve nagar,General Dentistry,6,24200,4620,4620,1,0
Pune,Karve nagar,Pulmonologist,1,3000,2000,2000,1,1
Pune,Karve nagar,Pulmonologist,6,3000,2000,2000,1,1
Pune,Karve nagar,Cardiologist,1,8400,3465,3465,1,0
Pune,Karve nagar,Cardiologist,6,6000,2000,2000,1,1
Pune,Karve nagar,General Psychiatry,1,11550,2100,2100,1,0
Pune,Karve nagar,General Psychiatry,6,9450,2100,2100,1,1
Pune,Karve nagar,General Gynecology,1,34100,32340,32340,2,0
Pune,Karve nagar,General Gynecology,6,24150,15435,15435,1,0
Pune,Karve nagar,General Alt Medicine,1,6300,2100,2100,1,0
Pune,Karve nagar,General Alt Medicine,6,5000,2000,2000,1,0
Pune,Karve nagar,General Pediatrics,1,8400,2100,2100,1,1
Pune,Karve nagar,General Pediatrics,6,5250,2100,2100,1,1
Pune,Karve nagar,General Ophthalmology,1,11550,2100,2100,1,0
Pune,Karve nagar,General Ophthalmology,6,9000,2000,2000,1,1
Pune,Karve nagar,Orthopaedics,1,12600,7560,7560,1,1
Pune,Karve nagar,Orthopaedics,6,6300,3780,3780,1,1
Pune,Karve nagar,Homeopathy,1,5250,2100,2100,1,0
Pune,Karve nagar,Homeopathy,6,3000,2000,2000,1,1
Pune,Talegaon,General Gynecology,1,6300,2100,2100,1,1
Pune,Talegaon,General Gynecology,6,5000,2000,2000,1,1
Pune,Talegaon,General Ophthalmology,1,8400,2100,2100,1,0
Pune,Talegaon,General Ophthalmology,6,6000,2000,2000,1,1
Pune,Aundh,General Dermatology,1,39600,50600,50600,2,0
Pune,Aundh,General Dermatology,6,29400,24150,24150,2,2
Pune,Aundh,Neurologist,1,9450,9450,9450,6,6
Pune,Aundh,Neurologist,6,8400,4725,4725,6,6
Pune,Aundh,Sexologist,1,27500,2200,2200,1,0
Pune,Aundh,Sexologist,6,20900,2200,2200,1,0
Pune,Aundh,Physiotherapist,1,8400,7875,7875,1,1
Pune,Aundh,Physiotherapist,6,5250,3938,3938,2,1
Pune,Aundh,Hair Transplant,1,11550,2100,2100,1,0
Pune,Aundh,Hair Transplant,6,9000,2000,2000,1,1
Pune,Aundh,Dietitian,1,5000,2000,2000,1,0
Pune,Aundh,Dietitian,6,5000,2000,2000,1,1
Pune,Aundh,Endocrinologist,1,6300,2100,2100,1,1
Pune,Aundh,Endocrinologist,6,3150,2100,2100,1,1
Pune,Aundh,Gastroenterologist,1,13200,13200,13200,2,0
Pune,Aundh,Gastroenterologist,6,9450,6300,6300,6,6
Pune,Aundh,General Physician,1,9450,9450,9450,3,2
Pune,Aundh,General Physician,6,5250,4725,4725,3,3
Pune,Aundh,Urologist,1,9450,9450,9450,6,5
Pune,Aundh,Urologist,6,5250,4725,4725,6,6
Pune,Aundh,ENT,1,14700,14175,14175,5,4
Pune,Aundh,ENT,6,8400,7088,7088,5,5
Pune,Aundh,General Dentistry,1,34100,28765,28765,2,0
Pune,Aundh,General Dentistry,6,25300,14383,14383,2,0
Pune,Aundh,Oncologist,1,8400,2100,2100,1,0
Pune,Aundh,Oncologist,6,5000,2000,2000,1,1
Pune,Aundh,Cosmetic/Plastic Surgeon,1,6000,2000,2000,1,1
Pune,Aundh,Cosmetic/Plastic Surgeon,6,5000,2000,2000,1,1
Pune,Aundh,Pulmonologist,1,5250,2100,2100,1,0
Pune,Aundh,Pulmonologist,6,5000,2000,2000,1,1
Pune,Aundh,Cardiologist,1,13200,13200,13200,6,0
Pune,Aundh,Cardiologist,6,9450,6300,6300,6,5
Pune,Aundh,General Surgeon,1,5000,4500,4500,6,6
Pune,Aundh,General Surgeon,6,3000,2250,2250,6,6
Pune,Aundh,General Psychiatry,1,27500,35200,35200,2,0
Pune,Aundh,General Psychiatry,6,19950,16800,16800,2,2
Pune,Aundh,General Gynecology,1,42900,45375,45375,2,0
Pune,Aundh,General Gynecology,6,31900,22688,22688,2,0
Pune,Aundh,General Alt Medicine,1,6600,2200,2200,1,0
Pune,Aundh,General Alt Medicine,6,5500,2200,2200,1,0
Pune,Aundh,General Pediatrics,1,20000,6825,6825,1,1
Pune,Aundh,General Pediatrics,6,16800,3413,3413,1,1
Pune,Aundh,General Ophthalmology,1,20900,26400,26400,2,0
Pune,Aundh,General Ophthalmology,6,15400,13200,13200,2,1
Pune,Aundh,Orthopaedics,1,27500,35200,35200,3,1
Pune,Aundh,Orthopaedics,6,19950,16800,16800,3,3
Pune,Aundh,Homeopathy,1,6000,2100,2100,1,1
Pune,Aundh,Homeopathy,6,5000,2000,2000,1,1
Pune,Ambegaon,General Dentistry,1,6000,2000,2000,1,0
Pune,Ambegaon,General Dentistry,6,5000,2000,2000,1,1
Pune,Ambegaon,General Gynecology,1,6300,2100,2100,1,1
Pune,Ambegaon,General Gynecology,6,5000,2000,2000,1,1
Purnia,Purnia-Cityinventory,General Physician,1,3135,2090,2090,1,1
Purnia,Purnia-Cityinventory,General Physician,6,3135,2090,2090,1,1
Raigad,Raigad-Cityinventory,Homeopathy,1,3000,2000,2000,1,1
Raigad,Raigad-Cityinventory,Homeopathy,6,3000,2000,2000,1,1
Raipur,Raipur-Cityinventory,General Dermatology,1,5450,2180,2180,1,1
Raipur,Raipur-Cityinventory,General Dermatology,6,3135,2090,2090,1,1
Raipur,Raipur-Cityinventory,Neurologist,1,8360,2090,2090,1,1
Raipur,Raipur-Cityinventory,Neurologist,6,5225,2090,2090,1,1
Raipur,Raipur-Cityinventory,Sexologist,1,3270,2180,2180,1,1
Raipur,Raipur-Cityinventory,Sexologist,6,3135,2090,2090,1,1
Raipur,Raipur-Cityinventory,Physiotherapist,1,3135,2090,2090,1,1
Raipur,Raipur-Cityinventory,Physiotherapist,6,3135,2090,2090,1,1
Raipur,Raipur-Cityinventory,Hair Transplant,1,11495,2090,2090,1,0
Raipur,Raipur-Cityinventory,Hair Transplant,6,6270,2090,2090,1,1
Raipur,Raipur-Cityinventory,Endocrinologist,1,3135,2090,2090,1,1
Raipur,Raipur-Cityinventory,Endocrinologist,6,3135,2090,2090,1,1
Raipur,Raipur-Cityinventory,Gastroenterologist,1,3135,2090,2090,1,1
Raipur,Raipur-Cityinventory,Gastroenterologist,6,3135,2090,2090,1,1
Raipur,Raipur-Cityinventory,General Physician,1,3135,2090,2090,1,1
Raipur,Raipur-Cityinventory,General Physician,6,3135,2090,2090,1,1
Raipur,Raipur-Cityinventory,Urologist,1,8360,2090,2090,1,1
Raipur,Raipur-Cityinventory,Urologist,6,5225,2090,2090,1,1
Raipur,Raipur-Cityinventory,ENT,1,3270,2180,2180,1,0
Raipur,Raipur-Cityinventory,ENT,6,3135,2090,2090,1,1
Raipur,Raipur-Cityinventory,General Dentistry,1,6540,6540,6540,5,0
Raipur,Raipur-Cityinventory,General Dentistry,6,5450,3270,3270,1,1
Raipur,Raipur-Cityinventory,Oncologist,1,3000,2000,2000,1,0
Raipur,Raipur-Cityinventory,Oncologist,6,3000,2000,2000,1,1
Raipur,Raipur-Cityinventory,Cosmetic/Plastic Surgeon,1,17765,5539,5539,1,1
Raipur,Raipur-Cityinventory,Cosmetic/Plastic Surgeon,6,9405,2769,2769,1,1
Raipur,Raipur-Cityinventory,Pulmonologist,1,3000,2000,2000,1,1
Raipur,Raipur-Cityinventory,Pulmonologist,6,3000,2000,2000,1,1
Raipur,Raipur-Cityinventory,Cardiologist,1,3135,2090,2090,1,1
Raipur,Raipur-Cityinventory,Cardiologist,6,3135,2090,2090,1,1
Raipur,Raipur-Cityinventory,General Surgeon,1,3135,3135,3135,3,2
Raipur,Raipur-Cityinventory,General Surgeon,6,3135,2090,2090,3,3
Raipur,Raipur-Cityinventory,General Psychiatry,1,5225,2090,2090,1,0
Raipur,Raipur-Cityinventory,General Psychiatry,6,3135,2090,2090,1,1
Raipur,Raipur-Cityinventory,General Gynecology,1,8720,8175,8175,1,1
Raipur,Raipur-Cityinventory,General Gynecology,6,6270,3919,3919,1,1
Raipur,Raipur-Cityinventory,General Alt Medicine,1,3135,2090,2090,1,1
Raipur,Raipur-Cityinventory,General Alt Medicine,6,3135,2090,2090,1,1
Raipur,Raipur-Cityinventory,General Pediatrics,1,3270,2180,2180,1,1
Raipur,Raipur-Cityinventory,General Pediatrics,6,3135,2090,2090,1,1
Raipur,Raipur-Cityinventory,General Ophthalmology,1,6270,2090,2090,1,1
Raipur,Raipur-Cityinventory,General Ophthalmology,6,3135,2090,2090,1,1
Raipur,Raipur-Cityinventory,Orthopaedics,1,9405,5330,5330,1,1
Raipur,Raipur-Cityinventory,Orthopaedics,6,5225,2665,2665,1,1
Raipur,Raipur-Cityinventory,Homeopathy,1,3135,2090,2090,1,1
Raipur,Raipur-Cityinventory,Homeopathy,6,3135,2090,2090,1,1
Rajahmundry,Rajahmundry-Cityinventory,General Dermatology,1,3135,2090,2090,1,1
Rajahmundry,Rajahmundry-Cityinventory,General Dermatology,6,3135,2090,2090,1,1
Rajahmundry,Rajahmundry-Cityinventory,Gastroenterologist,1,3000,2000,2000,1,1
Rajahmundry,Rajahmundry-Cityinventory,Gastroenterologist,6,3000,2000,2000,1,1
Rajahmundry,Rajahmundry-Cityinventory,General Physician,1,3135,2090,2090,1,1
Rajahmundry,Rajahmundry-Cityinventory,General Physician,6,3135,2090,2090,1,1
Rajahmundry,Rajahmundry-Cityinventory,ENT,1,3000,2000,2000,1,1
Rajahmundry,Rajahmundry-Cityinventory,ENT,6,3000,2000,2000,1,1
Rajahmundry,Rajahmundry-Cityinventory,General Dentistry,1,3000,2000,2000,1,0
Rajahmundry,Rajahmundry-Cityinventory,General Dentistry,6,3000,2000,2000,1,1
Rajahmundry,Rajahmundry-Cityinventory,Orthopaedics,1,3135,2090,2090,1,1
Rajahmundry,Rajahmundry-Cityinventory,Orthopaedics,6,3135,2090,2090,1,1
Rajkot,Rajkot-Cityinventory,General Dermatology,1,3270,2180,2180,1,1
Rajkot,Rajkot-Cityinventory,General Dermatology,6,3135,2090,2090,1,1
Rajkot,Rajkot-Cityinventory,Sexologist,1,3135,2090,2090,1,1
Rajkot,Rajkot-Cityinventory,Sexologist,6,3135,2090,2090,1,1
Rajkot,Rajkot-Cityinventory,Physiotherapist,1,3000,2000,2000,1,1
Rajkot,Rajkot-Cityinventory,Physiotherapist,6,3000,2000,2000,1,1
Rajkot,Rajkot-Cityinventory,Gastroenterologist,1,5225,2090,2090,1,1
Rajkot,Rajkot-Cityinventory,Gastroenterologist,6,3135,2090,2090,1,1
Rajkot,Rajkot-Cityinventory,General Physician,1,3135,2090,2090,1,1
Rajkot,Rajkot-Cityinventory,General Physician,6,3135,2090,2090,1,1
Rajkot,Rajkot-Cityinventory,ENT,1,3135,2090,2090,1,1
Rajkot,Rajkot-Cityinventory,ENT,6,3135,2090,2090,1,1
Rajkot,Rajkot-Cityinventory,General Dentistry,1,3135,2090,2090,1,1
Rajkot,Rajkot-Cityinventory,General Dentistry,6,3135,2090,2090,1,1
Rajkot,Rajkot-Cityinventory,Cosmetic/Plastic Surgeon,1,3000,2000,2000,1,1
Rajkot,Rajkot-Cityinventory,Cosmetic/Plastic Surgeon,6,3000,2000,2000,1,1
Rajkot,Rajkot-Cityinventory,Cardiologist,1,3000,2000,2000,1,1
Rajkot,Rajkot-Cityinventory,Cardiologist,6,3000,2000,2000,1,1
Rajkot,Rajkot-Cityinventory,General Psychiatry,1,3135,2090,2090,1,1
Rajkot,Rajkot-Cityinventory,General Psychiatry,6,3135,2090,2090,1,1
Rajkot,Rajkot-Cityinventory,General Gynecology,1,6270,2090,2090,1,1
Rajkot,Rajkot-Cityinventory,General Gynecology,6,3135,2090,2090,1,1
Rajkot,Rajkot-Cityinventory,General Alt Medicine,1,3135,2090,2090,1,1
Rajkot,Rajkot-Cityinventory,General Alt Medicine,6,3135,2090,2090,1,1
Rajkot,Rajkot-Cityinventory,General Pediatrics,1,3135,2090,2090,1,1
Rajkot,Rajkot-Cityinventory,General Pediatrics,6,3135,2090,2090,1,1
Rajkot,Rajkot-Cityinventory,General Ophthalmology,1,3000,2000,2000,1,1
Rajkot,Rajkot-Cityinventory,General Ophthalmology,6,3000,2000,2000,1,1
Rajkot,Rajkot-Cityinventory,Orthopaedics,1,6270,2090,2090,1,1
Rajkot,Rajkot-Cityinventory,Orthopaedics,6,3135,2090,2090,1,1
Rajkot,Rajkot-Cityinventory,Homeopathy,1,3000,2000,2000,1,1
Rajkot,Rajkot-Cityinventory,Homeopathy,6,3000,2000,2000,1,1
Ranchi,Ranchi-Cityinventory,General Dermatology,1,3135,2090,2090,1,1
Ranchi,Ranchi-Cityinventory,General Dermatology,6,3135,2090,2090,1,1
Ranchi,Ranchi-Cityinventory,Neurologist,1,3135,2090,2090,1,1
Ranchi,Ranchi-Cityinventory,Neurologist,6,3135,2090,2090,1,1
Ranchi,Ranchi-Cityinventory,Sexologist,1,3135,2090,2090,1,1
Ranchi,Ranchi-Cityinventory,Sexologist,6,3135,2090,2090,1,1
Ranchi,Ranchi-Cityinventory,Physiotherapist,1,3135,2090,2090,1,1
Ranchi,Ranchi-Cityinventory,Physiotherapist,6,3135,2090,2090,1,1
Ranchi,Ranchi-Cityinventory,Hair Transplant,1,8360,2090,2090,1,1
Ranchi,Ranchi-Cityinventory,Hair Transplant,6,5225,2090,2090,1,1
Ranchi,Ranchi-Cityinventory,Endocrinologist,1,3135,2090,2090,1,1
Ranchi,Ranchi-Cityinventory,Endocrinologist,6,3135,2090,2090,1,1
Ranchi,Ranchi-Cityinventory,Gastroenterologist,1,9405,2090,2090,1,1
Ranchi,Ranchi-Cityinventory,Gastroenterologist,6,5225,2090,2090,1,1
Ranchi,Ranchi-Cityinventory,General Physician,1,3135,2090,2090,1,1
Ranchi,Ranchi-Cityinventory,General Physician,6,3135,2090,2090,1,1
Ranchi,Ranchi-Cityinventory,Urologist,1,6270,2090,2090,1,1
Ranchi,Ranchi-Cityinventory,Urologist,6,3135,2090,2090,1,1
Ranchi,Ranchi-Cityinventory,ENT,1,5225,2090,2090,1,1
Ranchi,Ranchi-Cityinventory,ENT,6,3135,2090,2090,1,1
Ranchi,Ranchi-Cityinventory,General Dentistry,1,11990,6322,6322,1,0
Ranchi,Ranchi-Cityinventory,General Dentistry,6,9405,3031,3031,1,1
Ranchi,Ranchi-Cityinventory,Oncologist,1,3000,2000,2000,1,1
Ranchi,Ranchi-Cityinventory,Oncologist,6,3000,2000,2000,1,1
Ranchi,Ranchi-Cityinventory,Cosmetic/Plastic Surgeon,1,12540,2090,2090,1,1
Ranchi,Ranchi-Cityinventory,Cosmetic/Plastic Surgeon,6,6270,2090,2090,1,1
Ranchi,Ranchi-Cityinventory,Pulmonologist,1,3000,2000,2000,1,1
Ranchi,Ranchi-Cityinventory,Pulmonologist,6,3000,2000,2000,1,1
Ranchi,Ranchi-Cityinventory,Cardiologist,1,5225,2090,2090,1,1
Ranchi,Ranchi-Cityinventory,Cardiologist,6,3135,2090,2090,1,1
Ranchi,Ranchi-Cityinventory,General Surgeon,1,6270,2090,2090,1,1
Ranchi,Ranchi-Cityinventory,General Surgeon,6,3135,2090,2090,1,1
Ranchi,Ranchi-Cityinventory,General Psychiatry,1,3270,2180,2180,1,1
Ranchi,Ranchi-Cityinventory,General Psychiatry,6,3135,2090,2090,1,1
Ranchi,Ranchi-Cityinventory,General Gynecology,1,12540,2090,2090,1,1
Ranchi,Ranchi-Cityinventory,General Gynecology,6,6270,2090,2090,1,1
Ranchi,Ranchi-Cityinventory,General Alt Medicine,1,3135,2613,2613,1,1
Ranchi,Ranchi-Cityinventory,General Alt Medicine,6,3135,2090,2090,1,1
Ranchi,Ranchi-Cityinventory,General Pediatrics,1,3135,2090,2090,1,1
Ranchi,Ranchi-Cityinventory,General Pediatrics,6,3135,2090,2090,1,1
Ranchi,Ranchi-Cityinventory,General Ophthalmology,1,11495,2090,2090,1,1
Ranchi,Ranchi-Cityinventory,General Ophthalmology,6,6270,2090,2090,1,1
Ranchi,Ranchi-Cityinventory,Orthopaedics,1,19855,2090,2090,1,1
Ranchi,Ranchi-Cityinventory,Orthopaedics,6,9405,2090,2090,1,1
Ranchi,Ranchi,General Dermatology,1,3135,2090,2090,1,1
Ranchi,Ranchi,General Dermatology,6,3135,2090,2090,1,1
Ranchi,Ranchi,Neurologist,6,3000,2000,2000,1,1
Ranchi,Ranchi,General Physician,1,3270,2180,2180,1,1
Ranchi,Ranchi,General Physician,6,3135,2090,2090,1,1
Ranchi,Ranchi,ENT,6,3135,2090,2090,1,1
Ranchi,Ranchi,General Dentistry,1,3270,3270,3270,2,1
Ranchi,Ranchi,General Dentistry,6,3135,2090,2090,2,2
Ranchi,Ranchi,General Gynecology,1,6270,2090,2090,1,1
Ranchi,Ranchi,General Gynecology,6,3135,2090,2090,1,1
Ranchi,Ranchi,General Pediatrics,1,3000,2000,2000,1,1
Ranchi,Ranchi,General Pediatrics,6,3000,2000,2000,1,1
Ranchi,Ranchi,General Ophthalmology,1,5000,2000,2000,1,1
Ranchi,Ranchi,General Ophthalmology,6,3000,2000,2000,1,1
Ranchi,Ranchi,Orthopaedics,6,3000,2000,2000,1,1
Rewa,Rewa-Cityinventory,General Physician,1,3135,2090,2090,1,1
Rewa,Rewa-Cityinventory,General Physician,6,3135,2090,2090,1,1
Rewari,Rewari-Cityinventory,General Physician,1,3000,2000,2000,1,1
Rewari,Rewari-Cityinventory,General Physician,6,3000,2000,2000,1,1
Rohtak,Rohtak-Cityinventory,General Dentistry,1,3000,2000,2000,1,1
Rohtak,Rohtak-Cityinventory,General Dentistry,6,3000,2000,2000,1,1
Rohtak,Rohtak-Cityinventory,General Psychiatry,1,3135,2090,2090,1,1
Rohtak,Rohtak-Cityinventory,General Psychiatry,6,3135,2090,2090,1,1
Rohtak,Rohtak-Cityinventory,Orthopaedics,1,3000,2000,2000,1,1
Rohtak,Rohtak-Cityinventory,Orthopaedics,6,3000,2000,2000,1,1
Rourkela,Rourkela-Cityinventory,General Dermatology,1,3135,2090,2090,1,1
Rourkela,Rourkela-Cityinventory,General Dermatology,6,3135,2090,2090,1,1
Rourkela,Rourkela-Cityinventory,General Physician,1,3135,2090,2090,1,1
Rourkela,Rourkela-Cityinventory,General Physician,6,3135,2090,2090,1,1
Saharanpur,Saharanpur-Cityinventory,General Physician,1,3000,2000,2000,1,1
Saharanpur,Saharanpur-Cityinventory,General Physician,6,3000,2000,2000,1,1
Saharanpur,Saharanpur-Cityinventory,General Dentistry,1,3000,2000,2000,1,1
Saharanpur,Saharanpur-Cityinventory,General Dentistry,6,3000,2000,2000,1,1
Salem,Salem-Cityinventory,General Dermatology,1,3135,2090,2090,1,1
Salem,Salem-Cityinventory,General Dermatology,6,3135,2090,2090,1,1
Salem,Salem-Cityinventory,Sexologist,1,3000,2000,2000,1,1
Salem,Salem-Cityinventory,Sexologist,6,3000,2000,2000,1,1
Salem,Salem-Cityinventory,Gastroenterologist,1,5225,2090,2090,1,1
Salem,Salem-Cityinventory,Gastroenterologist,6,3135,2090,2090,1,1
Salem,Salem-Cityinventory,General Physician,1,3135,2090,2090,1,1
Salem,Salem-Cityinventory,General Physician,6,3135,2090,2090,1,1
Salem,Salem-Cityinventory,General Dentistry,1,3135,2090,2090,1,1
Salem,Salem-Cityinventory,General Dentistry,6,3135,2090,2090,1,1
Salem,Salem-Cityinventory,General Psychiatry,1,3135,2090,2090,1,1
Salem,Salem-Cityinventory,General Psychiatry,6,3135,2090,2090,1,1
Salem,Salem-Cityinventory,General Gynecology,1,9405,2090,2090,1,1
Salem,Salem-Cityinventory,General Gynecology,6,5225,2090,2090,1,1
Salem,Salem-Cityinventory,Orthopaedics,1,3135,2090,2090,1,1
Salem,Salem-Cityinventory,Orthopaedics,6,3135,2090,2090,1,1
Salem,Salem,General Physician,6,3135,2090,2090,1,1
Sangrur,Sangrur-Cityinventory,General Physician,1,3000,2000,2000,1,1
Sangrur,Sangrur-Cityinventory,General Physician,6,3000,2000,2000,1,1
Satara,Satara-Cityinventory,General Dermatology,1,3000,2000,2000,1,1
Satara,Satara-Cityinventory,General Dermatology,6,3000,2000,2000,1,1
Satna,Satna-Cityinventory,General Physician,1,3000,2000,2000,1,1
Satna,Satna-Cityinventory,General Physician,6,3000,2000,2000,1,1
Satna,Satna-Cityinventory,General Dentistry,1,3000,2000,2000,1,1
Satna,Satna-Cityinventory,General Dentistry,6,3000,2000,2000,1,1
Shimoga,Shimoga-Cityinventory,General Physician,1,3000,2000,2000,1,1
Shimoga,Shimoga-Cityinventory,General Physician,6,3000,2000,2000,1,1
Shimoga,Shimoga-Cityinventory,General Gynecology,1,3000,2000,2000,1,1
Shimoga,Shimoga-Cityinventory,General Gynecology,6,3000,2000,2000,1,1
Sikar,Sikar-Cityinventory,General Physician,1,3135,2090,2090,1,1
Sikar,Sikar-Cityinventory,General Physician,6,3135,2090,2090,1,1
Siliguri,Siliguri-Cityinventory,General Dermatology,1,3135,2090,2090,1,1
Siliguri,Siliguri-Cityinventory,General Dermatology,6,3135,2090,2090,1,1
Siliguri,Siliguri-Cityinventory,Gastroenterologist,1,3135,2090,2090,1,1
Siliguri,Siliguri-Cityinventory,Gastroenterologist,6,3135,2090,2090,1,1
Siliguri,Siliguri-Cityinventory,General Physician,1,3135,2090,2090,1,1
Siliguri,Siliguri-Cityinventory,General Physician,6,3135,2090,2090,1,1
Siliguri,Siliguri-Cityinventory,General Dentistry,1,3135,2090,2090,1,1
Siliguri,Siliguri-Cityinventory,General Dentistry,6,3135,2090,2090,1,1
Siliguri,Siliguri-Cityinventory,General Gynecology,1,3135,2090,2090,1,1
Siliguri,Siliguri-Cityinventory,General Gynecology,6,3135,2090,2090,1,1
Solapur,Solapur-Cityinventory,General Dermatology,1,3135,2090,2090,1,1
Solapur,Solapur-Cityinventory,General Dermatology,6,3135,2090,2090,1,1
Solapur,Solapur-Cityinventory,Sexologist,1,3135,2090,2090,1,1
Solapur,Solapur-Cityinventory,Sexologist,6,3135,2090,2090,1,1
Solapur,Solapur-Cityinventory,Gastroenterologist,1,3135,2090,2090,1,1
Solapur,Solapur-Cityinventory,Gastroenterologist,6,3135,2090,2090,1,1
Solapur,Solapur-Cityinventory,General Physician,1,3135,2090,2090,1,1
Solapur,Solapur-Cityinventory,General Physician,6,3135,2090,2090,1,1
Solapur,Solapur-Cityinventory,ENT,1,3135,2090,2090,1,1
Solapur,Solapur-Cityinventory,ENT,6,3135,2090,2090,1,1
Solapur,Solapur-Cityinventory,General Dentistry,1,3135,2090,2090,1,1
Solapur,Solapur-Cityinventory,General Dentistry,6,3135,2090,2090,1,1
Solapur,Solapur-Cityinventory,General Psychiatry,1,3000,2000,2000,1,1
Solapur,Solapur-Cityinventory,General Psychiatry,6,3000,2000,2000,1,1
Solapur,Solapur-Cityinventory,General Gynecology,1,5225,2090,2090,1,1
Solapur,Solapur-Cityinventory,General Gynecology,6,3135,2090,2090,1,1
Solapur,Solapur-Cityinventory,Orthopaedics,1,3135,2090,2090,1,1
Solapur,Solapur-Cityinventory,Orthopaedics,6,3135,2090,2090,1,1
Sonipat,Sonipat-Cityinventory,General Dermatology,1,3135,2090,2090,1,1
Sonipat,Sonipat-Cityinventory,General Dermatology,6,3135,2090,2090,1,1
Sonipat,Sonipat-Cityinventory,Sexologist,1,3000,2000,2000,1,1
Sonipat,Sonipat-Cityinventory,Sexologist,6,3000,2000,2000,1,1
Sonipat,Sonipat-Cityinventory,General Physician,1,3135,2090,2090,1,1
Sonipat,Sonipat-Cityinventory,General Physician,6,3135,2090,2090,1,1
Sonipat,Sonipat-Cityinventory,ENT,1,3000,2000,2000,1,1
Sonipat,Sonipat-Cityinventory,ENT,6,3000,2000,2000,1,1
Sonipat,Sonipat-Cityinventory,General Dentistry,1,3000,2000,2000,1,1
Sonipat,Sonipat-Cityinventory,General Dentistry,6,3000,2000,2000,1,1
Sonipat,Sonipat-Cityinventory,General Gynecology,1,3135,2090,2090,1,1
Sonipat,Sonipat-Cityinventory,General Gynecology,6,3135,2090,2090,1,1
Sonipat,Sonipat-Cityinventory,Orthopaedics,1,3000,2000,2000,1,1
Sonipat,Sonipat-Cityinventory,Orthopaedics,6,3000,2000,2000,1,1
South Goa,South Goa-Cityinventory,General Physician,1,0,2000,2000,1,1
South Goa,South Goa-Cityinventory,General Physician,6,0,2000,2000,1,1
South Goa,South Goa-Cityinventory,General Dentistry,1,0,2000,2000,1,1
South Goa,South Goa-Cityinventory,General Dentistry,6,0,2000,2000,1,1
South Goa,South Goa,General Physician,6,3135,2090,2090,1,1
South Goa,South Goa,General Dentistry,6,3000,2000,2000,1,1
Sri Ganganagar,Sri Ganganagar-Cityinventory,General Physician,1,3000,2000,2000,1,1
Sri Ganganagar,Sri Ganganagar-Cityinventory,General Physician,6,3000,2000,2000,1,1
Sri Ganganagar,Sri Ganganagar-Cityinventory,General Alt Medicine,1,0,2000,2000,1,1
Srikakulam,Srikakulam-Cityinventory,General Physician,1,3000,2000,2000,1,1
Srikakulam,Srikakulam-Cityinventory,General Physician,6,3000,2000,2000,1,1
Srinagar,Srinagar-Cityinventory,Sexologist,1,3135,2090,2090,1,1
Srinagar,Srinagar-Cityinventory,Sexologist,6,3135,2090,2090,1,1
Srinagar,Srinagar-Cityinventory,Gastroenterologist,1,3135,2090,2090,1,1
Srinagar,Srinagar-Cityinventory,Gastroenterologist,6,3135,2090,2090,1,1
Srinagar,Srinagar-Cityinventory,General Physician,1,3135,2090,2090,1,1
Srinagar,Srinagar-Cityinventory,General Physician,6,3135,2090,2090,1,1
Srinagar,Srinagar-Cityinventory,General Dentistry,1,3135,2090,2090,1,1
Srinagar,Srinagar-Cityinventory,General Dentistry,6,3135,2090,2090,1,1
Srinagar,Srinagar-Cityinventory,General Psychiatry,1,3135,2090,2090,1,0
Srinagar,Srinagar-Cityinventory,General Psychiatry,6,3135,2090,2090,1,1
Surat,Surat-Cityinventory,General Dermatology,1,6270,4180,4180,1,1
Surat,Surat-Cityinventory,General Dermatology,6,5225,2090,2090,1,1
Surat,Surat-Cityinventory,Neurologist,1,3135,2090,2090,1,1
Surat,Surat-Cityinventory,Neurologist,6,3135,2090,2090,1,1
Surat,Surat-Cityinventory,Sexologist,1,6540,2180,2180,4,2
Surat,Surat-Cityinventory,Sexologist,6,5225,2090,2090,1,1
Surat,Surat-Cityinventory,Physiotherapist,1,3135,2090,2090,1,1
Surat,Surat-Cityinventory,Physiotherapist,6,3135,2090,2090,1,1
Surat,Surat-Cityinventory,Hair Transplant,1,6270,2090,2090,1,1
Surat,Surat-Cityinventory,Hair Transplant,6,5225,2090,2090,1,1
Surat,Surat-Cityinventory,Dietitian,1,3135,2090,2090,1,1
Surat,Surat-Cityinventory,Dietitian,6,3135,2090,2090,1,1
Surat,Surat-Cityinventory,Endocrinologist,1,3135,2090,2090,1,1
Surat,Surat-Cityinventory,Endocrinologist,6,3135,2090,2090,1,1
Surat,Surat-Cityinventory,Gastroenterologist,1,22990,2090,2090,1,1
Surat,Surat-Cityinventory,Gastroenterologist,6,11495,2090,2090,1,1
Surat,Surat-Cityinventory,General Physician,1,3135,2090,2090,1,1
Surat,Surat-Cityinventory,General Physician,6,3135,2090,2090,1,1
Surat,Surat-Cityinventory,Urologist,1,16720,15675,15675,1,1
Surat,Surat-Cityinventory,Urologist,6,8360,7838,7838,1,1
Surat,Surat-Cityinventory,ENT,1,11990,7630,7630,1,1
Surat,Surat-Cityinventory,ENT,6,9405,3658,3658,1,1
Surat,Surat-Cityinventory,General Dentistry,1,6540,5995,5995,4,1
Surat,Surat-Cityinventory,General Dentistry,6,5450,2998,2998,2,0
Surat,Surat-Cityinventory,Oncologist,1,3135,2090,2090,1,1
Surat,Surat-Cityinventory,Oncologist,6,3135,2090,2090,1,1
Surat,Surat-Cityinventory,Cosmetic/Plastic Surgeon,1,20000,2090,2090,1,1
Surat,Surat-Cityinventory,Cosmetic/Plastic Surgeon,6,11495,2090,2090,1,1
Surat,Surat-Cityinventory,Pulmonologist,1,3135,2090,2090,1,0
Surat,Surat-Cityinventory,Pulmonologist,6,3135,2090,2090,1,0
Surat,Surat-Cityinventory,Cardiologist,1,3135,2090,2090,1,1
Surat,Surat-Cityinventory,Cardiologist,6,3135,2090,2090,1,1
Surat,Surat-Cityinventory,General Surgeon,1,8360,2090,2090,1,1
Surat,Surat-Cityinventory,General Surgeon,6,5225,2090,2090,1,1
Surat,Surat-Cityinventory,General Psychiatry,1,5225,4703,4703,2,2
Surat,Surat-Cityinventory,General Psychiatry,6,5225,2351,2351,2,2
Surat,Surat-Cityinventory,General Gynecology,1,8360,7838,7838,2,2
Surat,Surat-Cityinventory,General Gynecology,6,6270,3919,3919,2,2
Surat,Surat-Cityinventory,General Alt Medicine,1,3135,2090,2090,1,1
Surat,Surat-Cityinventory,General Alt Medicine,6,3135,2090,2090,1,1
Surat,Surat-Cityinventory,General Pediatrics,1,3135,2090,2090,1,1
Surat,Surat-Cityinventory,General Pediatrics,6,3135,2090,2090,1,1
Surat,Surat-Cityinventory,General Ophthalmology,1,8360,2090,2090,1,1
Surat,Surat-Cityinventory,General Ophthalmology,6,6270,2090,2090,1,1
Surat,Surat-Cityinventory,Orthopaedics,1,9405,2090,2090,1,1
Surat,Surat-Cityinventory,Orthopaedics,6,5225,2090,2090,1,1
Surat,Surat-Cityinventory,Homeopathy,1,3135,2090,2090,1,1
Surat,Surat-Cityinventory,Homeopathy,6,3135,2090,2090,1,1
Surat,Adajan,General Gynecology,1,3000,3000,3000,4,4
Surat,Adajan,General Gynecology,6,3000,2000,2000,4,4
Surat,Adajan,Homeopathy,1,3000,2000,2000,1,1
Surat,Athawa,ENT,1,3135,3135,3135,2,2
Surat,Athawa,ENT,6,3000,2000,2000,2,2
Surat,Athawa,General Dentistry,1,5225,3135,3135,1,0
Surat,Athawa,General Dentistry,6,5000,2000,2000,1,1
Surat,Athawa,General Psychiatry,1,3000,2000,2000,1,1
Surat,Athawa,General Psychiatry,6,3000,2000,2000,1,1
Surat,Varaccha,General Gynecology,1,3000,2000,2000,1,1
Surat,Varaccha,General Gynecology,6,3000,2000,2000,1,1
Surat,Vesu,General Dentistry,1,3135,2090,2090,1,0
Surat,Vesu,General Dentistry,6,3135,2090,2090,1,0
Thane,Thane-Cityinventory,General Dermatology,1,42900,38060,38060,1,0
Thane,Thane-Cityinventory,General Dermatology,6,30000,18165,18165,1,0
Thane,Thane-Cityinventory,Neurologist,1,6300,6300,6300,6,4
Thane,Thane-Cityinventory,Neurologist,6,3150,3150,3150,6,6
Thane,Thane-Cityinventory,Sexologist,1,5500,2200,2200,4,0
Thane,Thane-Cityinventory,Sexologist,6,3150,2100,2100,1,1
Thane,Thane-Cityinventory,Physiotherapist,1,5250,4725,4725,3,3
Thane,Thane-Cityinventory,Physiotherapist,6,5250,2363,2363,3,3
Thane,Thane-Cityinventory,Hair Transplant,1,6600,2200,2200,1,0
Thane,Thane-Cityinventory,Hair Transplant,6,5250,2100,2100,1,1
Thane,Thane-Cityinventory,Dietitian,1,6600,2860,2860,4,1
Thane,Thane-Cityinventory,Dietitian,6,5250,2100,2100,1,1
Thane,Thane-Cityinventory,Endocrinologist,1,3150,3150,3150,2,2
Thane,Thane-Cityinventory,Endocrinologist,6,3150,2100,2100,2,2
Thane,Thane-Cityinventory,Gastroenterologist,1,28600,16830,16830,1,1
Thane,Thane-Cityinventory,Gastroenterologist,6,21000,8033,8033,1,1
Thane,Thane-Cityinventory,General Physician,1,5250,4725,4725,4,4
Thane,Thane-Cityinventory,General Physician,6,5250,2363,2363,2,2
Thane,Thane-Cityinventory,Urologist,1,3150,3150,3150,6,6
Thane,Thane-Cityinventory,Urologist,6,3150,2100,2100,6,6
Thane,Thane-Cityinventory,ENT,1,3150,3150,3150,2,2
Thane,Thane-Cityinventory,ENT,6,3150,2100,2100,2,2
Thane,Thane-Cityinventory,General Dentistry,1,17600,16500,16500,4,0
Thane,Thane-Cityinventory,General Dentistry,6,12600,7875,7875,4,3
Thane,Thane-Cityinventory,Oncologist,1,3150,2100,2100,1,1
Thane,Thane-Cityinventory,Oncologist,6,3150,2100,2100,1,1
Thane,Thane-Cityinventory,Cosmetic/Plastic Surgeon,1,20900,2200,2200,1,1
Thane,Thane-Cityinventory,Cosmetic/Plastic Surgeon,6,14700,2100,2100,1,1
Thane,Thane-Cityinventory,Pulmonologist,1,5250,2100,2100,1,1
Thane,Thane-Cityinventory,Pulmonologist,6,3150,2100,2100,1,1
Thane,Thane-Cityinventory,Cardiologist,1,3150,3150,3150,1,1
Thane,Thane-Cityinventory,Cardiologist,6,3150,2100,2100,1,1
Thane,Thane-Cityinventory,Nephrologist,1,3150,2100,2100,1,1
Thane,Thane-Cityinventory,Nephrologist,6,3150,2100,2100,1,1
Thane,Thane-Cityinventory,General Surgeon,1,3150,3150,3150,4,4
Thane,Thane-Cityinventory,General Surgeon,6,3150,2100,2100,4,4
Thane,Thane-Cityinventory,Veterinarian,1,3000,2000,2000,1,1
Thane,Thane-Cityinventory,Veterinarian,6,3000,2000,2000,1,1
Thane,Thane-Cityinventory,General Psychiatry,1,8400,7875,7875,5,5
Thane,Thane-Cityinventory,General Psychiatry,6,6300,3938,3938,5,5
Thane,Thane-Cityinventory,Speech Therapist,1,3150,2100,2100,1,0
Thane,Thane-Cityinventory,Speech Therapist,6,3000,2000,2000,1,1
Thane,Thane-Cityinventory,General Gynecology,1,19950,15750,15750,3,2
Thane,Thane-Cityinventory,General Gynecology,6,14700,7875,7875,3,2
Thane,Thane-Cityinventory,General Alt Medicine,1,5500,3520,3520,4,3
Thane,Thane-Cityinventory,General Alt Medicine,6,5250,2100,2100,1,1
Thane,Thane-Cityinventory,General Pediatrics,1,3150,2835,2835,1,1
Thane,Thane-Cityinventory,General Pediatrics,6,3150,2100,2100,1,1
Thane,Thane-Cityinventory,General Ophthalmology,1,3150,3150,3150,6,5
Thane,Thane-Cityinventory,General Ophthalmology,6,3150,2100,2100,6,6
Thane,Thane-Cityinventory,Orthopaedics,1,5250,4725,4725,6,5
Thane,Thane-Cityinventory,Orthopaedics,6,3150,2363,2363,6,6
Thane,Thane-Cityinventory,Homeopathy,1,3150,3150,3150,3,1
Thane,Thane-Cityinventory,Homeopathy,6,3150,2100,2100,3,3
Thane,Thane Central,General Dermatology,1,36300,34650,34650,1,0
Thane,Thane Central,General Dermatology,6,26250,16538,16538,1,0
Thane,Thane Central,Neurologist,1,5250,4725,4725,6,4
Thane,Thane Central,Neurologist,6,3150,2363,2363,6,6
Thane,Thane Central,Sexologist,1,8800,2200,2200,1,0
Thane,Thane Central,Sexologist,6,6600,2200,2200,1,0
Thane,Thane Central,Physiotherapist,1,11550,11025,11025,1,1
Thane,Thane Central,Physiotherapist,6,9450,5513,5513,1,1
Thane,Thane Central,Hair Transplant,1,6300,2100,2100,1,0
Thane,Thane Central,Hair Transplant,6,5000,2000,2000,1,1
Thane,Thane Central,Dietitian,1,8800,2860,2860,1,0
Thane,Thane Central,Dietitian,6,6600,2200,2200,1,1
Thane,Thane Central,Endocrinologist,1,3300,3300,3300,2,0
Thane,Thane Central,Endocrinologist,6,3150,2100,2100,2,2
Thane,Thane Central,Gastroenterologist,1,13200,13200,13200,1,1
Thane,Thane Central,Gastroenterologist,6,6300,6300,6300,1,1
Thane,Thane Central,General Physician,1,14700,10920,10920,1,1
Thane,Thane Central,General Physician,6,11550,5460,5460,1,1
Thane,Thane Central,Urologist,1,6300,6300,6300,4,4
Thane,Thane Central,Urologist,6,3150,3150,3150,4,4
Thane,Thane Central,ENT,1,6300,6300,6300,1,1
Thane,Thane Central,ENT,6,3150,3150,3150,1,1
Thane,Thane Central,General Dentistry,1,39600,28050,28050,2,0
Thane,Thane Central,General Dentistry,6,30800,14025,14025,1,0
Thane,Thane Central,Oncologist,1,3000,2000,2000,1,1
Thane,Thane Central,Oncologist,6,3000,2000,2000,1,1
Thane,Thane Central,Cosmetic/Plastic Surgeon,1,10000,2000,2000,1,1
Thane,Thane Central,Cosmetic/Plastic Surgeon,6,9000,2000,2000,1,1
Thane,Thane Central,Pulmonologist,1,3150,2100,2100,1,1
Thane,Thane Central,Pulmonologist,6,3150,2100,2100,1,1
Thane,Thane Central,Cardiologist,1,12600,4305,4305,1,1
Thane,Thane Central,Cardiologist,6,9450,2153,2153,1,1
Thane,Thane Central,General Surgeon,1,3000,3000,3000,4,4
Thane,Thane Central,General Surgeon,6,3000,2000,2000,4,4
Thane,Thane Central,Veterinarian,1,3000,2000,2000,1,1
Thane,Thane Central,Veterinarian,6,3000,2000,2000,1,1
Thane,Thane Central,General Psychiatry,1,30000,30000,30000,1,1
Thane,Thane Central,General Psychiatry,6,17600,16500,16500,1,0
Thane,Thane Central,Speech Therapist,1,3000,2000,2000,1,1
Thane,Thane Central,Speech Therapist,6,3000,2000,2000,1,1
Thane,Thane Central,General Gynecology,1,30000,30000,30000,1,1
Thane,Thane Central,General Gynecology,6,26250,16170,16170,1,1
Thane,Thane Central,General Alt Medicine,1,6600,2310,2310,1,0
Thane,Thane Central,General Alt Medicine,6,5500,2200,2200,1,1
Thane,Thane Central,General Pediatrics,1,5250,2730,2730,1,1
Thane,Thane Central,General Pediatrics,6,3150,2100,2100,1,1
Thane,Thane Central,General Ophthalmology,1,5250,4725,4725,5,5
Thane,Thane Central,General Ophthalmology,6,3150,2363,2363,5,5
Thane,Thane Central,Orthopaedics,1,8400,7875,7875,6,5
Thane,Thane Central,Orthopaedics,6,6300,3938,3938,6,6
Thane,Thane Central,Homeopathy,1,5500,3300,3300,2,1
Thane,Thane Central,Homeopathy,6,5250,2100,2100,2,2
Thane,Kalyan,General Dermatology,1,14700,2100,2100,1,1
Thane,Kalyan,General Dermatology,6,11550,2100,2100,1,1
Thane,Kalyan,Neurologist,1,5500,2200,2200,1,0
Thane,Kalyan,Neurologist,6,3150,2100,2100,1,1
Thane,Kalyan,Sexologist,1,6600,2200,2200,1,0
Thane,Kalyan,Sexologist,6,5250,2100,2100,1,1
Thane,Kalyan,Physiotherapist,1,3300,2200,2200,1,1
Thane,Kalyan,Physiotherapist,6,3150,2100,2100,1,1
Thane,Kalyan,Endocrinologist,1,3150,2100,2100,1,1
Thane,Kalyan,Endocrinologist,6,3150,2100,2100,1,1
Thane,Kalyan,Gastroenterologist,1,12100,2200,2200,1,0
Thane,Kalyan,Gastroenterologist,6,6300,2100,2100,1,1
Thane,Kalyan,General Physician,1,3150,2100,2100,1,1
Thane,Kalyan,General Physician,6,3150,2100,2100,1,1
Thane,Kalyan,Urologist,1,6300,2100,2100,1,1
Thane,Kalyan,Urologist,6,3150,2100,2100,1,1
Thane,Kalyan,ENT,1,6300,2100,2100,1,1
Thane,Kalyan,ENT,6,3150,2100,2100,1,1
Thane,Kalyan,General Dentistry,1,12100,2200,2200,1,0
Thane,Kalyan,General Dentistry,6,9900,2200,2200,1,0
Thane,Kalyan,Cosmetic/Plastic Surgeon,1,3000,2000,2000,1,1
Thane,Kalyan,Cosmetic/Plastic Surgeon,6,3000,2000,2000,1,1
Thane,Kalyan,Pulmonologist,1,3000,2000,2000,1,1
Thane,Kalyan,Pulmonologist,6,3000,2000,2000,1,1
Thane,Kalyan,Cardiologist,1,5250,2100,2100,1,1
Thane,Kalyan,Cardiologist,6,3150,2100,2100,1,1
Thane,Kalyan,Nephrologist,1,3000,2000,2000,1,1
Thane,Kalyan,Nephrologist,6,3000,2000,2000,1,1
Thane,Kalyan,General Psychiatry,1,3150,2100,2100,1,0
Thane,Kalyan,General Psychiatry,6,3150,2100,2100,1,1
Thane,Kalyan,General Gynecology,1,17600,2200,2200,1,0
Thane,Kalyan,General Gynecology,6,13200,2200,2200,1,1
Thane,Kalyan,General Alt Medicine,1,3150,2100,2100,1,1
Thane,Kalyan,General Alt Medicine,6,3150,2100,2100,1,1
Thane,Kalyan,General Pediatrics,1,5250,2100,2100,1,1
Thane,Kalyan,General Pediatrics,6,3150,2100,2100,1,1
Thane,Kalyan,General Ophthalmology,1,3150,2100,2100,1,0
Thane,Kalyan,General Ophthalmology,6,3000,2000,2000,1,1
Thane,Kalyan,Orthopaedics,1,49500,2200,2200,1,0
Thane,Kalyan,Orthopaedics,6,30000,2100,2100,1,1
Thane,Kalyan,Homeopathy,1,3150,2100,2100,1,1
Thane,Kalyan,Homeopathy,6,3150,2100,2100,1,1
Thane,Dombivali,General Dermatology,1,15400,2200,2200,1,0
Thane,Dombivali,General Dermatology,6,11550,2100,2100,1,1
Thane,Dombivali,Neurologist,1,16800,2100,2100,1,1
Thane,Dombivali,Neurologist,6,12600,2100,2100,1,1
Thane,Dombivali,Sexologist,1,5500,2200,2200,1,0
Thane,Dombivali,Sexologist,6,3150,2100,2100,1,1
Thane,Dombivali,Physiotherapist,1,3150,2100,2100,1,1
Thane,Dombivali,Physiotherapist,6,3150,2100,2100,1,1
Thane,Dombivali,Endocrinologist,1,6300,2100,2100,1,1
Thane,Dombivali,Endocrinologist,6,5250,2100,2100,1,1
Thane,Dombivali,Gastroenterologist,1,9900,2200,2200,1,0
Thane,Dombivali,Gastroenterologist,6,5250,2100,2100,1,1
Thane,Dombivali,General Physician,1,3150,2100,2100,1,0
Thane,Dombivali,General Physician,6,3150,2100,2100,1,1
Thane,Dombivali,Urologist,1,8400,2100,2100,1,1
Thane,Dombivali,Urologist,6,5250,2100,2100,1,1
Thane,Dombivali,ENT,1,6300,2100,2100,1,1
Thane,Dombivali,ENT,6,3150,2100,2100,1,1
Thane,Dombivali,General Dentistry,1,6600,2200,2200,1,0
Thane,Dombivali,General Dentistry,6,5500,2200,2200,1,0
Thane,Dombivali,Pulmonologist,1,3150,2100,2100,1,1
Thane,Dombivali,Pulmonologist,6,3150,2100,2100,1,1
Thane,Dombivali,Cardiologist,1,5250,2100,2100,1,1
Thane,Dombivali,Cardiologist,6,3150,2100,2100,1,1
Thane,Dombivali,General Psychiatry,1,3300,2200,2200,1,0
Thane,Dombivali,General Psychiatry,6,3150,2100,2100,1,1
Thane,Dombivali,General Gynecology,1,28600,8250,8250,1,0
Thane,Dombivali,General Gynecology,6,22000,4125,4125,1,1
Thane,Dombivali,General Alt Medicine,1,5250,2100,2100,1,1
Thane,Dombivali,General Alt Medicine,6,5250,2100,2100,1,1
Thane,Dombivali,General Pediatrics,1,6300,2100,2100,1,1
Thane,Dombivali,General Pediatrics,6,5250,2100,2100,1,1
Thane,Dombivali,General Ophthalmology,1,5250,2100,2100,1,0
Thane,Dombivali,General Ophthalmology,6,3150,2100,2100,1,1
Thane,Dombivali,Orthopaedics,1,49500,20680,20680,1,0
Thane,Dombivali,Orthopaedics,6,30000,9870,9870,1,1
Thane,Ulhasnagar,General Dermatology,1,5500,2200,2200,1,0
Thane,Ulhasnagar,General Dermatology,6,5250,2100,2100,1,1
Thane,Ulhasnagar,Gastroenterologist,1,3300,2200,2200,1,0
Thane,Ulhasnagar,Gastroenterologist,6,3150,2100,2100,1,1
Thane,Ulhasnagar,General Physician,1,3150,2100,2100,1,1
Thane,Ulhasnagar,General Physician,6,3150,2100,2100,1,1
Thane,Ulhasnagar,ENT,1,3150,2100,2100,1,1
Thane,Ulhasnagar,ENT,6,3150,2100,2100,1,1
Thane,Ulhasnagar,General Gynecology,1,3300,2200,2200,1,1
Thane,Ulhasnagar,General Gynecology,6,3150,2100,2100,1,1
Thane,Ulhasnagar,Orthopaedics,1,3300,2200,2200,1,0
Thane,Ulhasnagar,Orthopaedics,6,3150,2100,2100,1,1
Thane,Vasai,General Dermatology,1,11550,2100,2100,1,1
Thane,Vasai,General Dermatology,6,6300,2100,2100,1,1
Thane,Vasai,Neurologist,1,6600,2200,2200,1,0
Thane,Vasai,Neurologist,6,3150,2100,2100,1,1
Thane,Vasai,Sexologist,1,5500,2200,2200,1,0
Thane,Vasai,Sexologist,6,5500,2200,2200,1,0
Thane,Vasai,Endocrinologist,1,3150,2100,2100,1,1
Thane,Vasai,Endocrinologist,6,3150,2100,2100,1,1
Thane,Vasai,Gastroenterologist,1,6600,2200,2200,1,0
Thane,Vasai,Gastroenterologist,6,5250,2100,2100,1,1
Thane,Vasai,General Physician,1,3150,2100,2100,1,1
Thane,Vasai,General Physician,6,3150,2100,2100,1,1
Thane,Vasai,Urologist,1,3000,2000,2000,1,1
Thane,Vasai,Urologist,6,3000,2000,2000,1,1
Thane,Vasai,ENT,1,6300,2100,2100,1,1
Thane,Vasai,ENT,6,3150,2100,2100,1,1
Thane,Vasai,General Dentistry,1,8800,4950,4950,1,0
Thane,Vasai,General Dentistry,6,6300,2363,2363,1,1
Thane,Vasai,Cardiologist,1,3150,2100,2100,1,1
Thane,Vasai,Cardiologist,6,3150,2100,2100,1,1
Thane,Vasai,General Psychiatry,1,3150,3150,3150,2,1
Thane,Vasai,General Psychiatry,6,3150,2100,2100,2,2
Thane,Vasai,General Gynecology,1,5250,2100,2100,1,1
Thane,Vasai,General Gynecology,6,3150,2100,2100,1,1
Thane,Vasai,General Alt Medicine,1,3000,2000,2000,1,1
Thane,Vasai,General Alt Medicine,6,3000,2000,2000,1,1
Thane,Vasai,Orthopaedics,1,9450,2100,2100,1,1
Thane,Vasai,Orthopaedics,6,5250,2100,2100,1,1
Thane,Virar,Gastroenterologist,1,5250,2100,2100,1,0
Thane,Virar,Gastroenterologist,6,5000,2000,2000,1,1
Thane,Virar,General Physician,1,3000,2000,2000,1,1
Thane,Virar,General Physician,6,3000,2000,2000,1,1
Thane,Virar,General Psychiatry,1,3150,2100,2100,1,1
Thane,Virar,General Psychiatry,6,3150,2100,2100,1,1
Thane,Virar,General Gynecology,1,8800,2200,2200,1,0
Thane,Virar,General Gynecology,6,6300,2100,2100,1,1
Thane,Virar,Orthopaedics,1,3000,2000,2000,1,1
Thane,Virar,Orthopaedics,6,3000,2000,2000,1,1
Thanjavur,Thanjavur-Cityinventory,General Physician,1,3135,2090,2090,1,1
Thanjavur,Thanjavur-Cityinventory,General Physician,6,3135,2090,2090,1,1
Thiruvananthapuram,Thiruvananthapuram-Cityinventory,General Dermatology,1,12540,2090,2090,1,1
Thiruvananthapuram,Thiruvananthapuram-Cityinventory,General Dermatology,6,6270,2090,2090,1,1
Thiruvananthapuram,Thiruvananthapuram-Cityinventory,Neurologist,1,5225,2090,2090,1,1
Thiruvananthapuram,Thiruvananthapuram-Cityinventory,Neurologist,6,3135,2090,2090,1,1
Thiruvananthapuram,Thiruvananthapuram-Cityinventory,Sexologist,1,3135,2090,2090,1,1
Thiruvananthapuram,Thiruvananthapuram-Cityinventory,Sexologist,6,3135,2090,2090,1,1
Thiruvananthapuram,Thiruvananthapuram-Cityinventory,Physiotherapist,1,3135,2090,2090,1,1
Thiruvananthapuram,Thiruvananthapuram-Cityinventory,Physiotherapist,6,3135,2090,2090,1,1
Thiruvananthapuram,Thiruvananthapuram-Cityinventory,Hair Transplant,1,8360,2090,2090,1,1
Thiruvananthapuram,Thiruvananthapuram-Cityinventory,Hair Transplant,6,5225,2090,2090,1,1
Thiruvananthapuram,Thiruvananthapuram-Cityinventory,Gastroenterologist,1,6270,2090,2090,1,1
Thiruvananthapuram,Thiruvananthapuram-Cityinventory,Gastroenterologist,6,3135,2090,2090,1,1
Thiruvananthapuram,Thiruvananthapuram-Cityinventory,General Physician,1,3135,2090,2090,1,1
Thiruvananthapuram,Thiruvananthapuram-Cityinventory,General Physician,6,3135,2090,2090,1,1
Thiruvananthapuram,Thiruvananthapuram-Cityinventory,Urologist,1,3000,2000,2000,1,1
Thiruvananthapuram,Thiruvananthapuram-Cityinventory,Urologist,6,3000,2000,2000,1,1
Thiruvananthapuram,Thiruvananthapuram-Cityinventory,ENT,1,3135,2090,2090,1,1
Thiruvananthapuram,Thiruvananthapuram-Cityinventory,ENT,6,3135,2090,2090,1,1
Thiruvananthapuram,Thiruvananthapuram-Cityinventory,General Dentistry,1,15260,5450,5450,4,2
Thiruvananthapuram,Thiruvananthapuram-Cityinventory,General Dentistry,6,11495,2613,2613,1,1
Thiruvananthapuram,Thiruvananthapuram-Cityinventory,Cosmetic/Plastic Surgeon,1,11495,2090,2090,1,1
Thiruvananthapuram,Thiruvananthapuram-Cityinventory,Cosmetic/Plastic Surgeon,6,6270,2090,2090,1,1
Thiruvananthapuram,Thiruvananthapuram-Cityinventory,Cardiologist,1,3135,2090,2090,1,1
Thiruvananthapuram,Thiruvananthapuram-Cityinventory,Cardiologist,6,3135,2090,2090,1,1
Thiruvananthapuram,Thiruvananthapuram-Cityinventory,General Psychiatry,1,5225,2090,2090,1,1
Thiruvananthapuram,Thiruvananthapuram-Cityinventory,General Psychiatry,6,5225,2090,2090,1,1
Thiruvananthapuram,Thiruvananthapuram-Cityinventory,General Gynecology,1,8360,2090,2090,1,1
Thiruvananthapuram,Thiruvananthapuram-Cityinventory,General Gynecology,6,5225,2090,2090,1,1
Thiruvananthapuram,Thiruvananthapuram-Cityinventory,General Alt Medicine,1,3135,2090,2090,1,1
Thiruvananthapuram,Thiruvananthapuram-Cityinventory,General Alt Medicine,6,3135,2090,2090,1,1
Thiruvananthapuram,Thiruvananthapuram-Cityinventory,General Pediatrics,1,3135,2090,2090,1,1
Thiruvananthapuram,Thiruvananthapuram-Cityinventory,General Pediatrics,6,3135,2090,2090,1,1
Thiruvananthapuram,Thiruvananthapuram-Cityinventory,General Ophthalmology,1,5225,2090,2090,1,1
Thiruvananthapuram,Thiruvananthapuram-Cityinventory,General Ophthalmology,6,3135,2090,2090,1,1
Thiruvananthapuram,Thiruvananthapuram-Cityinventory,Orthopaedics,1,6270,2090,2090,1,1
Thiruvananthapuram,Thiruvananthapuram-Cityinventory,Orthopaedics,6,3135,2090,2090,1,1
Thiruvananthapuram,Thiruvananthapuram,General Dermatology,1,5225,2090,2090,1,1
Thiruvananthapuram,Thiruvananthapuram,General Dermatology,6,3135,2090,2090,1,1
Thiruvananthapuram,Thiruvananthapuram,Neurologist,1,3000,2000,2000,1,1
Thiruvananthapuram,Thiruvananthapuram,Neurologist,6,3000,2000,2000,1,1
Thiruvananthapuram,Thiruvananthapuram,Sexologist,6,3000,2000,2000,1,1
Thiruvananthapuram,Thiruvananthapuram,Physiotherapist,6,3000,2000,2000,1,1
Thiruvananthapuram,Thiruvananthapuram,Gastroenterologist,1,5225,2090,2090,1,1
Thiruvananthapuram,Thiruvananthapuram,Gastroenterologist,6,3135,2090,2090,1,1
Thiruvananthapuram,Thiruvananthapuram,General Physician,1,3135,2090,2090,1,1
Thiruvananthapuram,Thiruvananthapuram,General Physician,6,3135,2090,2090,1,1
Thiruvananthapuram,Thiruvananthapuram,ENT,1,3135,2090,2090,1,1
Thiruvananthapuram,Thiruvananthapuram,ENT,6,3135,2090,2090,1,1
Thiruvananthapuram,Thiruvananthapuram,General Dentistry,1,5225,4703,4703,1,1
Thiruvananthapuram,Thiruvananthapuram,General Dentistry,6,3135,2351,2351,1,1
Thiruvananthapuram,Thiruvananthapuram,Cosmetic/Plastic Surgeon,1,6000,2000,2000,1,1
Thiruvananthapuram,Thiruvananthapuram,Cosmetic/Plastic Surgeon,6,3000,2000,2000,1,1
Thiruvananthapuram,Thiruvananthapuram,Cardiologist,1,3135,2090,2090,1,1
Thiruvananthapuram,Thiruvananthapuram,Cardiologist,6,3135,2090,2090,1,1
Thiruvananthapuram,Thiruvananthapuram,General Psychiatry,1,5225,2090,2090,1,1
Thiruvananthapuram,Thiruvananthapuram,General Psychiatry,6,5225,2090,2090,1,1
Thiruvananthapuram,Thiruvananthapuram,General Gynecology,1,6270,2090,2090,1,1
Thiruvananthapuram,Thiruvananthapuram,General Gynecology,6,3135,2090,2090,1,1
Thiruvananthapuram,Thiruvananthapuram,General Alt Medicine,1,3000,2000,2000,1,1
Thiruvananthapuram,Thiruvananthapuram,General Alt Medicine,6,3000,2000,2000,1,1
Thiruvananthapuram,Thiruvananthapuram,General Pediatrics,1,3135,2090,2090,1,1
Thiruvananthapuram,Thiruvananthapuram,General Pediatrics,6,3135,2090,2090,1,1
Thiruvananthapuram,Thiruvananthapuram,General Ophthalmology,6,3000,2000,2000,1,1
Thiruvananthapuram,Thiruvananthapuram,Orthopaedics,1,5225,2090,2090,1,1
Thiruvananthapuram,Thiruvananthapuram,Orthopaedics,6,3135,2090,2090,1,1
Thrissur,Thrissur-Cityinventory,General Dermatology,1,3135,2090,2090,1,1
Thrissur,Thrissur-Cityinventory,General Dermatology,6,3135,2090,2090,1,1
Thrissur,Thrissur-Cityinventory,Gastroenterologist,1,3135,2090,2090,1,1
Thrissur,Thrissur-Cityinventory,Gastroenterologist,6,3135,2090,2090,1,1
Thrissur,Thrissur-Cityinventory,General Physician,1,3135,2090,2090,1,1
Thrissur,Thrissur-Cityinventory,General Physician,6,3135,2090,2090,1,1
Thrissur,Thrissur-Cityinventory,ENT,1,0,2000,2000,1,1
Thrissur,Thrissur-Cityinventory,ENT,6,0,2000,2000,1,1
Thrissur,Thrissur-Cityinventory,General Dentistry,1,3135,2090,2090,1,1
Thrissur,Thrissur-Cityinventory,General Dentistry,6,3135,2090,2090,1,1
Thrissur,Thrissur-Cityinventory,General Psychiatry,1,3135,2090,2090,1,1
Thrissur,Thrissur-Cityinventory,General Psychiatry,6,3135,2090,2090,1,1
Thrissur,Thrissur-Cityinventory,General Gynecology,1,5225,2090,2090,1,1
Thrissur,Thrissur-Cityinventory,General Gynecology,6,3135,2090,2090,1,1
Thrissur,Thrissur-Cityinventory,General Alt Medicine,1,0,2000,2000,1,1
Thrissur,Thrissur-Cityinventory,General Alt Medicine,6,0,2000,2000,1,1
Thrissur,Thrissur-Cityinventory,Orthopaedics,1,5225,2090,2090,1,1
Thrissur,Thrissur-Cityinventory,Orthopaedics,6,3135,2090,2090,1,1
Thrissur,Thrissur,General Dermatology,1,3135,2090,2090,1,1
Thrissur,Thrissur,General Dermatology,6,3135,2090,2090,1,1
Thrissur,Thrissur,General Physician,1,3135,2090,2090,1,1
Thrissur,Thrissur,General Physician,6,3135,2090,2090,1,1
Thrissur,Thrissur,ENT,1,3135,2090,2090,1,1
Thrissur,Thrissur,ENT,6,3135,2090,2090,1,1
Thrissur,Thrissur,General Dentistry,1,3135,2090,2090,1,1
Thrissur,Thrissur,General Dentistry,6,3135,2090,2090,1,1
Thrissur,Thrissur,General Psychiatry,1,3000,2000,2000,1,1
Thrissur,Thrissur,General Psychiatry,6,3000,2000,2000,1,1
Thrissur,Thrissur,General Gynecology,6,3000,2000,2000,1,1
Thrissur,Thrissur,General Alt Medicine,1,3000,2000,2000,1,1
Thrissur,Thrissur,General Alt Medicine,6,3000,2000,2000,1,1
Thrissur,Thrissur,Orthopaedics,1,5000,2000,2000,1,1
Thrissur,Thrissur,Orthopaedics,6,3000,2000,2000,1,1
Tiruchirappalli,Tiruchirappalli-Cityinventory,General Dermatology,1,3135,2090,2090,1,1
Tiruchirappalli,Tiruchirappalli-Cityinventory,General Dermatology,6,3135,2090,2090,1,1
Tiruchirappalli,Tiruchirappalli-Cityinventory,Neurologist,1,3000,2000,2000,1,1
Tiruchirappalli,Tiruchirappalli-Cityinventory,Neurologist,6,3000,2000,2000,1,1
Tiruchirappalli,Tiruchirappalli-Cityinventory,Gastroenterologist,1,3135,2090,2090,1,1
Tiruchirappalli,Tiruchirappalli-Cityinventory,Gastroenterologist,6,3135,2090,2090,1,1
Tiruchirappalli,Tiruchirappalli-Cityinventory,General Physician,1,3135,2090,2090,1,1
Tiruchirappalli,Tiruchirappalli-Cityinventory,General Physician,6,3135,2090,2090,1,1
Tiruchirappalli,Tiruchirappalli-Cityinventory,Urologist,1,3000,2000,2000,1,1
Tiruchirappalli,Tiruchirappalli-Cityinventory,Urologist,6,3000,2000,2000,1,1
Tiruchirappalli,Tiruchirappalli-Cityinventory,ENT,1,3135,2090,2090,1,1
Tiruchirappalli,Tiruchirappalli-Cityinventory,ENT,6,3135,2090,2090,1,1
Tiruchirappalli,Tiruchirappalli-Cityinventory,General Dentistry,1,3135,2090,2090,1,1
Tiruchirappalli,Tiruchirappalli-Cityinventory,General Dentistry,6,3135,2090,2090,1,1
Tiruchirappalli,Tiruchirappalli-Cityinventory,Cosmetic/Plastic Surgeon,1,3000,2000,2000,1,1
Tiruchirappalli,Tiruchirappalli-Cityinventory,Cosmetic/Plastic Surgeon,6,3000,2000,2000,1,1
Tiruchirappalli,Tiruchirappalli-Cityinventory,General Gynecology,1,3135,2090,2090,1,1
Tiruchirappalli,Tiruchirappalli-Cityinventory,General Gynecology,6,3135,2090,2090,1,1
Tiruchirappalli,Tiruchirappalli-Cityinventory,Orthopaedics,1,3135,2090,2090,1,1
Tiruchirappalli,Tiruchirappalli-Cityinventory,Orthopaedics,6,3135,2090,2090,1,1
Tiruchirappalli,Tiruchirappalli,General Physician,6,3135,2090,2090,1,1
Tiruchirappalli,Tiruchirappalli,General Gynecology,6,3000,2000,2000,1,1
Tirunelveli,Tirunelveli-Cityinventory,General Dermatology,1,3135,2090,2090,1,1
Tirunelveli,Tirunelveli-Cityinventory,General Dermatology,6,3135,2090,2090,1,1
Tirunelveli,Tirunelveli-Cityinventory,Sexologist,1,3000,2000,2000,1,1
Tirunelveli,Tirunelveli-Cityinventory,Sexologist,6,3000,2000,2000,1,1
Tirunelveli,Tirunelveli-Cityinventory,General Physician,1,3000,2000,2000,1,1
Tirunelveli,Tirunelveli-Cityinventory,General Physician,6,3000,2000,2000,1,1
Tirunelveli,Tirunelveli,General Physician,6,3135,2090,2090,1,1
Tirupati,Tirupati-Cityinventory,General Dermatology,1,3135,2090,2090,1,1
Tirupati,Tirupati-Cityinventory,General Dermatology,6,3135,2090,2090,1,1
Tirupati,Tirupati-Cityinventory,General Physician,1,3135,2090,2090,1,1
Tirupati,Tirupati-Cityinventory,General Physician,6,3135,2090,2090,1,1
Tirupati,Tirupati-Cityinventory,General Gynecology,1,5225,2090,2090,1,1
Tirupati,Tirupati-Cityinventory,General Gynecology,6,3135,2090,2090,1,1
Tirupati,Tirupati-Cityinventory,Orthopaedics,1,3000,2000,2000,1,1
Tirupati,Tirupati-Cityinventory,Orthopaedics,6,3000,2000,2000,1,1
Tirupur,Tirupur-Cityinventory,General Dermatology,1,3000,2000,2000,1,1
Tirupur,Tirupur-Cityinventory,General Dermatology,6,3000,2000,2000,1,1
Tirupur,Tirupur-Cityinventory,Sexologist,1,3000,2000,2000,1,1
Tirupur,Tirupur-Cityinventory,Sexologist,6,3000,2000,2000,1,1
Tirupur,Tirupur-Cityinventory,General Physician,1,3000,2000,2000,1,1
Tirupur,Tirupur-Cityinventory,General Physician,6,3000,2000,2000,1,1
Tirupur,Tirupur-Cityinventory,General Dentistry,1,3135,2090,2090,1,1
Tirupur,Tirupur-Cityinventory,General Dentistry,6,3135,2090,2090,1,1
Tiruvannamalai,Tiruvannamalai-Cityinventory,General Physician,1,3000,2000,2000,1,1
Tiruvannamalai,Tiruvannamalai-Cityinventory,General Physician,6,3000,2000,2000,1,1
Tumkur,Tumkur-Cityinventory,General Physician,1,3135,2090,2090,1,1
Tumkur,Tumkur-Cityinventory,General Physician,6,3135,2090,2090,1,1
Udaipur,Udaipur-Cityinventory,General Dermatology,1,3135,2090,2090,1,1
Udaipur,Udaipur-Cityinventory,General Dermatology,6,3135,2090,2090,1,1
Udaipur,Udaipur-Cityinventory,Sexologist,1,3135,2090,2090,1,1
Udaipur,Udaipur-Cityinventory,Sexologist,6,3135,2090,2090,1,1
Udaipur,Udaipur-Cityinventory,Hair Transplant,1,6000,2000,2000,1,1
Udaipur,Udaipur-Cityinventory,Hair Transplant,6,3000,2000,2000,1,1
Udaipur,Udaipur-Cityinventory,Gastroenterologist,1,3000,2000,2000,1,1
Udaipur,Udaipur-Cityinventory,Gastroenterologist,6,3000,2000,2000,1,1
Udaipur,Udaipur-Cityinventory,General Physician,1,3135,2090,2090,1,1
Udaipur,Udaipur-Cityinventory,General Physician,6,3135,2090,2090,1,1
Udaipur,Udaipur-Cityinventory,ENT,1,3000,2000,2000,1,1
Udaipur,Udaipur-Cityinventory,ENT,6,3000,2000,2000,1,1
Udaipur,Udaipur-Cityinventory,General Dentistry,1,3270,2180,2180,1,1
Udaipur,Udaipur-Cityinventory,General Dentistry,6,3135,2090,2090,1,1
Udaipur,Udaipur-Cityinventory,General Psychiatry,1,3135,2090,2090,1,1
Udaipur,Udaipur-Cityinventory,General Psychiatry,6,3000,2000,2000,1,1
Udaipur,Udaipur-Cityinventory,General Gynecology,1,3135,2090,2090,1,1
Udaipur,Udaipur-Cityinventory,General Gynecology,6,3135,2090,2090,1,1
Udaipur,Udaipur-Cityinventory,Orthopaedics,1,3135,2090,2090,1,1
Udaipur,Udaipur-Cityinventory,Orthopaedics,6,3135,2090,2090,1,1
Ujjain,Ujjain-Cityinventory,General Dermatology,1,3000,2000,2000,1,1
Ujjain,Ujjain-Cityinventory,General Dermatology,6,3000,2000,2000,1,1
Ujjain,Ujjain-Cityinventory,Gastroenterologist,1,3000,2000,2000,1,1
Ujjain,Ujjain-Cityinventory,Gastroenterologist,6,3000,2000,2000,1,1
Ujjain,Ujjain-Cityinventory,General Physician,1,3135,2090,2090,1,1
Ujjain,Ujjain-Cityinventory,General Physician,6,3135,2090,2090,1,1
Ujjain,Ujjain-Cityinventory,General Dentistry,1,3000,2000,2000,1,1
Ujjain,Ujjain-Cityinventory,General Dentistry,6,3000,2000,2000,1,1
Ujjain,Ujjain-Cityinventory,General Gynecology,1,3000,2000,2000,1,1
Ujjain,Ujjain-Cityinventory,General Gynecology,6,3000,2000,2000,1,1
Unnao,Unnao-Cityinventory,General Physician,1,3000,2000,2000,1,1
Unnao,Unnao-Cityinventory,General Physician,6,3000,2000,2000,1,1
Vadodara,Vadodara-Cityinventory,General Dermatology,1,8720,2834,2834,1,0
Vadodara,Vadodara-Cityinventory,General Dermatology,6,5225,2090,2090,1,1
Vadodara,Vadodara-Cityinventory,Neurologist,1,3135,2090,2090,1,0
Vadodara,Vadodara-Cityinventory,Neurologist,6,3135,2090,2090,1,1
Vadodara,Vadodara-Cityinventory,Sexologist,1,3135,2090,2090,1,0
Vadodara,Vadodara-Cityinventory,Sexologist,6,3135,2090,2090,1,1
Vadodara,Vadodara-Cityinventory,Physiotherapist,1,3135,3031,3031,1,1
Vadodara,Vadodara-Cityinventory,Physiotherapist,6,3135,2090,2090,1,1
Vadodara,Vadodara-Cityinventory,Hair Transplant,1,3135,2090,2090,1,0
Vadodara,Vadodara-Cityinventory,Hair Transplant,6,3135,2090,2090,1,1
Vadodara,Vadodara-Cityinventory,Dietitian,1,5450,2180,2180,1,1
Vadodara,Vadodara-Cityinventory,Dietitian,6,5225,2090,2090,1,1
Vadodara,Vadodara-Cityinventory,Gastroenterologist,1,5225,2090,2090,1,0
Vadodara,Vadodara-Cityinventory,Gastroenterologist,6,3135,2090,2090,1,1
Vadodara,Vadodara-Cityinventory,General Physician,1,3135,2926,2926,1,1
Vadodara,Vadodara-Cityinventory,General Physician,6,3135,2090,2090,1,1
Vadodara,Vadodara-Cityinventory,Urologist,1,8360,7838,7838,1,0
Vadodara,Vadodara-Cityinventory,Urologist,6,5225,3919,3919,1,1
Vadodara,Vadodara-Cityinventory,ENT,1,5225,2090,2090,1,1
Vadodara,Vadodara-Cityinventory,ENT,6,3135,2090,2090,1,1
Vadodara,Vadodara-Cityinventory,General Dentistry,1,11990,7194,7194,1,0
Vadodara,Vadodara-Cityinventory,General Dentistry,6,9405,3449,3449,1,1
Vadodara,Vadodara-Cityinventory,Oncologist,1,3135,2090,2090,1,0
Vadodara,Vadodara-Cityinventory,Oncologist,6,3135,2090,2090,1,1
Vadodara,Vadodara-Cityinventory,Cosmetic/Plastic Surgeon,1,11990,2180,2180,1,0
Vadodara,Vadodara-Cityinventory,Cosmetic/Plastic Surgeon,6,6270,2090,2090,1,1
Vadodara,Vadodara-Cityinventory,Pulmonologist,1,3135,2090,2090,1,0
Vadodara,Vadodara-Cityinventory,Pulmonologist,6,3135,2090,2090,1,1
Vadodara,Vadodara-Cityinventory,Cardiologist,1,5225,2090,2090,1,0
Vadodara,Vadodara-Cityinventory,Cardiologist,6,3135,2090,2090,1,1
Vadodara,Vadodara-Cityinventory,General Surgeon,1,5225,2090,2090,1,0
Vadodara,Vadodara-Cityinventory,General Surgeon,6,3135,2090,2090,1,1
Vadodara,Vadodara-Cityinventory,General Psychiatry,1,3270,2180,2180,1,0
Vadodara,Vadodara-Cityinventory,General Psychiatry,6,3135,2090,2090,1,1
Vadodara,Vadodara-Cityinventory,General Gynecology,1,8360,7838,7838,1,1
Vadodara,Vadodara-Cityinventory,General Gynecology,6,5225,3919,3919,1,1
Vadodara,Vadodara-Cityinventory,General Alt Medicine,1,6270,2090,2090,4,3
Vadodara,Vadodara-Cityinventory,General Alt Medicine,6,5225,2090,2090,1,1
Vadodara,Vadodara-Cityinventory,General Pediatrics,1,3135,2090,2090,1,1
Vadodara,Vadodara-Cityinventory,General Pediatrics,6,3135,2090,2090,1,1
Vadodara,Vadodara-Cityinventory,General Ophthalmology,1,11495,2404,2404,1,1
Vadodara,Vadodara-Cityinventory,General Ophthalmology,6,9405,2090,2090,1,1
Vadodara,Vadodara-Cityinventory,Orthopaedics,1,3270,2180,2180,4,0
Vadodara,Vadodara-Cityinventory,Orthopaedics,6,3135,2090,2090,1,1
Vadodara,Vadodara-Cityinventory,Homeopathy,1,3135,2090,2090,1,1
Vadodara,Vadodara-Cityinventory,Homeopathy,6,3135,2090,2090,1,1
Vadodara,Alkapuri,General Dermatology,1,3000,2000,2000,1,0
Vadodara,Alkapuri,General Dermatology,6,3000,2000,2000,1,1
Vadodara,Raopura,General Dermatology,1,5225,2090,2090,1,1
Vadodara,Raopura,General Dermatology,6,3135,2090,2090,1,1
Vadodara,Raopura,ENT,1,3000,2000,2000,1,1
Vadodara,Raopura,ENT,6,3000,2000,2000,1,1
Vadodara,Raopura,General Gynecology,1,3000,2000,2000,1,1
Vadodara,Raopura,General Gynecology,6,3000,2000,2000,1,1
Vadodara,Vasna Road,General Physician,1,3000,2000,2000,1,1
Vadodara,Vasna Road,General Physician,6,3000,2000,2000,1,1
Vadodara,Waghodia Road,General Dermatology,1,5225,2717,2717,1,0
Vadodara,Waghodia Road,General Dermatology,6,5225,2090,2090,1,1
Vadodara,Waghodia Road,General Physician,1,3000,2000,2000,1,1
Vadodara,Waghodia Road,General Physician,6,3000,2000,2000,1,1
Vadodara,Waghodia Road,ENT,1,3000,2000,2000,1,1
Vadodara,Waghodia Road,ENT,6,3000,2000,2000,1,1
Vadodara,Waghodia Road,General Gynecology,1,5000,2000,2000,1,1
Vadodara,Waghodia Road,General Gynecology,6,3000,2000,2000,1,1
Varanasi,Varanasi-Cityinventory,General Dermatology,1,3135,2090,2090,1,1
Varanasi,Varanasi-Cityinventory,General Dermatology,6,3135,2090,2090,1,1
Varanasi,Varanasi-Cityinventory,Neurologist,1,5225,2090,2090,1,1
Varanasi,Varanasi-Cityinventory,Neurologist,6,3135,2090,2090,1,1
Varanasi,Varanasi-Cityinventory,Sexologist,1,3270,2180,2180,1,1
Varanasi,Varanasi-Cityinventory,Sexologist,6,3135,2090,2090,1,1
Varanasi,Varanasi-Cityinventory,Physiotherapist,1,3135,2090,2090,1,1
Varanasi,Varanasi-Cityinventory,Physiotherapist,6,3135,2090,2090,1,1
Varanasi,Varanasi-Cityinventory,Hair Transplant,1,6000,2000,2000,1,1
Varanasi,Varanasi-Cityinventory,Hair Transplant,6,3000,2000,2000,1,1
Varanasi,Varanasi-Cityinventory,Endocrinologist,1,3135,2090,2090,1,1
Varanasi,Varanasi-Cityinventory,Endocrinologist,6,3135,2090,2090,1,1
Varanasi,Varanasi-Cityinventory,Gastroenterologist,1,12540,2090,2090,1,1
Varanasi,Varanasi-Cityinventory,Gastroenterologist,6,6270,2090,2090,1,1
Varanasi,Varanasi-Cityinventory,General Physician,1,3135,2090,2090,1,0
Varanasi,Varanasi-Cityinventory,General Physician,6,3135,2090,2090,1,1
Varanasi,Varanasi-Cityinventory,Urologist,1,6270,2090,2090,1,1
Varanasi,Varanasi-Cityinventory,Urologist,6,3135,2090,2090,1,1
Varanasi,Varanasi-Cityinventory,ENT,1,3135,2090,2090,1,1
Varanasi,Varanasi-Cityinventory,ENT,6,3135,2090,2090,1,1
Varanasi,Varanasi-Cityinventory,General Dentistry,1,3270,2180,2180,1,0
Varanasi,Varanasi-Cityinventory,General Dentistry,6,3135,2090,2090,1,1
Varanasi,Varanasi-Cityinventory,Cosmetic/Plastic Surgeon,1,6270,2090,2090,1,1
Varanasi,Varanasi-Cityinventory,Cosmetic/Plastic Surgeon,6,3135,2090,2090,1,1
Varanasi,Varanasi-Cityinventory,Pulmonologist,1,3135,2090,2090,1,1
Varanasi,Varanasi-Cityinventory,Pulmonologist,6,3135,2090,2090,1,1
Varanasi,Varanasi-Cityinventory,Cardiologist,1,3000,2000,2000,1,1
Varanasi,Varanasi-Cityinventory,Cardiologist,6,3000,2000,2000,1,1
Varanasi,Varanasi-Cityinventory,General Surgeon,1,9810,2180,2180,1,1
Varanasi,Varanasi-Cityinventory,General Surgeon,6,5225,2090,2090,1,1
Varanasi,Varanasi-Cityinventory,General Psychiatry,1,3270,2180,2180,1,1
Varanasi,Varanasi-Cityinventory,General Psychiatry,6,3135,2090,2090,1,1
Varanasi,Varanasi-Cityinventory,General Gynecology,1,17765,2090,2090,1,0
Varanasi,Varanasi-Cityinventory,General Gynecology,6,9405,2090,2090,1,1
Varanasi,Varanasi-Cityinventory,General Alt Medicine,1,3270,3052,3052,1,0
Varanasi,Varanasi-Cityinventory,General Alt Medicine,6,3135,2090,2090,1,1
Varanasi,Varanasi-Cityinventory,General Pediatrics,1,5225,2090,2090,4,3
Varanasi,Varanasi-Cityinventory,General Pediatrics,6,5225,2090,2090,1,1
Varanasi,Varanasi-Cityinventory,General Ophthalmology,1,6270,2090,2090,1,1
Varanasi,Varanasi-Cityinventory,General Ophthalmology,6,3135,2090,2090,1,1
Varanasi,Varanasi-Cityinventory,Orthopaedics,1,14630,2090,2090,1,1
Varanasi,Varanasi-Cityinventory,Orthopaedics,6,8360,2090,2090,1,1
Varanasi,Varanasi-Cityinventory,Homeopathy,1,3135,2090,2090,1,0
Varanasi,Varanasi-Cityinventory,Homeopathy,6,3135,2090,2090,1,1
Vellore,Vellore-Cityinventory,General Dermatology,1,3135,2090,2090,1,1
Vellore,Vellore-Cityinventory,General Dermatology,6,3135,2090,2090,1,1
Vellore,Vellore-Cityinventory,Sexologist,1,3135,2090,2090,1,1
Vellore,Vellore-Cityinventory,Sexologist,6,3135,2090,2090,1,1
Vellore,Vellore-Cityinventory,Gastroenterologist,1,3135,2090,2090,1,1
Vellore,Vellore-Cityinventory,Gastroenterologist,6,3135,2090,2090,1,1
Vellore,Vellore-Cityinventory,General Physician,1,3135,2090,2090,1,1
Vellore,Vellore-Cityinventory,General Physician,6,3135,2090,2090,1,1
Vellore,Vellore-Cityinventory,Urologist,1,3000,2000,2000,1,1
Vellore,Vellore-Cityinventory,Urologist,6,3000,2000,2000,1,1
Vellore,Vellore-Cityinventory,ENT,1,3000,2000,2000,1,1
Vellore,Vellore-Cityinventory,ENT,6,3000,2000,2000,1,1
Vellore,Vellore-Cityinventory,General Dentistry,1,3270,2180,2180,1,1
Vellore,Vellore-Cityinventory,General Dentistry,6,3135,2090,2090,1,1
Vellore,Vellore-Cityinventory,General Gynecology,1,8360,2090,2090,1,1
Vellore,Vellore-Cityinventory,General Gynecology,6,5225,2090,2090,1,1
Vellore,Vellore-Cityinventory,Orthopaedics,1,5000,2000,2000,1,1
Vellore,Vellore-Cityinventory,Orthopaedics,6,3000,2000,2000,1,1
Vijayawada,Vijayawada-Cityinventory,General Dermatology,1,8720,6431,6431,1,0
Vijayawada,Vijayawada-Cityinventory,General Dermatology,6,5225,3083,3083,1,1
Vijayawada,Vijayawada-Cityinventory,Neurologist,1,5225,2090,2090,4,3
Vijayawada,Vijayawada-Cityinventory,Neurologist,6,3135,2090,2090,1,1
Vijayawada,Vijayawada-Cityinventory,Sexologist,1,5225,2090,2090,1,1
Vijayawada,Vijayawada-Cityinventory,Sexologist,6,5225,2090,2090,1,1
Vijayawada,Vijayawada-Cityinventory,Physiotherapist,1,3135,2090,2090,1,1
Vijayawada,Vijayawada-Cityinventory,Physiotherapist,6,3135,2090,2090,1,1
Vijayawada,Vijayawada-Cityinventory,Hair Transplant,1,3135,2090,2090,1,1
Vijayawada,Vijayawada-Cityinventory,Hair Transplant,6,3135,2090,2090,1,1
Vijayawada,Vijayawada-Cityinventory,Endocrinologist,1,3135,2090,2090,1,1
Vijayawada,Vijayawada-Cityinventory,Endocrinologist,6,3135,2090,2090,1,1
Vijayawada,Vijayawada-Cityinventory,Gastroenterologist,1,20000,2090,2090,1,1
Vijayawada,Vijayawada-Cityinventory,Gastroenterologist,6,11495,2090,2090,1,1
Vijayawada,Vijayawada-Cityinventory,General Physician,1,8720,2180,2180,3,1
Vijayawada,Vijayawada-Cityinventory,General Physician,6,6270,2090,2090,1,1
Vijayawada,Vijayawada-Cityinventory,Urologist,1,3135,3135,3135,6,6
Vijayawada,Vijayawada-Cityinventory,Urologist,6,3135,2090,2090,6,6
Vijayawada,Vijayawada-Cityinventory,ENT,1,3135,2090,2090,1,1
Vijayawada,Vijayawada-Cityinventory,ENT,6,3135,2090,2090,1,1
Vijayawada,Vijayawada-Cityinventory,General Dentistry,1,8720,2834,2834,3,0
Vijayawada,Vijayawada-Cityinventory,General Dentistry,6,6270,2090,2090,1,1
Vijayawada,Vijayawada-Cityinventory,Oncologist,1,5000,3000,3000,1,1
Vijayawada,Vijayawada-Cityinventory,Oncologist,6,3000,2000,2000,1,1
Vijayawada,Vijayawada-Cityinventory,Cosmetic/Plastic Surgeon,1,12540,2090,2090,1,1
Vijayawada,Vijayawada-Cityinventory,Cosmetic/Plastic Surgeon,6,6270,2090,2090,1,1
Vijayawada,Vijayawada-Cityinventory,Pulmonologist,1,3135,2090,2090,1,1
Vijayawada,Vijayawada-Cityinventory,Pulmonologist,6,3135,2090,2090,1,1
Vijayawada,Vijayawada-Cityinventory,Cardiologist,1,8360,2090,2090,1,1
Vijayawada,Vijayawada-Cityinventory,Cardiologist,6,5225,2090,2090,1,1
Vijayawada,Vijayawada-Cityinventory,Nephrologist,1,5225,2090,2090,1,1
Vijayawada,Vijayawada-Cityinventory,Nephrologist,6,3135,2090,2090,1,1
Vijayawada,Vijayawada-Cityinventory,General Surgeon,1,5225,2090,2090,4,3
Vijayawada,Vijayawada-Cityinventory,General Surgeon,6,5225,2090,2090,1,1
Vijayawada,Vijayawada-Cityinventory,General Psychiatry,1,5450,4905,4905,3,1
Vijayawada,Vijayawada-Cityinventory,General Psychiatry,6,5225,2351,2351,3,3
Vijayawada,Vijayawada-Cityinventory,General Gynecology,1,8360,3449,3449,1,1
Vijayawada,Vijayawada-Cityinventory,General Gynecology,6,6270,2090,2090,1,1
Vijayawada,Vijayawada-Cityinventory,General Alt Medicine,1,3135,2090,2090,1,1
Vijayawada,Vijayawada-Cityinventory,General Alt Medicine,6,3135,2090,2090,1,1
Vijayawada,Vijayawada-Cityinventory,General Pediatrics,1,3135,2090,2090,1,1
Vijayawada,Vijayawada-Cityinventory,General Pediatrics,6,3135,2090,2090,1,1
Vijayawada,Vijayawada-Cityinventory,General Ophthalmology,1,8360,2090,2090,1,1
Vijayawada,Vijayawada-Cityinventory,General Ophthalmology,6,5225,2090,2090,1,1
Vijayawada,Vijayawada-Cityinventory,Orthopaedics,1,6540,8175,8175,4,2
Vijayawada,Vijayawada-Cityinventory,Orthopaedics,6,3135,3919,3919,2,2
Vijayawada,Vijayawada-Cityinventory,Homeopathy,1,3000,2000,2000,1,1
Vijayawada,Vijayawada-Cityinventory,Homeopathy,6,3000,2000,2000,1,1
Vijayawada,Benz Circle,General Dermatology,1,3000,2000,2000,1,1
Vijayawada,Benz Circle,General Dermatology,6,3000,2000,2000,1,1
Vijayawada,Benz Circle,General Dentistry,1,5225,2090,2090,1,1
Vijayawada,Benz Circle,General Dentistry,6,5000,2000,2000,1,1
Vijayawada,Bhavanipuram,General Dentistry,1,5225,2090,2090,1,0
Vijayawada,Bhavanipuram,General Dentistry,6,5000,2000,2000,1,1
Vijayawada,Suryaraopet,General Dermatology,1,3000,3000,3000,2,2
Vijayawada,Suryaraopet,General Dermatology,6,3000,2000,2000,2,2
Vijayawada,Suryaraopet,General Dentistry,1,5225,2613,2613,1,0
Vijayawada,Suryaraopet,General Dentistry,6,5000,2000,2000,1,1
Vijayawada,Suryaraopet,General Gynecology,1,9000,2900,2900,1,1
Vijayawada,Suryaraopet,General Gynecology,6,5000,2000,2000,1,1
Visakhapatnam,Visakhapatnam-Cityinventory,General Dermatology,1,11990,11445,11445,2,0
Visakhapatnam,Visakhapatnam-Cityinventory,General Dermatology,6,9810,5723,5723,2,2
Visakhapatnam,Visakhapatnam-Cityinventory,Neurologist,1,15260,14715,14715,4,2
Visakhapatnam,Visakhapatnam-Cityinventory,Neurologist,6,8360,7054,7054,4,4
Visakhapatnam,Visakhapatnam-Cityinventory,Sexologist,1,8720,2180,2180,1,0
Visakhapatnam,Visakhapatnam-Cityinventory,Sexologist,6,6270,2090,2090,1,1
Visakhapatnam,Visakhapatnam-Cityinventory,Physiotherapist,1,3135,2090,2090,1,1
Visakhapatnam,Visakhapatnam-Cityinventory,Physiotherapist,6,3135,2090,2090,1,1
Visakhapatnam,Visakhapatnam-Cityinventory,Hair Transplant,1,3135,2090,2090,1,1
Visakhapatnam,Visakhapatnam-Cityinventory,Hair Transplant,6,3135,2090,2090,1,1
Visakhapatnam,Visakhapatnam-Cityinventory,Dietitian,1,3135,2090,2090,1,1
Visakhapatnam,Visakhapatnam-Cityinventory,Dietitian,6,3135,2090,2090,1,1
Visakhapatnam,Visakhapatnam-Cityinventory,Endocrinologist,1,5225,2090,2090,1,1
Visakhapatnam,Visakhapatnam-Cityinventory,Endocrinologist,6,3135,2090,2090,1,1
Visakhapatnam,Visakhapatnam-Cityinventory,Gastroenterologist,1,22990,12645,12645,1,1
Visakhapatnam,Visakhapatnam-Cityinventory,Gastroenterologist,6,11495,6322,6322,1,1
Visakhapatnam,Visakhapatnam-Cityinventory,General Physician,1,5450,3270,3270,2,1
Visakhapatnam,Visakhapatnam-Cityinventory,General Physician,6,3270,2180,2180,2,1
Visakhapatnam,Visakhapatnam-Cityinventory,Urologist,1,8360,7838,7838,4,4
Visakhapatnam,Visakhapatnam-Cityinventory,Urologist,6,5225,3919,3919,4,4
Visakhapatnam,Visakhapatnam-Cityinventory,ENT,1,3135,3135,3135,3,3
Visakhapatnam,Visakhapatnam-Cityinventory,ENT,6,3135,2090,2090,3,3
Visakhapatnam,Visakhapatnam-Cityinventory,General Dentistry,1,8720,8175,8175,4,1
Visakhapatnam,Visakhapatnam-Cityinventory,General Dentistry,6,6270,3919,3919,1,0
Visakhapatnam,Visakhapatnam-Cityinventory,Oncologist,1,3135,3135,3135,4,4
Visakhapatnam,Visakhapatnam-Cityinventory,Oncologist,6,3135,2090,2090,4,4
Visakhapatnam,Visakhapatnam-Cityinventory,Cosmetic/Plastic Surgeon,1,22990,14735,14735,1,1
Visakhapatnam,Visakhapatnam-Cityinventory,Cosmetic/Plastic Surgeon,6,17765,7367,7367,1,1
Visakhapatnam,Visakhapatnam-Cityinventory,Pulmonologist,1,5225,4703,4703,2,2
Visakhapatnam,Visakhapatnam-Cityinventory,Pulmonologist,6,3135,2351,2351,2,2
Visakhapatnam,Visakhapatnam-Cityinventory,Cardiologist,1,5225,4703,4703,6,5
Visakhapatnam,Visakhapatnam-Cityinventory,Cardiologist,6,5225,2351,2351,6,6
Visakhapatnam,Visakhapatnam-Cityinventory,Nephrologist,1,3135,3135,3135,3,2
Visakhapatnam,Visakhapatnam-Cityinventory,Nephrologist,6,3135,2090,2090,3,3
Visakhapatnam,Visakhapatnam-Cityinventory,General Surgeon,1,8360,6793,6793,1,1
Visakhapatnam,Visakhapatnam-Cityinventory,General Surgeon,6,5225,3396,3396,1,1
Visakhapatnam,Visakhapatnam-Cityinventory,General Psychiatry,1,6270,6270,6270,3,3
Visakhapatnam,Visakhapatnam-Cityinventory,General Psychiatry,6,5225,3135,3135,3,3
Visakhapatnam,Visakhapatnam-Cityinventory,General Gynecology,1,20900,20378,20378,2,2
Visakhapatnam,Visakhapatnam-Cityinventory,General Gynecology,6,16720,10189,10189,2,2
Visakhapatnam,Visakhapatnam-Cityinventory,General Alt Medicine,1,3135,2090,2090,1,1
Visakhapatnam,Visakhapatnam-Cityinventory,General Alt Medicine,6,3135,2090,2090,1,1
Visakhapatnam,Visakhapatnam-Cityinventory,General Pediatrics,1,3135,3135,3135,1,1
Visakhapatnam,Visakhapatnam-Cityinventory,General Pediatrics,6,3135,2090,2090,1,1
Visakhapatnam,Visakhapatnam-Cityinventory,General Ophthalmology,1,13080,2180,2180,1,0
Visakhapatnam,Visakhapatnam-Cityinventory,General Ophthalmology,6,6270,2090,2090,1,1
Visakhapatnam,Visakhapatnam-Cityinventory,Orthopaedics,1,14630,14108,14108,4,3
Visakhapatnam,Visakhapatnam-Cityinventory,Orthopaedics,6,8360,7054,7054,4,4
Visakhapatnam,Visakhapatnam-Cityinventory,Homeopathy,1,3000,2000,2000,1,1
Visakhapatnam,Visakhapatnam-Cityinventory,Homeopathy,6,3000,2000,2000,1,1
Visakhapatnam,Dwaraka Nagar,General Dentistry,1,5225,4703,4703,1,1
Visakhapatnam,Dwaraka Nagar,General Dentistry,6,5000,2250,2250,1,1
Visakhapatnam,Dwaraka Nagar,General Gynecology,1,5000,4500,4500,5,5
Visakhapatnam,Dwaraka Nagar,General Gynecology,6,5000,2250,2250,5,5
Visakhapatnam,Gajuwaka,General Dermatology,1,8720,2180,2180,1,0
Visakhapatnam,Gajuwaka,General Dermatology,6,6270,2090,2090,1,1
Visakhapatnam,Gajuwaka,Neurologist,1,5225,2090,2090,1,1
Visakhapatnam,Gajuwaka,Neurologist,6,3135,2090,2090,1,1
Visakhapatnam,Gajuwaka,Endocrinologist,1,3000,2000,2000,1,1
Visakhapatnam,Gajuwaka,Endocrinologist,6,3000,2000,2000,1,1
Visakhapatnam,Gajuwaka,Gastroenterologist,1,8360,2090,2090,1,1
Visakhapatnam,Gajuwaka,Gastroenterologist,6,5225,2090,2090,1,1
Visakhapatnam,Gajuwaka,General Physician,1,3270,2180,2180,1,1
Visakhapatnam,Gajuwaka,General Physician,6,3135,2090,2090,1,1
Visakhapatnam,Gajuwaka,Urologist,1,5225,2090,2090,1,1
Visakhapatnam,Gajuwaka,Urologist,6,3135,2090,2090,1,1
Visakhapatnam,Gajuwaka,ENT,1,3135,2090,2090,1,1
Visakhapatnam,Gajuwaka,ENT,6,3135,2090,2090,1,1
Visakhapatnam,Gajuwaka,General Dentistry,1,6270,3344,3344,1,1
Visakhapatnam,Gajuwaka,General Dentistry,6,5225,2090,2090,1,1
Visakhapatnam,Gajuwaka,General Psychiatry,1,3000,2000,2000,1,1
Visakhapatnam,Gajuwaka,General Psychiatry,6,3000,2000,2000,1,1
Visakhapatnam,Gajuwaka,General Gynecology,1,9405,2090,2090,1,1
Visakhapatnam,Gajuwaka,General Gynecology,6,5225,2090,2090,1,1
Visakhapatnam,Gajuwaka,General Pediatrics,1,3135,2090,2090,1,1
Visakhapatnam,Gajuwaka,General Pediatrics,6,3135,2090,2090,1,1
Visakhapatnam,Gajuwaka,General Ophthalmology,1,3000,2000,2000,1,1
Visakhapatnam,Gajuwaka,General Ophthalmology,6,3000,2000,2000,1,1
Visakhapatnam,Gajuwaka,Orthopaedics,1,6000,2000,2000,1,1
Visakhapatnam,Gajuwaka,Orthopaedics,6,3000,2000,2000,1,1
Visakhapatnam,Maharanipeta,General Dentistry,1,5000,2000,2000,1,1
Visakhapatnam,Maharanipeta,General Dentistry,6,5000,2000,2000,1,1
Visakhapatnam,Maharanipeta,Orthopaedics,1,6000,6000,6000,4,4
Visakhapatnam,Maharanipeta,Orthopaedics,6,5000,3000,3000,4,4
Visakhapatnam,MVP,General Dermatology,1,6270,6270,6270,1,0
Visakhapatnam,MVP,General Dermatology,6,5000,3000,3000,3,3
Visakhapatnam,MVP,Neurologist,1,3000,3000,3000,6,6
Visakhapatnam,MVP,Neurologist,6,3000,2000,2000,6,6
Visakhapatnam,MVP,Gastroenterologist,1,5000,4500,4500,1,1
Visakhapatnam,MVP,Gastroenterologist,6,3000,2250,2250,1,1
Visakhapatnam,MVP,General Physician,1,3270,2943,2943,1,1
Visakhapatnam,MVP,General Physician,6,3135,2090,2090,1,1
Visakhapatnam,MVP,Urologist,1,5000,4500,4500,2,2
Visakhapatnam,MVP,Urologist,6,5000,2250,2250,2,2
Visakhapatnam,MVP,ENT,1,3000,3000,3000,1,1
Visakhapatnam,MVP,ENT,6,3000,2000,2000,1,1
Visakhapatnam,MVP,General Dentistry,1,8360,2090,2090,1,0
Visakhapatnam,MVP,General Dentistry,6,6000,2000,2000,1,1
Visakhapatnam,MVP,Cosmetic/Plastic Surgeon,1,6000,6000,6000,2,2
Visakhapatnam,MVP,Cosmetic/Plastic Surgeon,6,5000,3000,3000,2,2
Visakhapatnam,MVP,General Gynecology,1,9405,4807,4807,1,1
Visakhapatnam,MVP,General Gynecology,6,5225,2404,2404,1,1
Visakhapatnam,MVP,Orthopaedics,1,3000,3000,3000,2,2
Visakhapatnam,MVP,Orthopaedics,6,3000,2000,2000,2,2
Vizianagaram,Vizianagaram-Cityinventory,General Physician,1,3000,2000,2000,1,1
Vizianagaram,Vizianagaram-Cityinventory,General Physician,6,3000,2000,2000,1,1
Warangal,Warangal-Cityinventory,Gastroenterologist,1,3000,2000,2000,1,1
Warangal,Warangal-Cityinventory,Gastroenterologist,6,3000,2000,2000,1,1
Warangal,Warangal-Cityinventory,General Physician,1,3135,2090,2090,1,1
Warangal,Warangal-Cityinventory,General Physician,6,3135,2090,2090,1,1
Warangal,Warangal-Cityinventory,ENT,1,0,2000,2000,1,1
Warangal,Warangal-Cityinventory,ENT,6,0,2000,2000,1,1
Warangal,Warangal-Cityinventory,General Dentistry,1,3000,2000,2000,1,1
Warangal,Warangal-Cityinventory,General Dentistry,6,3000,2000,2000,1,1
Warangal,Warangal-Cityinventory,General Gynecology,1,3135,2090,2090,1,1
Warangal,Warangal-Cityinventory,General Gynecology,6,3000,2000,2000,1,1
Warangal,Warangal,General Physician,1,3135,2090,2090,1,1
Warangal,Warangal,General Physician,6,3135,2090,2090,1,1
Warangal,Warangal,ENT,6,3000,2000,2000,1,1
Warangal,Warangal,General Dentistry,1,3135,2090,2090,1,1
Warangal,Warangal,General Dentistry,6,3135,2090,2090,1,1
Warangal,Warangal,General Gynecology,1,3135,2090,2090,1,1
Warangal,Warangal,General Gynecology,6,3135,2090,2090,1,1
West Tripura,West Tripura-Cityinventory,General Physician,1,3000,2000,2000,1,1
West Tripura,West Tripura-Cityinventory,General Physician,6,3000,2000,2000,1,1
Yamunanagar,Yamunanagar-Cityinventory,General Dermatology,1,3000,2000,2000,1,1
Yamunanagar,Yamunanagar-Cityinventory,General Dermatology,6,3000,2000,2000,1,1
Yamunanagar,Yamunanagar-Cityinventory,Gastroenterologist,1,3135,2090,2090,1,1
Yamunanagar,Yamunanagar-Cityinventory,Gastroenterologist,6,3135,2090,2090,1,1
Yamunanagar,Yamunanagar-Cityinventory,General Physician,1,3135,2090,2090,1,1
Yamunanagar,Yamunanagar-Cityinventory,General Physician,6,3135,2090,2090,1,1
Yamunanagar,Yamunanagar-Cityinventory,General Gynecology,1,3000,2000,2000,1,1
Yamunanagar,Yamunanagar-Cityinventory,General Gynecology,6,3000,2000,2000,1,1
Yavatmal,Yavatmal-Cityinventory,General Physician,1,3000,2000,2000,1,1
Yavatmal,Yavatmal-Cityinventory,General Physician,6,3000,2000,2000,1,1